source,barcode,name,name_ar,name_en,generic_name,brand,brand_slug,quantity,quantity_value,quantity_unit,categories,image_url,lang,stores
food,6223001360049,"Aquafina Natural Water",,"Aquafina Natural Water",,Aquafina,Aquafina,600ml,600,ml,en:beverages-and-beverages-preparations|en:beverages|en:waters|en:spring-waters,https://images.openfoodfacts.org/images/products/622/300/136/0049/front_fr.3.400.jpg,fr,
food,6223001930549,"Pure life water",,"Pure life water",,Nestlé,nestle,600ml,600,ml,en:beverages-and-beverages-preparations|en:beverages|en:waters|en:spring-waters|en:mineral-waters,https://images.openfoodfacts.org/images/products/622/300/193/0549/front_en.6.400.jpg,en,
food,6223001930501,"Nestle Pure Life",.,"Nestle Pure Life",,Nestlé,nestle,1.5L,1500,ml,en:beverages-and-beverages-preparations|en:beverages|en:waters,https://images.openfoodfacts.org/images/products/622/300/193/0501/front_en.6.400.jpg,en,
food,6223001360056,"Aquafina Natural Water",,,,,,1.5L,1500,ml,en:beverages-and-beverages-preparations|en:beverages|en:waters|en:unsweetened-beverages,https://images.openfoodfacts.org/images/products/622/300/136/0056/front_fr.3.400.jpg,fr,
food,0071737995013,Cigarets,,Cigarets,,"Captain black","Captain black",1,0,,,https://images.openfoodfacts.org/images/products/007/173/799/5013/front_en.3.400.jpg,en,
food,6224008526162,"Natural drinking water",,"Natural drinking water",,"Aqua Delta","Aqua Delta","600 ml",600,ml,en:beverages-and-beverages-preparations|en:beverages|en:waters|en:spring-waters|en:mineral-waters|en:natural-mineral-waters,https://images.openfoodfacts.org/images/products/622/400/852/6162/front_en.3.400.jpg,en,
food,6225000378834,,,,,,,,,,en:beverages-and-beverages-preparations|en:beverages|en:waters,https://images.openfoodfacts.org/images/products/622/500/037/8834/front_en.3.400.jpg,en,
food,6221333001920,,دوريتوس,,,,,,,,en:snacks,,en,
food,6223001366041,"Pepsi cola",,"Pepsi cola",,"Pepsi-Cola, PepsiCo",Pepsi-Cola|PepsiCo,"2.43 liter",2430,ml,en:beverages-and-beverages-preparations|en:beverages|en:carbonated-drinks|en:sodas|en:colas,https://images.openfoodfacts.org/images/products/622/300/136/6041/front_en.3.400.jpg,en,
food,6222024104920,Hobnobs,,Hobnobs,,McVities,McVities,,,,en:snacks|en:sweet-snacks|en:biscuits-and-cakes|en:biscuits-and-crackers|en:biscuits,,en,
food,6223003803827,"Golden Oat",,,,McVitie's,mcvitie-s,,,,en:snacks|en:sweet-snacks|en:biscuits-and-cakes|en:biscuits-and-crackers|en:biscuits|en:oatmeal-biscuits,https://images.openfoodfacts.org/images/products/622/300/380/3827/front_fr.3.400.jpg,fr,
food,6221033101289,Ketchup,,,,Heinz,heinz,285g,285,g,en:plant-based-foods-and-beverages|en:plant-based-foods|en:fruits-and-vegetables-based-foods|en:vegetable-based-foods-and-beverages|en:condiments|en:vegetables-based-foods|en:tomatoes-and-their-products|en:sauces|en:tomato-sauces|en:ketchup,https://images.openfoodfacts.org/images/products/622/103/310/1289/front_fr.5.400.jpg,fr,
food,6224001105005,"Full cream milk","لمار لتر","Full cream milk",,Lamar,Lamar,"1 liter",1000,ml,en:dairies|en:milks-liquid-and-powder|en:milks|en:whole-milks,https://images.openfoodfacts.org/images/products/622/400/110/5005/front_en.7.400.jpg,en,
food,6222014336188,"Juhayna Apple Juice 1 Liter",,,,,,,,,en:beverages-and-beverages-preparations|en:plant-based-foods-and-beverages|en:beverages|en:fruit-based-foods-and-beverages|en:plant-based-beverages|en:fruit-based-beverages|en:juices-and-nectars|en:fruit-juices|en:unsweetened-beverages|en:apple-juices,https://images.openfoodfacts.org/images/products/622/201/433/6188/front_fr.3.400.jpg,fr,
food,6223003192020,"Whole wheat sugar-free toast",,"Whole wheat sugar-free toast",,"Rich bake","Rich bake",500g,500,g,en:plant-based-foods-and-beverages|en:plant-based-foods|en:cereals-and-potatoes|en:cereals-and-their-products|en:breads|en:toasts,https://images.openfoodfacts.org/images/products/622/300/319/2020/front_en.36.400.jpg,en,
food,6223001872924,"Natural Yoghurt",,"Natural Yoghurt",,Almarai,Almarai,,,,"en:dairies|en:fermented-foods|en:fermented-milk-products|en:desserts|en:dairy-desserts|en:fermented-dairy-desserts|en:yogurts|en:زبادي المراعي",,en,
food,6224003311121,"Twist energy drink coconut berry",,"Twist energy drink coconut berry",,Twist,twist,,,,,https://images.openfoodfacts.org/images/products/622/400/331/1121/front_en.3.400.jpg,en,
food,5449000098504,"Somali Dasani Water",,,,,,,,,en:beverages-and-beverages-preparations|en:beverages|en:waters,https://images.openfoodfacts.org/images/products/544/900/009/8504/front_fr.3.400.jpg,fr,
food,6223000350065,"Juhayna full cream milk",,"Juhayna full cream milk",,Juhayna,Juhayna,1L,1000,ml,en:dairies|en:milks-liquid-and-powder|en:milks|en:whole-milks,https://images.openfoodfacts.org/images/products/622/300/035/0065/front_en.14.400.jpg,en,
food,6223000083758,BIRELL,,BIRELL,,Birell,Birell,,,,en:beverages-and-beverages-preparations|en:beverages|en:alcoholic-beverages|en:beers,https://images.openfoodfacts.org/images/products/622/300/008/3758/front_en.3.400.jpg,en,
food,4403257146723,,,,,,,,,,,,ar,
food,6222019602905,omeagrx,omeagrx,,,,,2,,,,https://images.openfoodfacts.org/images/products/622/201/960/2905/front_ar.4.400.jpg,ar,
food,6223000756218,"جبنة فيتا",,,,,,,,,en:dairies|en:fermented-foods|en:fermented-milk-products|en:cheeses,https://images.openfoodfacts.org/images/products/622/300/075/6218/front_fr.3.400.jpg,fr,
food,6221033177239,Mayonnaise,,Mayonnaise,,Heinz,heinz,285g,285,g,en:condiments|en:sauces|en:mayonnaises,https://images.openfoodfacts.org/images/products/622/103/317/7239/front_en.4.400.jpg,en,
food,6223000717431,Tuna,,Tuna,,SUNSHINE,SUNSHINE,"185 جرام",185,g,en:hdh|en:طعام,https://images.openfoodfacts.org/images/products/622/300/071/7431/front_ar.12.400.jpg,ar,
food,6221073011180,"Milk chocolate stevia no sugar added",,"Milk chocolate stevia no sugar added",,Corona,Corona,"250 gm",250,g,en:snacks|en:sweet-snacks|en:cocoa-and-its-products|en:confectioneries|en:chocolate-candies|en:bars|en:chocolates|en:chocolates-with-sweeteners|en:milk-chocolates|en:candy-chocolate-bars|en:milk-chocolates-with-sweeteners,https://images.openfoodfacts.org/images/products/622/107/301/1180/front_en.4.400.jpg,en,
food,6223001366355,ببسي,,ببسي,,PEPSİ,PEPSİ,1:5,0,,"en:سكر غاز",https://images.openfoodfacts.org/images/products/622/300/136/6355/front_en.6.400.jpg,en,penny
food,6223007290913,"Bran Tortilla",,"Bran Tortilla",,"Damfi Breadway Selections","Damfi Breadway Selections",,,,,,en,
food,6223006052161,"Light Mayo",,"Light Mayo",,ADD-ME,ADD-ME,,,,en:condiments|en:sauces|en:mayonnaises,,en,
food,6223001367130,7up,,7up,,7up,7up,,,,en:beverages-and-beverages-preparations|en:beverages|en:non-alcoholic-beverages|en:carbonated-drinks|en:soft-drinks|en:sodas,https://images.openfoodfacts.org/images/products/622/300/136/7130/front_en.3.400.jpg,en,
food,6223007520331,"Full Fat Natural Yogurt",,"Full Fat Natural Yogurt",,Almarai,Almarai,,,,,,en,
food,6223001366751,,,,,,,,,,,,ar,
food,2987027189285,Dhbukk,,Dhbukk,Fettarm,"Fettarm, Fettarm unppar","Fettarm|Fettarm unppar","30 Capsule",,,en:dietary-supplements,https://images.openfoodfacts.org/images/products/298/702/718/9285/front_en.32.400.jpg,en,"fettarm.net, unppar.com"
food,5285000395140,"Indomie SuperMi","Indomie SuperMi",,,indomie,indomie,"120 g",120,g,en:plant-based-foods-and-beverages|en:plant-based-foods|en:cereals-and-potatoes|en:cereals-and-their-products|en:dried-products|en:dried-products-to-be-rehydrated|en:pastas|en:noodles|en:instant-noodles,https://images.openfoodfacts.org/images/products/528/500/039/5140/front_en.5.400.jpg,ar,
food,6223000350003,"Juhayna milk 🥛",,"Juhayna milk 🥛",,,,,,,,https://images.openfoodfacts.org/images/products/622/300/035/0003/front_en.6.400.jpg,en,
food,6223001878018,"المراعي كامل الدسم",,"المراعي كامل الدسم",,المراعي,المراعي,"1.5 L",1500,ml,en:dairies|en:milks-liquid-and-powder|en:milks,https://images.openfoodfacts.org/images/products/622/300/187/8018/front_en.5.400.jpg,en,
food,6223001360186,"Diet Pepsi",,"Diet Pepsi",,Pepsi,Pepsi,320ml,320,ml,,https://images.openfoodfacts.org/images/products/622/300/136/0186/front_ar.9.400.jpg,ar,
food,6363367732439,"Harva German capsules natural Weight Loss support 400 ml 30 Capsule",,"Harva German capsules natural Weight Loss support 400 ml 30 Capsule","Harva German capsules",Harva,Harva,"30 Capsule",,,en:dietary-supplements,https://images.openfoodfacts.org/images/products/636/336/773/2439/front_en.25.400.jpg,en,"fettarm.net, harva.net, unppar.com"
food,6221033173217,"HEINZ yellow mustard",نبني,Mustard,,Heinz,heinz,,,,en:condiments|en:sauces|en:mustards|en:yellow-mustards,https://images.openfoodfacts.org/images/products/622/103/317/3217/front_fr.24.400.jpg,fr,
food,6223003804602,Digestive,,,,"Mc vities","Mc vities",400g,400,g,en:snacks|en:sweet-snacks|en:biscuits-and-cakes|en:biscuits-and-crackers|en:biscuits,https://images.openfoodfacts.org/images/products/622/300/380/4602/front_fr.7.400.jpg,fr,
food,6223000762042,"El Bawadi MOLASSES","El Bawadi MOLASSES","El Bawadi Molasses",,,,,,,en:sweeteners|en:syrups|en:simple-syrups,https://images.openfoodfacts.org/images/products/622/300/076/2042/front_en.3.400.jpg,ar,
food,6222014351396,Zabado,Zabado,,,juhayna,juhayna,440gm,440,g,"en:beverages-and-beverages-preparations|en:beverages|en:dairies|en:fermented-foods|en:fermented-milk-products|en:desserts|en:dairy-desserts|en:dairy-drinks|en:fermented-dairy-desserts|en:fermented-drinks|en:fermented-milk-drinks|en:yogurts|en:yogurt-drinks|en:Drinking yogurt",https://images.openfoodfacts.org/images/products/622/201/435/1396/front_en.4.400.jpg,ar,
food,6221030003753,"Bisk light",,,,,,,,,,https://images.openfoodfacts.org/images/products/622/103/000/3753/front_fr.3.400.jpg,fr,
food,6221075051207,,,,,,,,,,,https://images.openfoodfacts.org/images/products/622/107/505/1207/front_ar.6.400.jpg,en,
food,6223000270202,"Instant coffee",,"Instant coffee",,"Misr Café","Misr Café",100gm,100,g,en:beverages-and-beverages-preparations|en:plant-based-foods-and-beverages|en:plant-based-foods|en:beverage-preparations|en:coffees|en:instant-beverages|en:instant-coffees,https://images.openfoodfacts.org/images/products/622/300/027/0202/front_en.4.400.jpg,en,
food,6224000147143,"جبنه فيتا","جبنه فيتا",,"جبن فيتا نباتى الدهن عالى الدسم","Obour land, عبور لاند","Obour land|عبور لاند",250,0,,en:dairies|en:fermented-foods|en:fermented-milk-products|en:cheeses,https://images.openfoodfacts.org/images/products/622/400/014/7143/front_ar.17.400.jpg,ar,
food,6222014352416,"جهينة رايب",,"جهينة رايب",,,,,,,,https://images.openfoodfacts.org/images/products/622/201/435/2416/front_en.5.400.jpg,en,
food,6223000710067,تونه,تونه,,,جنيه,جنيه,1,0,,,,ar,
food,6223000718919,,,,,,,,,,,,en,
food,6223007652261,منديل,منديل,,,,,,,,,https://images.openfoodfacts.org/images/products/622/300/765/2261/front_ar.3.400.jpg,ar,
food,6221073008043,"Oat Biscuits",,,,Bimbo,Bimbo,,,,en:snacks|en:sweet-snacks|en:biscuits-and-cakes|en:biscuits-and-crackers|en:biscuits,,fr,
food,6224011241366,Cola,,Cola,,V7,V7,,,,ar:e,https://images.openfoodfacts.org/images/products/622/401/124/1366/front_en.9.400.jpg,en,
food,6224007250471,,,,,,,"700 g",700,g,,https://images.openfoodfacts.org/images/products/622/400/725/0471/front_en.3.400.jpg,en,
food,5449000294975,,,,,"The Coca-Cola company","The Coca-Cola company",,,,en:beverages-and-beverages-preparations|en:beverages|en:non-alcoholic-beverages|en:carbonated-drinks|en:soft-drinks|en:sodas,,tr,
food,6223000680391,"Oat rice cakes",,"Oat rice cakes",,,,,,,en:plant-based-foods-and-beverages|en:plant-based-foods|en:cereals-and-potatoes|en:cereals-and-their-products|en:puffed-cereal-cakes|en:puffed-rice-cakes,,en,
food,6223001877202,"المراعي مكس فراولة",,"المراعي مكس فراولة",,,,,,,,https://images.openfoodfacts.org/images/products/622/300/187/7202/front_en.4.400.jpg,en,
food,7622201702793,"Trident mixed berries flavorمەیسەر",,"Trident mixed berries flavorمەیسەر",,Trident,Trident,"8 g",8,g,en:snacks|en:sweet-snacks|en:confectioneries|en:chewing-gum|en:sugar-free-chewing-gum,https://images.openfoodfacts.org/images/products/762/220/170/2793/front_en.12.400.jpg,en,
food,6222014352195,"Greek Yogurt 2% Fat",,"Greek Yogurt 2% Fat",,Juhayna,Juhayna,,,,en:dairies|en:fermented-foods|en:fermented-milk-products|en:desserts|en:dairy-desserts|en:fermented-dairy-desserts|en:yogurts,,en,
food,6223001030003,"Baking powder",,"Baking powder",,,,16g,16,g,en:cooking-helpers,https://images.openfoodfacts.org/images/products/622/300/103/0003/front_en.4.400.jpg,en,
food,6224008603559,"Sardines in vegetable oil",,,,,,"125 g",125,g,en:seafood|en:fishes-and-their-products|en:canned-foods|en:fishes|en:fatty-fishes|en:canned-fishes|en:sardines|en:canned-sardines|en:sardines-in-oil,https://images.openfoodfacts.org/images/products/622/400/860/3559/front_fr.3.400.jpg,fr,
food,6221031490699,Lays,,Lays,,"chipsy شيبسي","chipsy شيبسي",,,,en:plant-based-foods-and-beverages|en:plant-based-foods|en:snacks|en:cereals-and-potatoes|en:salty-snacks|en:appetizers|en:chips-and-fries|en:potatoes-and-their-products|en:crisps|en:salty-snacks-made-from-potato|en:potato-crisps,,en,
food,6222020803841,كرنفاليتا,,كرنفاليتا,,Nestlé,nestle,,,,,https://images.openfoodfacts.org/images/products/622/202/080/3841/front_en.3.400.jpg,en,
food,6222001100570,"Vanilla Wafers",,"Vanilla Wafers",,Bisco,Bisco,,,,en:snacks|en:sweet-snacks|en:biscuits-and-cakes|en:biscuits-and-crackers|en:biscuits,,en,
food,6222014310898,"Juhayna mix Strawberry milk","Mix juhayna",,,,,200ml,200,ml,,https://images.openfoodfacts.org/images/products/622/201/431/0898/front_fr.10.400.jpg,fr,
food,6223002389636,"Hipro cookies& cream",,"Cookies And Cream, Concentrated Yogurt, Drink",,"Dan GoPro Hipro","Dan GoPro Hipro",260ml,260,ml,en:dairies|en:fermented-foods|en:fermented-milk-products|en:desserts|en:dairy-desserts|en:fermented-dairy-desserts|en:yogurts,https://images.openfoodfacts.org/images/products/622/300/238/9636/front_en.9.400.jpg,fr,
food,6222035228233,"Tiger Excellence Balsamic Vinegar And Sea Salt",,"Tiger Excellence Balsamic Vinegar And Sea Salt",,Tiger,Tiger,,,,en:snacks|en:salty-snacks|en:appetizers|en:chips-and-fries|en:crisps,,ar,
food,6222035227533,"sweet cheese",,"sweet cheese",,balance,balance,,,,en:dairies|en:fermented-foods|en:fermented-milk-products|en:cheeses,,en,
food,6222014300127,"Heavy Whipping Cream",,"Heavy Whipping Cream",,Juhayna,Juhayna,,,,en:dairies|en:creams,https://images.openfoodfacts.org/images/products/622/201/430/0127/front_en.15.400.jpg,en,
food,6223000758571,"Creamy Cheese Sandwich with Roumy Cheese",,"Creamy Cheese Sandwich with Roumy Cheese",,Domty,domty,,,,,https://images.openfoodfacts.org/images/products/622/300/075/8571/front_en.8.400.jpg,en,
food,6222035232421,"Tiger Chips",تايجر,"Tiger Chips",,Tiger,Tiger,"58-68 g",68,g,en:Chips|en:Fried-potato-chips,https://images.openfoodfacts.org/images/products/622/203/523/2421/front_en.6.400.jpg,en,
food,6221031003745,"Crucnhy Chips Sweet Pepper",,"Crucnhy Chips Sweet Pepper",,Crunchy,Crunchy,,,,en:snacks|en:salty-snacks|en:appetizers|en:chips-and-fries|en:crisps,,en,
food,6224010623729,"Cream Cheese",,"Cream Cheese",,Yopolis,Yopolis,,,,,https://images.openfoodfacts.org/images/products/622/401/062/3729/front_en.3.400.jpg,en,
food,6222018201321,,,,,,,,,,en:plant-based-foods-and-beverages|en:plant-based-foods|en:fats|en:vegetable-fats|en:olive-tree-products|en:vegetable-oils|en:olive-oils,https://images.openfoodfacts.org/images/products/622/201/820/1321/front_en.3.400.jpg,en,
food,7622300876760,Original,,Original,,Tuc,tuc,,,,en:snacks|en:sweet-snacks|en:biscuits-and-cakes|en:biscuits-and-crackers|en:biscuits,https://images.openfoodfacts.org/images/products/762/230/087/6760/front_en.6.400.jpg,en,
food,6222024104524,"Date Biscuits",,,,Ulker,Ulker,,,,en:snacks|en:sweet-snacks|en:biscuits-and-cakes|en:biscuits-and-crackers|en:biscuits,https://images.openfoodfacts.org/images/products/622/202/410/4524/front_fr.3.400.jpg,fr,
food,6224008526506,"Maxi Cola",,"Maxi Cola","Carbonated Cola Flavored Soft Drink","Maxi, Maxi Cola","Maxi|Maxi Cola","يتوفر بأحجام مختلفة، منها: 400 مل، 1 لتر",1000,ml,"en:beverages-and-beverages-preparations|en:beverages|en:non-alcoholic-beverages|en:carbonated-drinks|en:soft-drinks|en:sodas|en:colas|ar:كولا|ar:مشروبات غازية،|ar:مشروبات محلاة،",https://images.openfoodfacts.org/images/products/622/400/852/6506/front_en.4.400.jpg,en,مصر
food,6221033001275,Mustard,,Mustard,,Heinz,heinz,125g,125,g,en:condiments|en:sauces|en:mustards,https://images.openfoodfacts.org/images/products/622/103/300/1275/front_en.7.400.jpg,en,
food,6223000276549,,,,,,,,,,en:beverages-and-beverages-preparations|en:plant-based-foods-and-beverages|en:beverages|en:plant-based-foods|en:hot-beverages|en:beverage-preparations|en:coffees|en:capsules|en:coffee-capsules,https://images.openfoodfacts.org/images/products/622/300/027/6549/front_en.3.400.jpg,en,
food,6224008857136,"ايس كريم فرايدي",,"ايس كريم فرايدي",,Friday,Friday,,,,,https://images.openfoodfacts.org/images/products/622/400/885/7136/front_en.6.400.jpg,en,
food,7622202015915,,,,,,,,,,,https://images.openfoodfacts.org/images/products/762/220/201/5915/front_en.5.400.jpg,en,
food,6221333002767,,,,,,,,,,,https://images.openfoodfacts.org/images/products/622/133/300/2767/front_en.3.400.jpg,en,
food,8410175046192,,,,,,,,,,,,ar,
food,6221031490125,"Abdulltiks jjjj",,"Abdulltiks jjjj",,,,,,,,https://images.openfoodfacts.org/images/products/622/103/149/0125/front_en.8.400.jpg,en,
food,6223001874294,"Full Cream Milk",,"Full Cream Milk",,Almarai,Almarai,,,,en:dairies|en:milks-liquid-and-powder|en:milks|en:whole-milks,https://images.openfoodfacts.org/images/products/622/300/187/4294/front_en.9.400.jpg,en,
food,6223001030508,Salt,,Salt,,"Tag elmelouk","Tag elmelouk","700 g",700,g,"en:condiments|en:salts|en:Refined white salt",https://images.openfoodfacts.org/images/products/622/300/103/0508/front_en.17.400.jpg,en,
food,6223000411001,windows,,windows,,,,,,,en:chips-and-fries,,en,
food,6223000430026,"Whole wheat toast bread",,"Brown Whole Wheat Toast",,"Rich Bake","Rich Bake",,,,"en:plant-based-foods-and-beverages|en:plant-based-foods|en:cereals-and-potatoes|en:cereals-and-their-products|en:breads|en:toasts|en:home-made-toasted-breads|en:whole wheat toast",https://images.openfoodfacts.org/images/products/622/300/043/0026/front_fr.3.400.jpg,fr,
food,6221031490132,Chips,,,,Pepsi,Pepsi,,,,en:snacks|en:salty-snacks|en:appetizers|en:chips-and-fries|en:crisps,https://images.openfoodfacts.org/images/products/622/103/149/0132/front_fr.3.400.jpg,fr,
food,90162602,"Red Bull Energy Drink",,"Red Bull Energy Drink","Energy Drink","Red Bull","Red Bull","250 ml",250,ml,"en:beverages-and-beverages-preparations|en:beverages|en:carbonated-drinks|en:sodas|en:energy-drinks|en:sweetened-beverages|en:Carbonated Sodas",https://images.openfoodfacts.org/images/products/000/009/016/2602/front_en.134.400.jpg,en,"Asda, Kmart, Liquorland, Tesco"
food,6223000410912,,,,,,,,,,,https://images.openfoodfacts.org/images/products/622/300/041/0912/front_en.4.400.jpg,en,
food,6223000495124,MAGNUM,,MAGNUM,,MOLTO,MOLTO,100,,,en:desserts|en:frozen-foods|en:frozen-desserts|en:ice-creams-and-sorbets|en:ice-creams,https://images.openfoodfacts.org/images/products/622/300/049/5124/front_en.8.400.jpg,en,edita
food,6224000432003,"Fresh Milk Full Cream",,"Fresh Milk Full Cream",,"Dina Farms","Dina Farms",,,,,https://images.openfoodfacts.org/images/products/622/400/043/2003/front_en.8.400.jpg,en,
food,6223000082201,"Fayrouz pineapple carbonated beverage",,"Fayrouz pineapple carbonated beverage",,Fayrouz,Fayrouz,330ml,330,ml,en:beverages-and-beverages-preparations|en:beverages|en:waters|en:Softdrink,https://images.openfoodfacts.org/images/products/622/300/008/2201/front_en.6.400.jpg,en,
food,6223000352656,Zabadou,,Zabadou,"Zabadou peach",Juhayna,Juhayna,"440 g",440,g,en:beverages-and-beverages-preparations|en:beverages|en:dairies|en:fermented-foods|en:fermented-milk-products|en:desserts|en:dairy-desserts|en:dairy-drinks|en:fermented-dairy-desserts|en:fermented-drinks|en:fermented-milk-drinks|en:yogurts|en:yogurt-drinks,https://images.openfoodfacts.org/images/products/622/300/035/2656/front_en.21.400.jpg,en,"Metro, On The Run, Oscar, Royal House"
food,6223001930594,"Pure life",,,,Nestlé,nestle,,,,,https://images.openfoodfacts.org/images/products/622/300/193/0594/front_fr.3.400.jpg,fr,
food,6222002300153,"شاي العروسه","شاي العروسه",,,السركه,السركه,1,0,,en:beverages-and-beverages-preparations|en:plant-based-foods-and-beverages|en:beverages|en:hot-beverages|en:plant-based-beverages|en:teas,https://images.openfoodfacts.org/images/products/622/200/230/0153/front_ar.3.400.jpg,ar,
food,6224010433021,"Texas burger sauce",,"Texas Burger Sauce",,"Good France","Good France",,,,,https://images.openfoodfacts.org/images/products/622/401/043/3021/front_fr.3.400.jpg,fr,
food,6223001930044,ماء,,,,تلةنم,تلةنم,‏٢لتر,0,ml,en:beverages-and-beverages-preparations|en:beverages|en:waters,https://images.openfoodfacts.org/images/products/622/300/193/0044/front_xx.11.400.jpg,xx,
food,6772504392632,"Coffee Mix",,"Coffee Mix",,Bonjorno,Bonjorno,6g,6,g,en:beverages-and-beverages-preparations|en:plant-based-foods-and-beverages|en:beverages|en:plant-based-foods|en:beverage-preparations|en:coffees|en:instant-beverages|en:instant-coffees|en:instant-powder-for-coffee-with-milk,https://images.openfoodfacts.org/images/products/677/250/439/2632/front_en.3.400.jpg,en,"Oscar, Royal House"
food,6225000332928,"Nestle sparking water",,"Nestle sparking water",,,,240ml,240,,,https://images.openfoodfacts.org/images/products/622/500/033/2928/front_en.8.400.jpg,en,
food,6224009372249,,,,,,,,,,en:snacks|en:sweet-snacks|en:biscuits-and-cakes|en:biscuits-and-crackers|en:biscuits,,en,
food,6221031001222,,,,,,,,,,,https://images.openfoodfacts.org/images/products/622/103/100/1222/front_ar.3.400.jpg,ar,
food,6223000498309,"Fresca Waffer Biscuits Covered With Chocolate",,"Fresca Waffer Biscuits Covered With Chocolate",,Edita,edita,"35 g",35,g,en:snacks|en:sweet-snacks|en:biscuits-and-cakes|en:biscuits-and-crackers|en:biscuits|en:wafers,https://images.openfoodfacts.org/images/products/622/300/049/8309/front_en.18.400.jpg,en,
food,6223001360506,orange,,orange,,Mirinda,Mirinda,330ml,330,,en:beverages-and-beverages-preparations|en:beverages|en:snacks|en:sweet-snacks|en:confectioneries|en:non-alcoholic-beverages|en:carbonated-drinks|en:soft-drinks|en:sodas|en:candies|en:sweetened-beverages,https://images.openfoodfacts.org/images/products/622/300/136/0506/front_en.16.400.jpg,en,"oscar, royal house"
food,6224007250020,ملح,ملح,,,نور,نور,dfs,0,,en:condiments|en:salts|en:sea-salts,https://images.openfoodfacts.org/images/products/622/400/725/0020/front_ar.8.400.jpg,ar,b
food,6223007300223,,,,,,,,,,,https://images.openfoodfacts.org/images/products/622/300/730/0223/front_ar.4.400.jpg,ar,
food,6223007290012,Damfi,,Damfi,,,,,,,,https://images.openfoodfacts.org/images/products/622/300/729/0012/front_en.5.400.jpg,en,
food,6221024992513,"Peanut Butter",,,,Hero,Hero,,,,en:plant-based-foods-and-beverages|en:plant-based-foods|en:legumes-and-their-products|en:spreads|en:plant-based-spreads|en:oilseed-purees|en:legume-butters|en:peanut-butters,https://images.openfoodfacts.org/images/products/622/102/499/2513/front_fr.3.400.jpg,fr,
food,7622210077660,"Dairy milk Bubbly","Dairy milk Bubbly","dairy milk bubbly",,cadbyry,cadbyry,28g,28,g,en:dairies|en:milks-liquid-and-powder|en:milks,https://images.openfoodfacts.org/images/products/762/221/007/7660/front_ar.9.400.jpg,ar,
food,5449000266248,Sprite,,Sprite,,,,,,,,https://images.openfoodfacts.org/images/products/544/900/026/6248/front_en.3.400.jpg,en,
food,6222014352553,,,,,,,,,,,https://images.openfoodfacts.org/images/products/622/201/435/2553/front_en.3.400.jpg,en,
food,6223000719206,"Granola original shofan",,"Granola original shofan",,,,,,,,,en,
food,6221033000957,HEINZ,HEINZ,,,Heinz,heinz,"11 gram",11,g,,https://images.openfoodfacts.org/images/products/622/103/300/0957/front_ar.6.400.jpg,ar,
food,6223001366256,"Pepsi Extra Fizz",,"Pepsi Extra Fizz",,Pepsi,Pepsi,"1 L",1000,ml,en:beverages-and-beverages-preparations|en:beverages|en:non-alcoholic-beverages|en:carbonated-drinks|en:soft-drinks|en:sodas,https://images.openfoodfacts.org/images/products/622/300/136/6256/front_en.3.400.jpg,en,
food,6223001878643,"Yo Go Strawberry Yogurt Drink",,"Yo Go Strawberry Yogurt Drink",,Almarai,Almarai,,,,,https://images.openfoodfacts.org/images/products/622/300/187/8643/front_en.4.400.jpg,en,
food,6221073008012,"Oat biscuits",,"Oat biscuits",,Bimbo,Bimbo,,,,en:snacks|en:sweet-snacks|en:biscuits-and-cakes|en:biscuits-and-crackers|en:biscuits|en:Food,https://images.openfoodfacts.org/images/products/622/107/300/8012/front_en.5.400.jpg,en,
food,6221073011760,"Dark chocolate",,"Dark chocolate",,Corona,Corona,,,,en:snacks|en:sweet-snacks|en:cocoa-and-its-products|en:chocolates|en:dark-chocolates|en:dark-chocolate-bar,https://images.openfoodfacts.org/images/products/622/107/301/1760/front_en.4.400.jpg,en,
food,6222014336171,"Cocktails Premium Quality",,"Cocktails Premium Quality","Juhayna cocktail 1L",Juhayna,Juhayna,"1 L",1000,ml,en:beverages-and-beverages-preparations|en:beverages|en:Cocktail|en:Juice,https://images.openfoodfacts.org/images/products/622/201/433/6171/front_en.19.400.jpg,en,"Metro, Oscar, Royal House"
food,6223000756645,Fromage,,Fromage,,,,,,,,https://images.openfoodfacts.org/images/products/622/300/075/6645/front_en.12.400.jpg,en,
food,6224000036027,"TEAMA TRIANGLE CHEESE 8 PORTIONS 120G","TEAMA TRIANGLE CHEESE 8 PORTIONS 120G","TEAMA TRIANGLE CHEESE 8 PORTIONS 120G","PROCESSED CHEESE SPREAD INCLUDING VEGETABLE FAT-",Teama,Teama,"120 g",120,g,en:dairies|en:fermented-foods|en:fermented-milk-products|en:cheeses|en:cheese-preparations|en:processed-cheeses,https://images.openfoodfacts.org/images/products/622/400/003/6027/front_en.13.400.jpg,en,
food,6224000432195,"حليب بالشوكولاته مزارع دينا",,"حليب بالشوكولاته مزارع دينا",,,,,,,,https://images.openfoodfacts.org/images/products/622/400/043/2195/front_en.3.400.jpg,en,
food,6223005400932,كامارا,,كامارا,,,,"32 غرام",,,,,en,
food,6222000302869,"صلصة طماطم  قها","صلصة طماطم  قها",,,"صنع في مصر","صنع في مصر",1,0,,en:beverages-and-beverages-preparations|en:beverages|en:alcoholic-beverages|en:wines|ar:12,,ar,
food,6223000080467,"Amstel Malt Natural Lemon",,,,,,,,,,https://images.openfoodfacts.org/images/products/622/300/008/0467/front_fr.3.400.jpg,fr,
food,8690997085443,"Damla Sour Belts Rainbow uzun şeker",,"Damla Sour Belts Rainbow uzun şeker",,Damla,Damla,15g,15,g,,https://images.openfoodfacts.org/images/products/869/099/708/5443/front_en.5.400.jpg,en,
food,6224008559016,"Penne Pasta",,"Penne Pasta",,Hawaa,Hawaa,"400 g",400,,,,en,
food,6223000496343,"Molto mini magnum chocolate",,"Molto mini magnum chocolate",,,,,,,,https://images.openfoodfacts.org/images/products/622/300/049/6343/front_en.6.400.jpg,en,
food,6221007037651,Nesquik,,,,,,,,,,https://images.openfoodfacts.org/images/products/622/100/703/7651/front_fr.3.400.jpg,fr,
food,6221007028024,nescafe,,"نسكفيي ‏3×1",,ت,ت,12,,,,https://images.openfoodfacts.org/images/products/622/100/702/8024/front_xx.6.400.jpg,xx,
food,6224000063122,,,,,,,,,,,https://images.openfoodfacts.org/images/products/622/400/006/3122/front_en.3.400.jpg,en,
food,6224008845195,"free gluten","free gluten",,,free,free,,,,,https://images.openfoodfacts.org/images/products/622/400/884/5195/front_ar.3.400.jpg,ar,
food,5206542010698,Mojito,,,,Green,Green,,,,en:beverages-and-beverages-preparations|en:beverages|en:non-alcoholic-beverages|en:carbonated-drinks|en:soft-drinks|en:artificially-sweetened-beverages|en:sodas|en:diet-beverages|en:sweetened-beverages,https://images.openfoodfacts.org/images/products/520/654/201/0698/front_fr.3.400.jpg,fr,
food,6223000760215,Halawa,,Halawa,,"El Bawadi","El Bawadi",,,,,https://images.openfoodfacts.org/images/products/622/300/076/0215/front_ar.7.400.jpg,ar,
food,6223003540630,koky,koky,,,,,,,,,https://images.openfoodfacts.org/images/products/622/300/354/0630/front_ar.3.400.jpg,ar,
food,6224011439107,لبنة,لبنة,"Dina Farms Labneh",,"Dina Farms","Dina Farms","250 gr",250,g,en:dairies|en:fermented-foods|en:fermented-milk-products|en:cheeses|en:cheese-preparations|en:processed-cheeses,https://images.openfoodfacts.org/images/products/622/401/143/9107/front_ar.5.400.jpg,ar,
food,6221155114938,,,,,,,,,,,https://images.openfoodfacts.org/images/products/622/115/511/4938/front_en.3.400.jpg,en,
food,6223004763762,"PEANUT BUTTER",,"PEANUT BUTTER",,"Abu Aif","Abu Aif",,,,,,en,
food,6224011536349,"GREEK AUTHENTIC YOGURT",,"GREEK AUTHENTIC YOGURT",,"the Milkman","the Milkman",,,,en:dairies|en:fermented-foods|en:fermented-milk-products|en:desserts|en:dairy-desserts|en:fermented-dairy-desserts|en:yogurts,https://images.openfoodfacts.org/images/products/622/401/153/6349/front_en.6.400.jpg,en,
food,6221073012101,"Cooking chocolate dark",,"Cooking chocolate dark",,Corona,Corona,,,,,https://images.openfoodfacts.org/images/products/622/107/301/2101/front_en.3.400.jpg,en,
food,6221333000336,,,,,,,,,,,,ar,
food,5900617014665,"Extra thin rice cakes",,"Extra thin rice cakes",,Sante,Sante,"110 g",110,g,en:plant-based-foods-and-beverages|en:plant-based-foods|en:cereals-and-potatoes|en:cereals-and-their-products|en:puffed-cereal-cakes|en:puffed-rice-cakes,https://images.openfoodfacts.org/images/products/590/061/701/4665/front_en.10.400.jpg,en,
food,6224008857518,"5G Vanilla",,"5G Vanilla",,Friday,Friday,,,,,https://images.openfoodfacts.org/images/products/622/400/885/7518/front_en.3.400.jpg,en,
food,6222035228264,"Big Chips Sour Cream & Onion",,"Big Chips Sour Cream & Onion",,"Big Chips","Big Chips",,,,en:plant-based-foods-and-beverages|en:plant-based-foods|en:snacks|en:cereals-and-potatoes|en:salty-snacks|en:appetizers|en:chips-and-fries|en:potatoes-and-their-products|en:crisps|en:salty-snacks-made-from-potato|en:potato-crisps,https://images.openfoodfacts.org/images/products/622/203/522/8264/front_en.3.400.jpg,en,
food,5063305004802,,,,,Lipton,Lipton,,,,,https://images.openfoodfacts.org/images/products/506/330/500/4802/front_ar.3.400.jpg,ar,
food,6221031002137,شيبسي,,شيبسي,,,,,,,,,en,
food,6222035228257,Excellence,,Excellence,,Tiger,Tiger,,,,,,en,
food,5449000005540,"شويبس اناناس950م",,"شويبس اناناس950م",,,,,,,,https://images.openfoodfacts.org/images/products/544/900/000/5540/front_en.5.400.jpg,en,
food,6223000350010,"Full Fat Milk",,"Full Fat Milk",,Juhayna,Juhayna,200ml,200,ml,en:beverages-and-beverages-preparations|en:beverages|en:dairies|en:milks-liquid-and-powder|en:dairy-drinks|en:milks|en:whole-milks,https://images.openfoodfacts.org/images/products/622/300/035/0010/front_en.6.400.jpg,en,
food,6224010623736,"Cream Cheese With Garlic And Herbs",,"Cream Cheese With Garlic And Herbs",,Yopolis,Yopolis,,,,,,en,
food,6294003539153,,,"KitKat 2 finger",,Kitkat,Kitkat,17.7g,17.7,g,en:snacks|en:sweet-snacks|en:cocoa-and-its-products|en:confectioneries|en:chocolate-candies|en:bars,https://images.openfoodfacts.org/images/products/629/400/353/9153/front_en.6.400.jpg,ar,
food,6224001184451,"Chicken Strips",,"Chicken Strips",,Atyab,Atyab,,,,,,en,
food,8690504550686,"Mixed vegetables",,,,"Hero baby","Hero baby",,,,,https://images.openfoodfacts.org/images/products/869/050/455/0686/front_fr.3.400.jpg,fr,
food,6223000057704,Halawa,,"Plain Halawa",,"Elrashidi El Mizan","Elrashidi El Mizan",,,,,https://images.openfoodfacts.org/images/products/622/300/005/7704/front_fr.3.400.jpg,fr,
food,6223001085416,"كيك شيف cake chef","كيك شيف cake chef","كيك شيف cake chef",,dreem,dreem,23g,23,g,,,ar,
food,6223000228548,Waffle,,Waffle,,,,,,,,https://images.openfoodfacts.org/images/products/622/300/022/8548/front_en.9.400.jpg,en,
food,6223001030089,"Cook’s Strawberry Jelly",,,,,,,,,,https://images.openfoodfacts.org/images/products/622/300/103/0089/front_fr.3.400.jpg,fr,
food,6223000508619,Tiger,,,,,,,,,,https://images.openfoodfacts.org/images/products/622/300/050/8619/front_fr.3.400.jpg,fr,
food,6224008245261,"peanut butter creamy",,"peanut butter creamy",,Lino,Lino,,,,en:plant-based-foods-and-beverages|en:plant-based-foods|en:legumes-and-their-products|en:spreads|en:plant-based-spreads|en:oilseed-purees|en:legume-butters|en:peanut-butters,https://images.openfoodfacts.org/images/products/622/400/824/5261/front_en.3.400.jpg,en,
food,6224010090019,Tortella,,Tortella,,,,,,,,,en,
food,6223007290050,"Bredawy brown bread",,"Bredawy brown bread",,Bredawy,Bredawy,,,,,,en,
food,5449000289216,Schweppes,,,,Schweppes,Schweppes,,,,en:beverages-and-beverages-preparations|en:beverages|en:non-alcoholic-beverages|en:carbonated-drinks|en:soft-drinks|en:sodas,https://images.openfoodfacts.org/images/products/544/900/028/9216/front_fr.3.400.jpg,fr,
food,6224010103047,"Iso whey protien bar",,"Iso whey protien bar",,Zero,Zero,,,,,https://images.openfoodfacts.org/images/products/622/401/010/3047/front_en.3.400.jpg,en,
food,6221073011739,"Corona lite chocolate king size",,,,,,,,,,https://images.openfoodfacts.org/images/products/622/107/301/1739/front_fr.3.400.jpg,fr,
food,6224009042333,"pick ronesca",,,,,,,,,,https://images.openfoodfacts.org/images/products/622/400/904/2333/front_fr.3.400.jpg,fr,
food,6224008267034,"Suntop mango",,"Suntop mango",,"Mango juice","Mango juice",250ml,250,,,https://images.openfoodfacts.org/images/products/622/400/826/7034/front_en.4.400.jpg,en,
food,6224000992910,"Couverture Chocolate",,,,,,,,,,https://images.openfoodfacts.org/images/products/622/400/099/2910/front_fr.3.400.jpg,fr,
food,6224009265152,"Tots popcorn",,,,,,,,,,https://images.openfoodfacts.org/images/products/622/400/926/5152/front_fr.3.400.jpg,fr,
food,6223000495148,"Molto crosaint",,,,,,,,,,https://images.openfoodfacts.org/images/products/622/300/049/5148/front_fr.3.400.jpg,fr,
food,6223001877165,"Chocolate milk",,"Treats Chocolate Milk",,Almarai,Almarai,,,,en:beverages-and-beverages-preparations|en:beverages|en:dairies|en:snacks|en:sweet-snacks|en:cocoa-and-its-products|en:dairy-drinks|en:chocolates|en:flavoured-milks|en:chocolate-milks|en:milk-chocolates,https://images.openfoodfacts.org/images/products/622/300/187/7165/front_fr.3.400.jpg,fr,
food,6224000060152,"ديلي ليمون نعناع",,"ديلي ليمون نعناع",,,,,,,,https://images.openfoodfacts.org/images/products/622/400/006/0152/front_en.4.400.jpg,en,
food,6223003992002,Kitkat,,,,KitKat,KitKat,,,,,https://images.openfoodfacts.org/images/products/622/300/399/2002/front_fr.3.400.jpg,fr,
food,6221134010718,"جالاكسي فلوت 2 صباع بالفانيليا",,"جالاكسي فلوت 2 صباع بالفانيليا",,Galaxy,galaxy,22.5g,22.5,g,en:snacks|en:sweet-snacks|en:cocoa-and-its-products|en:confectioneries|en:chocolate-candies|en:bars|en:candy-chocolate-bars,https://images.openfoodfacts.org/images/products/622/113/401/0718/front_en.44.400.jpg,en,
food,6223000228012,"Stroopwafel milk honey","stroop wafel","Stroopwafel milk honey",,"Class A","Class A",30g,30,g,en:snacks|en:sweet-snacks|en:biscuits-and-cakes|en:biscuits-and-crackers|en:biscuits|en:wafers|en:stuffed-wafers,https://images.openfoodfacts.org/images/products/622/300/022/8012/front_en.4.400.jpg,en,
food,6222014332760,"Pure Orange Carrot Juice",,"Pure Orange Carrot Juice",,,,,,,,https://images.openfoodfacts.org/images/products/622/201/433/2760/front_en.8.400.jpg,en,
food,6223000228326,"Butter Crunchy Waffle",,"Butter Crunchy Waffle",,"HEALTHY MILL","HEALTHY MILL",,,,,https://images.openfoodfacts.org/images/products/622/300/022/8326/front_en.3.400.jpg,en,
food,6224008913948,"Vegan Chocolate Chips",,"Vegan Chocolate Chips",,LYCHEE,LYCHEE,,,,en:dietary-supplements|en:bodybuilding-supplements|en:protein-bars,https://images.openfoodfacts.org/images/products/622/400/891/3948/front_en.3.400.jpg,en,
food,6225000047716,"Zero calorie sweetener",,,,,,,,,,https://images.openfoodfacts.org/images/products/622/500/004/7716/front_fr.3.400.jpg,fr,
food,6222000508575,"Corn oil",,"Corn oil",,,,2.2l,2200,,,https://images.openfoodfacts.org/images/products/622/200/050/8575/front_en.3.400.jpg,en,
food,6222014352065,"Greek Yogurt 0.2% Fat",,"Greek Yogurt 0.2% Fat",,Juhayna,Juhayna,,,,,https://images.openfoodfacts.org/images/products/622/201/435/2065/front_en.5.400.jpg,en,
food,6223004760549,"Chia seeda",,"Chia seeda",,"Abu Auf","Abu Auf","400 gm",400,g,,https://images.openfoodfacts.org/images/products/622/300/476/0549/front_en.3.400.jpg,en,
food,6223006881822,"Rice crackers",,"Rice crackers",,Dobella,Dobella,,,,,https://images.openfoodfacts.org/images/products/622/300/688/1822/front_en.3.400.jpg,en,
food,6221031490149,"شيبس طماطم","شيبس طماطم",,,,,,,,,https://images.openfoodfacts.org/images/products/622/103/149/0149/front_es.3.400.jpg,ar,
food,6221033177338,"Light mayonnaise",,"Light mayonnaise",,Heinz,heinz,,,,,,en,
food,6223000552643,"Hohos  mix - Cake - Cake - Cake",,"Hohos  mix - Cake - Cake - Cake",,هوهوز,هوهوز,,,,,https://images.openfoodfacts.org/images/products/622/300/055/2643/front_en.4.400.jpg,en,
food,6223007943994,"Big rings pasta",,"Big rings pasta",,"Pasta Caire","Pasta Caire",,,,,,en,
food,6221046412051,,,,,,,,,,,https://images.openfoodfacts.org/images/products/622/104/641/2051/front_en.3.400.jpg,en,
food,6223000352533,"Zabado Peach",,"Zabado Peach",,Juhayna,Juhayna,,,,,https://images.openfoodfacts.org/images/products/622/300/035/2533/front_en.3.400.jpg,en,
food,6223006310759,"Sahara Delights",,"Sahara Delights",,Abuauf,Abuauf,,,,en:snacks|en:sweet-snacks|en:cocoa-and-its-products|en:confectioneries|en:chocolate-candies,https://images.openfoodfacts.org/images/products/622/300/631/0759/front_en.18.400.jpg,en,
food,6222014353116,"Greek Mixed Berries Yoghurt",,"Greek Mixed Berries Yoghurt",,Juhayna,Juhayna,,,,en:dairies|en:fermented-foods|en:fermented-milk-products|en:desserts|en:dairy-desserts|en:fermented-dairy-desserts|en:yogurts|en:greek-style-yogurts,https://images.openfoodfacts.org/images/products/622/201/435/3116/front_en.3.400.jpg,en,
food,7613038666365,"fitness whole grain",,,,Fitness,Fitness,,,,,https://images.openfoodfacts.org/images/products/761/303/866/6365/front_fr.3.400.jpg,fr,
food,6224010623613,"Greko Greek Yogurt",,"Greko Greek Yogurt",,Greko,Greko,,,,,,en,
food,6223011431111,"Protein snacks smoked bbq",,"Protein snacks smoked bbq",,"Abu auf","Abu auf",,,,,https://images.openfoodfacts.org/images/products/622/301/143/1111/front_en.3.400.jpg,en,
food,0717273705197,"خل تفاح حدائق امريكا","امريكان جاردن خل تفاح التر","خل تفاح حدائق امريكا",,,,,,,,https://images.openfoodfacts.org/images/products/071/727/370/5197/front_en.3.400.jpg,en,
food,6221033000711,6221033000711,,6221033000711,,Heinz,heinz,16,0,,,https://images.openfoodfacts.org/images/products/622/103/300/0711/front_en.3.400.jpg,en,
food,6221151002802,Spasmodigestin,,Spasmodigestin,,Pharco,Pharco,181g,181,g,,https://images.openfoodfacts.org/images/products/622/115/100/2802/front_en.5.400.jpg,en,
food,6224008526520,Maxi,,Maxi,,Maxi,Maxi,,,,,https://images.openfoodfacts.org/images/products/622/400/852/6520/front_en.3.400.jpg,en,
food,6222014301193,"Mon cherry",,"Mon cherry",,Juhayna,Juhayna,,,,,,en,
food,6224010623750,"Double Zero Mixed Berries",,"Double Zero Mixed Berries",,Yopolis,Yopolis,,,,,,en,
food,6221295004519,"Dark Chocolate Granola",,"Dark Chocolate Granola",,Breadfast,Breadfast,,,,,,en,
food,6222035235286,"Protein Buffs - Sweet Corn",,"Protein Buffs - Sweet Corn",,Balance,Balance,,,,,,en,
food,6223003395445,"Red Kidney Beans",,"Red Kidney Beans",,Dara,Dara,,,,,,en,
food,6222035235293,"sweet cheese",,"sweet cheese",,"EGYPT FOODS","EGYPT FOODS",,,,,https://images.openfoodfacts.org/images/products/622/203/523/5293/front_en.5.400.jpg,en,
food,6221007041009,"بسكويت فتنس ساده شوفان",,"بسكويت فتنس ساده شوفان",,Nestlé,nestle,"30 g",30,g,,https://images.openfoodfacts.org/images/products/622/100/704/1009/front_en.7.400.jpg,en,
food,6222014312519,"Oat Milk",,"Oat Milk",,Juhayna,Juhayna,1l,1000,ml,en:beverages-and-beverages-preparations|en:plant-based-foods-and-beverages|en:beverages|en:plant-based-foods|en:cereals-and-potatoes|en:dairy-substitutes|en:cereals-and-their-products|en:milk-substitutes|en:plant-based-beverages|en:plant-based-milk-alternatives|en:cereal-based-drinks|en:oat-based-drinks,https://images.openfoodfacts.org/images/products/622/201/431/2519/front_en.5.400.jpg,en,
food,6224009363063,"Whey Isolate Chocolate",,"Whey Isolate Chocolate",,"Challenger Nutrition","Challenger Nutrition",,,,,,en,
food,6223001878520,"المراعى رايب",,"المراعى رايب",,,,,,,,https://images.openfoodfacts.org/images/products/622/300/187/8520/front_en.5.400.jpg,en,
food,6223000273340,"Coffee Break Vanilla",,"Coffee Break Vanilla",,"Coffee Break","Coffee Break",,,,,,ar,
food,6223003943202,"Dream Wonder",,"Dream Wonder",,Dream,dream,"900 gm",900,g,,https://images.openfoodfacts.org/images/products/622/300/394/3202/front_en.3.400.jpg,en,
food,6224000529024,"Dolphin Tuna Solid",,"Dolphin Tuna Solid",,Dolphin,Dolphin,,,,,,en,
food,6223013132405,"Chocolate Sama Cream",,"Chocolate Sama Cream",,Sama,Sama,"1 kg",1000,g,,https://images.openfoodfacts.org/images/products/622/301/313/2405/front_en.3.400.jpg,en,
food,9222445232438,Tiger,,Tiger,,Tiger,Tiger,,,,,,en,
food,5449000330680,"SPORTS DRINK",,"SPORTS DRINK",,"POWER ADE","POWER ADE",,,,,https://images.openfoodfacts.org/images/products/544/900/033/0680/front_zh.7.400.jpg,zh,
food,6224010103108,"Lean Protein Bar Hazelnut Crisp",,"Lean Protein Bar Hazelnut Crisp",,Stevia,Stevia,,,,,,en,
food,6222035227557,"Protein Shots",,"Protein Shots",,Balance,Balance,,,,,,en,
food,6223012483379,"CoQ10 100mg",,"CoQ10 100mg",,Limitless,Limitless,,,,,,en,
food,6224001733161,"سويس شوكولاته كنافة باللوز",,"سويس شوكولاته كنافة باللوز",,,,,,,,https://images.openfoodfacts.org/images/products/622/400/173/3161/front_en.5.400.jpg,en,
food,6223004760945,"Caramel Cinammon Popcorn",,"Caramel Cinammon Popcorn",,"Abu Auf","Abu Auf",,,,,,ar,
food,6223004760198,"Instant Coffee",,"Instant Coffee",,"Abu Auf Instant Coffee Gold","Abu Auf Instant Coffee Gold",,,,,,en,
food,6223003192013,"Whole Wheat Toast Bread",,"Whole Wheat Toast Bread",,"Brunch Toast","Brunch Toast",,,,,,en,
food,6224009370535,,,,,,,,,,,https://images.openfoodfacts.org/images/products/622/400/937/0535/front_ar.3.400.jpg,ar,
food,6224009370344,,,,,,,,,,,https://images.openfoodfacts.org/images/products/622/400/937/0344/front_ar.3.400.jpg,ar,
food,6224011241427,"V Super Soda Diet Cola",,"V Super Soda Diet Cola",,V7,V7,"300 ml",300,ml,en:beverages-and-beverages-preparations|en:beverages|en:non-alcoholic-beverages|en:carbonated-drinks|en:soft-drinks|en:artificially-sweetened-beverages|en:sodas|en:diet-beverages|en:colas|en:diet-sodas,https://images.openfoodfacts.org/images/products/622/401/124/1427/front_es.5.400.jpg,en,
food,6222035227786,"Sour Cream & Onions Protein Crackers",,"Sour Cream & Onions Protein Crackers",,Balance,Balance,,,,,https://images.openfoodfacts.org/images/products/622/203/522/7786/front_en.4.400.jpg,en,
food,6223006882089,,,,,,,,,,en:condiments|en:sauces,,ar,
food,0277601114775,,,,,,,,,,,https://images.openfoodfacts.org/images/products/027/760/111/4775/front_ar.3.400.jpg,ar,
food,6223001062547,"Fava Beans Plain",,"Fava Beans Plain",,Harvest,Harvest,,,,,,en,
food,6335003120504,"Oat Tortilla",,,,"Beit Gedi","Beit Gedi",,,,,,fi,
food,6221022110216,Pasta,,Pasta,,Regina,Regina,,,,,,en,
food,6222035238324,"Big Chips",,"Big Chips",,"Big chips","Big chips","104-114 g",114,g,en:snacks|en:salty-snacks|en:appetizers|en:chips-and-fries|en:crisps|en:Fried-potato-chips,https://images.openfoodfacts.org/images/products/622/203/523/8324/front_en.35.400.jpg,en,
food,6224001600036,,,,,,,,,,,https://images.openfoodfacts.org/images/products/622/400/160/0036/front_ar.4.400.jpg,ar,
food,6225000094918,,,,,,,,,,,https://images.openfoodfacts.org/images/products/622/500/009/4918/front_ar.4.400.jpg,en,
food,6222035243540,Blazo,,Blazo,,Novy,Novy,"32 g",32,g,en:snacks|en:sweet-snacks|en:biscuits-and-cakes|en:biscuits-and-crackers|en:biscuits|en:wafers|en:chocolate-biscuits|en:stuffed-wafers|en:chocolate-stuffed-wafers,,en,
food,5285000391647,"vegetable instant noodle from indomie",,"vegetable instant noodle from indomie",,indomie,indomie,,,,en:plant-based-foods-and-beverages|en:plant-based-foods|en:dried-products|en:dried-products-to-be-rehydrated|en:pastas|en:noodles|en:instant-noodles,,en,
food,8695504172388,"TOTO Biscuits",,"TOTO Biscuits",,TOTO,TOTO,,,,en:snacks|en:sweet-snacks|en:biscuits-and-cakes|en:biscuits-and-crackers|en:biscuits,https://images.openfoodfacts.org/images/products/869/550/417/2388/front_en.3.400.jpg,en,
food,6221073000016,"Drinking Chocolate Powder",,"Drinking Chocolate Powder",,Corona,Corona,60g,60,g,en:beverages-and-beverages-preparations|en:cocoa-and-its-products|en:beverage-preparations|en:cocoa-and-chocolate-powders|en:instant-beverages,https://images.openfoodfacts.org/images/products/622/107/300/0016/front_en.13.400.jpg,en,
food,6224008913931,"lychee granola chocolat",,"lychee granola chocolat",,,,,,,,https://images.openfoodfacts.org/images/products/622/400/891/3931/front_en.3.400.jpg,en,
food,6223000758564,"دومتي سندوتش جبنة كريمي سادة",,"دومتي سندوتش جبنة كريمي سادة",,Domty,domty,,,,,,en,
food,6221031002113,"salt and vinegar chips",,"salt and vinegar chips",,chipsy,chipsy,,,,,,en,
food,0851119008704,,,,,,,,,,,https://images.openfoodfacts.org/images/products/085/111/900/8704/front_en.3.400.jpg,en,
food,9911817111111,,,,,,,,,,,https://images.openfoodfacts.org/images/products/991/181/711/1111/front_en.4.400.jpg,en,
food,7622202204982,,,,,,,,,,,https://images.openfoodfacts.org/images/products/762/220/220/4982/front_en.5.400.jpg,en,
food,5060896625126,"Energy Drink Mango Loco",,"Energy Drink Mango Loco",,"Monster Energy","Monster Energy",,,,,https://images.openfoodfacts.org/images/products/506/089/662/5126/front_en.4.400.jpg,en,
food,6221031005169,,,,,,,,,,ar:شيبسي,https://images.openfoodfacts.org/images/products/622/103/100/5169/front_ar.6.400.jpg,ar,
food,6222020804961,"Ics cream",,"Ics cream",,Mega,Mega,,,,,https://images.openfoodfacts.org/images/products/622/202/080/4961/front_en.4.400.jpg,en,
food,6224008913122,"Original Peanut Butter",,"Original Peanut Butter",,Lychee,Lychee,,,,,,en,
food,6223000757147,,,,,,,,,,,https://images.openfoodfacts.org/images/products/622/300/075/7147/front_ar.3.400.jpg,ar,
food,6223000492130,"توينكز شوكولاتة",,"توينكز شوكولاتة",,,,,,,,https://images.openfoodfacts.org/images/products/622/300/049/2130/front_en.4.400.jpg,en,
food,9062300139768,,,,,Hipp,Hipp,,,,,https://images.openfoodfacts.org/images/products/906/230/013/9768/front_ru.3.400.jpg,ru,
food,6223000350256,,,,,,,,,,,https://images.openfoodfacts.org/images/products/622/300/035/0256/front_ar.5.400.jpg,ar,
food,0212881939267,,,,,,,,,,,https://images.openfoodfacts.org/images/products/021/288/193/9267/front_en.3.400.jpg,en,
food,6224007235003,,,,,,,,,,,,ar,
food,7622202231421,,,,,,,,,,,https://images.openfoodfacts.org/images/products/762/220/223/1421/front_en.5.400.jpg,en,
food,6224003479067,"Caramel And Chocolate Biscuits",,,,Mega,Mega,,,,,https://images.openfoodfacts.org/images/products/622/400/347/9067/front_en.6.400.jpg,en,
food,6223000498132,"ههوز فاميلي فراوله",,"ههوز فاميلي فراوله",,,,,,,,https://images.openfoodfacts.org/images/products/622/300/049/8132/front_en.3.400.jpg,en,
food,6222035211228,"تورته رول فانيليا",,"تورته رول فانيليا",,,,,,,,https://images.openfoodfacts.org/images/products/622/203/521/1228/front_en.4.400.jpg,en,
food,6223003395025,"Pomegranate Molasses",,"Pomegranate Molasses",,Daria,Daria,,,,,,en,
food,6224000339500,,,,,,,,,,,https://images.openfoodfacts.org/images/products/622/400/033/9500/front_ar.4.400.jpg,ar,
food,6221031003981,"شيبسي جبنة متبلة","شيبسي جبنة متبلة",,,شبيب,شبيب,,,,,https://images.openfoodfacts.org/images/products/622/103/100/3981/front_ar.5.400.jpg,ar,
food,6223013133495,,,,,B.Laban,B.Laban,"900 gm",900,g,en:breakfasts|en:spreads|en:sweet-spreads|fr:pates-a-tartiner|en:chocolate-spreads,https://images.openfoodfacts.org/images/products/622/301/313/3495/front_en.3.400.jpg,en,
food,6222035238744,,,,,,,,,,,https://images.openfoodfacts.org/images/products/622/203/523/8744/front_ar.3.400.jpg,ar,
food,6223003396169,,,,,,,,,,,,ar,
food,6223012617378,"Taw Taw",,"Taw Taw",,,,,,,,https://images.openfoodfacts.org/images/products/622/301/261/7378/front_en.3.400.jpg,en,
food,6222035247920,"protein crackers",,"protein crackers",,balance,balance,,,,,https://images.openfoodfacts.org/images/products/622/203/524/7920/front_en.13.400.jpg,en,
food,6224001925221,"Cookies & Cream Protien Bar",,"Cookies & Cream Protien Bar",,"Evolve Pharma","Evolve Pharma",,,,,,en,
food,6223000556351,Teabix,,Teabix,,Oniro,Oniro,,,,,,en,
food,6223000433126,cooks,,cooks,,,,,,,,,en,
food,6221333005966,شيبسي,شيبسي,"Bbq Ships",,"Lay's, شيبسي",lay-s|شيبسي,"49 kcal",205,kj,,https://images.openfoodfacts.org/images/products/622/133/300/5966/front_ar.6.400.jpg,ar,
food,6224003311091,"Twist Original",,"Twist Original",,Twist,twist,,,,,,ar,
food,6223001752868,"Pomme Frites",,"Pomme Frites",,"Farm Frites","Farm Frites",,,,,https://images.openfoodfacts.org/images/products/622/300/175/2868/front_en.8.400.jpg,en,
food,6222014301469,,"Juhayna turkish labnneh",,,,,,,,,https://images.openfoodfacts.org/images/products/622/201/430/1469/front_en.3.400.jpg,en,
food,6222014301476,"Turkish Labneh","Juhayna Turkish labneh","Turkish Labneh",,Juhayna,Juhayna,,,,,https://images.openfoodfacts.org/images/products/622/201/430/1476/front_en.7.400.jpg,en,
food,0200424102032,,,,,,,,,,,,en,
food,6222035231226,"Big Chips Kebab Flavor",,"Big Chips Kebab Flavor",,"Big Chips","Big Chips",,,,,https://images.openfoodfacts.org/images/products/622/203/523/1226/front_en.5.400.jpg,en,
food,6223000055618,Halawa,,Halawa,,"El Rashidi El Mizan Confectionery (S.A.E)","El Rashidi El Mizan Confectionery (S.A.E)",,,,en:snacks|en:sweet-snacks|en:confectioneries|en:halva|en:sesame-halva,https://images.openfoodfacts.org/images/products/622/300/005/5618/front_en.9.400.jpg,en,
food,6223005771476,,,,,,,,,,en:meats-and-their-products|en:meats,https://images.openfoodfacts.org/images/products/622/300/577/1476/front_en.3.400.jpg,en,
food,6224002146632,"Green Pea Chips",,"Green Pea Chips",,Halo,Halo,,,,,,en,
food,6223006311312,"معمول ابو عوف شوكولاته مغطي",,"معمول ابو عوف شوكولاته مغطي",,,,,,,,https://images.openfoodfacts.org/images/products/622/300/631/1312/front_en.5.400.jpg,en,
food,6224008467922,"Quick Cooking Oats",,"Quick Cooking Oats",,"Don Lopez","Don Lopez","600 gm",600,g,en:plant-based-foods-and-beverages|en:plant-based-foods|en:breakfasts|en:cereals-and-potatoes|en:cereals-and-their-products|en:breakfast-cereals|en:flakes|en:cereal-flakes|en:rolled-flakes|en:rolled-oats,,en,
food,6224007537923,"Air Freshener",,"Air Freshener",,,,,,,,,en,
food,0725765203953,Circle,,Circle,,Sundae,Sundae,,,,,,en,
food,6224011749039,,,,,,,,,,en:snacks,https://images.openfoodfacts.org/images/products/622/401/174/9039/front_en.3.400.jpg,en,
food,6222020805043,"Squizz Mango",,"Squizz Mango",,Nestlé,nestle,,,,,https://images.openfoodfacts.org/images/products/622/202/080/5043/front_en.6.400.jpg,ar,
food,6224011241564,"V pink lemonade",,,,v,v,,,,,https://images.openfoodfacts.org/images/products/622/401/124/1564/front_sv.3.400.jpg,sv,
food,0623695000478,"Apple Vinegar",,"Apple Vinegar",,Yamama,Yamama,,,,,,en,
food,6223000555613,"Wheat Snacks",,"Wheat Snacks",,"Bake Rolz","Bake Rolz",,,,,,en,
food,8682214719453,Karmen,,Karmen,,,,,,,,https://images.openfoodfacts.org/images/products/868/221/471/9453/front_en.3.400.jpg,en,
food,7622202228322,"Dairy milk almond",,"Dairy milk almond",,,,,,,,https://images.openfoodfacts.org/images/products/762/220/222/8322/front_en.3.400.jpg,en,
food,6223001071716,,,,,,,,,,,,ar,
food,6221024992407,6221024992407,,6221024992407,,,,"430 g",430,g,,https://images.openfoodfacts.org/images/products/622/102/499/2407/front_ar.3.400.jpg,ar,
food,6224007719282,,,,,,,,,,,https://images.openfoodfacts.org/images/products/622/400/771/9282/front_en.5.400.jpg,en,
food,6222024101998,"Mcvities Nibbles",,"Mcvities Nibbles",,,,,,,,https://images.openfoodfacts.org/images/products/622/202/410/1998/front_en.3.400.jpg,en,
food,6222024105194,,,,,,,,,,,https://images.openfoodfacts.org/images/products/622/202/410/5194/front_en.3.400.jpg,en,
food,6222024105460,Halley,,Halley,,,,,,,,https://images.openfoodfacts.org/images/products/622/202/410/5460/front_en.3.400.jpg,en,
food,6222035232414,"kebab chips",,"kebab chips",,tiger,tiger,,,,,,en,
food,7622202221637,,,,,,,,,,,https://images.openfoodfacts.org/images/products/762/220/222/1637/front_en.3.400.jpg,en,
food,6221022110452,"Penne Pasta",,,,Regina,Regina,,,,,,it,
food,6221333001937,,,,,,,,,,,https://images.openfoodfacts.org/images/products/622/133/300/1937/front_ar.5.400.jpg,ar,
food,6223000556481,"Rolled Cake With Cocoa Cream Filling",,"Rolled Cake With Cocoa Cream Filling",,HoHos,HoHos,,,,,https://images.openfoodfacts.org/images/products/622/300/055/6481/front_en.7.400.jpg,en,
food,6221065002219,مصراوي,,مصراوي,,,,,,,,https://images.openfoodfacts.org/images/products/622/106/500/2219/front_en.5.400.jpg,en,
food,6222023702868,,,,,,,,,,,https://images.openfoodfacts.org/images/products/622/202/370/2868/front_en.4.400.jpg,en,
food,6224001925368,,,,,,,,,,,https://images.openfoodfacts.org/images/products/622/400/192/5368/front_ar.4.400.jpg,ar,
food,6224008929598,,,,,,,,,,,https://images.openfoodfacts.org/images/products/622/400/892/9598/front_ar.5.400.jpg,ar,
food,6223000660263,,,,,,,,,,,,ar,
food,6221031003738,"Potato chips",,"Potato chips",,Crunchy,Crunchy,,,,ar:شيبسي,https://images.openfoodfacts.org/images/products/622/103/100/3738/front_ar.6.400.jpg,ar,
food,6223000557624,"Wafer Fingers Vegan",,"Wafer Fingers Vegan",,Freska,Freska,,,,,https://images.openfoodfacts.org/images/products/622/300/055/7624/front_en.3.400.jpg,en,
food,6224009377022,"Extra Virgin Olive Oil",,"Extra Virgin Olive Oil",,"Nile Garden","Nile Garden",,,,,https://images.openfoodfacts.org/images/products/622/400/937/7022/front_ar.3.400.jpg,fr,
food,6223006210035,"Butter bites",,"Butter bites",,Hinto,Hinto,,,,en:snacks|en:sweet-snacks|en:biscuits-and-cakes|en:biscuits-and-crackers|en:biscuits,https://images.openfoodfacts.org/images/products/622/300/621/0035/front_en.3.400.jpg,en,
food,6223000717356,"Natural Yogurt",,"Natural Yogurt",,Labanita,Labanita,,,,,,en,
food,6223001512479,,,,,,,,,,"ar:مكرونة|ar:مكرونة الملكة",,ar,
food,6223003942915,"Jelly Cherry And Cola",,"Jelly Cherry And Cola",,Dreem,Dreem,,,,,,en,
food,6223000264379,"زيت عافيه بلس 2, 2لتر",,"زيت عافيه بلس 2, 2لتر",,,,,,,,https://images.openfoodfacts.org/images/products/622/300/026/4379/front_ar.6.400.jpg,ar,
food,6224003517042,"Vanilla Cherry Cola",,"Vanilla Cherry Cola",,ten,ten,,,,en:beverages-and-beverages-preparations|en:beverages|en:non-alcoholic-beverages|en:carbonated-drinks|en:soft-drinks|en:sodas|en:colas,https://images.openfoodfacts.org/images/products/622/400/351/7042/front_fr.3.400.jpg,fr,
food,6224010167278,,,,,,,,,,,https://images.openfoodfacts.org/images/products/622/401/016/7278/front_ar.3.400.jpg,ar,
food,6223005905239,,,,,,,,,,en:dairies|en:fermented-foods|en:fermented-milk-products|en:desserts|en:dairy-desserts|en:fermented-dairy-desserts|en:fermented-dairy-desserts-with-fruits|en:fat-free-fermented-dairy-desserts-with-fruits-and-sweeteners,,en,
food,6222014300462,,,,,,,,,,,https://images.openfoodfacts.org/images/products/622/201/430/0462/front_en.7.400.jpg,en,
food,6224000805401,"Cola Edition",,"Cola Edition",,Twist,twist,,,,,,en,
food,6222035252474,Cooked,,Cooked,,,,,,,,https://images.openfoodfacts.org/images/products/622/203/525/2474/front_ar.3.400.jpg,ar,
food,6221031005152,"Zesty Ranch And Cheese",,"Zesty Ranch And Cheese",,Chipsy,Chipsy,,,,,,en,
food,0745314649162,,,,,,,,,,en:Carb,,en,
food,6222035233756,"puffcorn sweet corn",,"puffcorn sweet corn",,jaguar,jaguar,,,,,https://images.openfoodfacts.org/images/products/622/203/523/3756/front_en.3.400.jpg,en,
food,6223006311305,"معمول ابو عوف قرفه",,"معمول ابو عوف قرفه",,,,,,,,https://images.openfoodfacts.org/images/products/622/300/631/1305/front_en.3.400.jpg,en,
food,6223006311299,"معمول ابو عوف بلح",,"معمول ابو عوف بلح",,,,,,,,https://images.openfoodfacts.org/images/products/622/300/631/1299/front_en.3.400.jpg,en,
food,6224008845775,"Spicy Mac And Cheese",,"Spicy Mac And Cheese",,"Golden Breeze","Golden Breeze",,,,,https://images.openfoodfacts.org/images/products/622/400/884/5775/front_en.3.400.jpg,en,
food,6221033000988,,,,,,,,,,,,en,
food,6224009169030,"Purified Water",,"Purified Water",,Puvana,Puvana,,,,en:beverages-and-beverages-preparations|en:beverages|en:waters,https://images.openfoodfacts.org/images/products/622/400/916/9030/front_en.3.400.jpg,en,
food,6222014300905,"Stirred Plaim Yogurt",,"Stirred Plaim Yogurt",,Juhayna,Juhayna,,,,,,en,
food,6224011374392,"Lemon Mint Drink",,"Lemon Mint Drink",,Maxi,Maxi,,,,,,en,
food,6224002598141,"زيت سهر",,"زيت سهر",,,,,,,,https://images.openfoodfacts.org/images/products/622/400/259/8141/front_en.3.400.jpg,en,
food,6223001360063,Pepsi,,Pepsi,,Pepsi,Pepsi,١٥,,,en:beverages-and-beverages-preparations|en:beverages|en:snacks|en:sweet-snacks|en:biscuits-and-cakes|en:non-alcoholic-beverages|en:carbonated-drinks|en:soft-drinks|en:cakes|en:sodas|en:colas,https://images.openfoodfacts.org/images/products/622/300/136/0063/front_en.16.400.jpg,en,
food,6222000512077,"قليه 13.25 LE","قليه 13.25 LE",,,,,,,,,https://images.openfoodfacts.org/images/products/622/200/051/2077/front_ar.4.400.jpg,ar,
food,6223001360766,Pepsi,,,,Pepsi,Pepsi,,,,en:beverages-and-beverages-preparations|en:beverages|en:non-alcoholic-beverages|en:carbonated-drinks|en:soft-drinks|en:artificially-sweetened-beverages|en:sodas|en:colas,https://images.openfoodfacts.org/images/products/622/300/136/0766/front_uz.15.400.jpg,uz,
food,6223001878001,Milk,Milk,Milk,,Almarai,Almarai,,,,en:dairies|en:milks-liquid-and-powder|en:milks,https://images.openfoodfacts.org/images/products/622/300/187/8001/front_en.5.400.jpg,ar,
food,6221012251103,Nutrifit,"bran flakes",Nutrifit,,Temmy’s,Temmy’s,250g,250,g,en:plant-based-foods-and-beverages|en:plant-based-foods|en:breakfasts|en:cereals-and-potatoes|en:cereals-and-their-products|en:breakfast-cereals|en:extruded-cereals,https://images.openfoodfacts.org/images/products/622/101/225/1103/front_en.19.400.jpg,en,
food,52070174,52070174,52070174,,,,,,,,,https://images.openfoodfacts.org/images/products/000/005/207/0174/front_ar.3.400.jpg,ar,
food,6221060001231,فينادون,فينادون,,,صح,صح,٥,,,ar:تم,,ar,
food,6221031490354,"Cheetos Puffs Dangerously Cheesy","شيتوس بافس","Cheetos Puffs Dangerously Cheesy",Cheetos,Cheetos,Cheetos,,,,en:snacks|en:salty-snacks|en:appetizers|en:biscuits-and-crackers|en:crackers-appetizers,https://images.openfoodfacts.org/images/products/622/103/149/0354/front_en.42.400.jpg,en,"Grumart, Metro, Oscar, Royal house"
food,6221034090759,بيض,بيض,Eggs,,"خير زمان","خير زمان",30,0,,en:eggs-and-their-products|en:farming-products|en:eggs|en:chicken-eggs|en:fresh-eggs,https://images.openfoodfacts.org/images/products/622/103/409/0759/front_en.8.400.jpg,ar,
food,6221035003062,mucoohylline,mucoohylline,,,,,,,,,https://images.openfoodfacts.org/images/products/622/103/500/3062/front_ar.9.400.jpg,ar,
food,6223000300930,,"Scotch mints",,,,,,,,,https://images.openfoodfacts.org/images/products/622/300/030/0930/front_en.6.400.jpg,xx,
food,62210683,,,,,Gold,Gold,,,,,https://images.openfoodfacts.org/images/products/000/006/221/0683/front_en.4.400.jpg,en,
food,6221045999973,comtrex,comtrex,,,,,1,,,,https://images.openfoodfacts.org/images/products/622/104/599/9973/front_ar.3.400.jpg,ar,
food,6223001160601,"Biscato Chato",,"Biscato Chato",,,,,,,,https://images.openfoodfacts.org/images/products/622/300/116/0601/front_en.5.400.jpg,en,
food,6223001361725,"Pepsi Regular 240ml Can",,,,Pepsi,Pepsi,,,,en:beverages-and-beverages-preparations|en:beverages|en:non-alcoholic-beverages|en:carbonated-drinks|en:soft-drinks|en:sodas,https://images.openfoodfacts.org/images/products/622/300/136/1725/front_fr.3.400.jpg,fr,
food,6223001360124,,,,,,,,,,,,en,
food,6223001363637,بيبسي,بيبسي,,,بيبسي,بيبسي,1لتر,,,,,ar,
food,6223007311694,"الصف الثالث الإعدادي الترم الثاني","الصف الثالث الإعدادي الترم الثاني",,,,,,,,,https://images.openfoodfacts.org/images/products/622/300/731/1694/front_ar.3.400.jpg,ar,
food,6221039302932,,,,,,,,,,,https://images.openfoodfacts.org/images/products/622/103/930/2932/front_en.3.400.jpg,en,
food,6221031491474,"Cheetos Flamin' Hot","Cheetos Flamin' Hot",,,Cheetos,Cheetos,,,,en:snacks|en:salty-snacks|en:appetizers|en:chips-and-fries|en:crisps|en:corn-chips,https://images.openfoodfacts.org/images/products/622/103/149/1474/front_ar.9.400.jpg,ar,
food,7622210354785,اوريو,,اوريو,,Oreo,oreo,28.5,,,en:بسكوت,,en,
food,6251001214468,منديل,منديل,,,,,,,,,https://images.openfoodfacts.org/images/products/625/100/121/4468/front_en.4.400.jpg,xx,
food,6223003940270,Jelly,,Jelly,,Dream,dream,,,,,https://images.openfoodfacts.org/images/products/622/300/394/0270/front_en.4.400.jpg,en,
food,6221031490309,Chips,,Chips,,Doritos,doritos,,,,,https://images.openfoodfacts.org/images/products/622/103/149/0309/front_en.18.400.jpg,en,
food,6223003803759,"Ulker Date Biscuits",,"Ulker Date Biscuits",,Ulker,Ulker,"112 g",112,g,en:snacks|en:sweet-snacks|en:biscuits-and-cakes|en:biscuits-and-crackers|en:biscuits|en:filled-biscuits,https://images.openfoodfacts.org/images/products/622/300/380/3759/front_en.4.400.jpg,en,
food,6224009136124,,,,,,,,,,,https://images.openfoodfacts.org/images/products/622/400/913/6124/front_ar.3.400.jpg,en,
food,6223000430040,Bread,,Bread,,"Rich Bake","Rich Bake",,,,,https://images.openfoodfacts.org/images/products/622/300/043/0040/front_en.12.400.jpg,en,
food,6223007300070,الامتحان,الامتحان,,,,,,,,,https://images.openfoodfacts.org/images/products/622/300/730/0070/front_ar.5.400.jpg,ar,
food,6221031490453,Chipsy,,Chipsy,,Chipsy,Chipsy,,,,,,en,
food,6224000045012,Crackers,,Crackers,,Flaminco,Flaminco,,,,,https://images.openfoodfacts.org/images/products/622/400/004/5012/front_en.4.400.jpg,en,
food,6223001364986,ستينج,ستينج,,,,,"275 مل",,,,,ar,
food,6223000430019,"Normal toast bread",,,,,,,,,en:plant-based-foods-and-beverages|en:plant-based-foods|en:cereals-and-potatoes|en:cereals-and-their-products|en:breads,https://images.openfoodfacts.org/images/products/622/300/043/0019/front_fr.3.400.jpg,fr,
food,7622201640613,OREO,,OREO,,Carfor,Carfor,22343,0,,en:beverages-and-beverages-preparations|en:beverages|en:alcoholic-beverages|en:snacks|en:sweet-snacks|en:wines|en:biscuits-and-cakes|en:biscuits-and-crackers|en:biscuits|en:rose-wines|en:11-rose-wine,,en,
food,6223000110096,,"قهوة تركية فاخرة بن محوج سوبر غامق",,,,,100g,100,,,https://images.openfoodfacts.org/images/products/622/300/011/0096/front_en.7.400.jpg,en,
food,6223001363002,Pepsi,,,,,,,,,,https://images.openfoodfacts.org/images/products/622/300/136/3002/front_fr.3.400.jpg,fr,
food,6223000492000,"Todo bomb","Todo bomb",,,,,,,,en:snacks|en:sweet-snacks|en:biscuits-and-cakes|en:cakes|en:chocolate-cakes,https://images.openfoodfacts.org/images/products/622/300/049/2000/front_en.3.400.jpg,ar,
food,6224008756187,شوفان,,شوفان,,DOBELLA,DOBELLA,"104 ج م",0,,,https://images.openfoodfacts.org/images/products/622/400/875/6187/front_en.3.400.jpg,ar,
food,7622210627216,Original,,Original,,Oreo,oreo,76g,76,,,https://images.openfoodfacts.org/images/products/762/221/062/7216/front_en.9.400.jpg,en,
food,6222014334252,"juhayna mixed berries",,"juhayna mixed berries",,juhayna,juhayna,"235 ml",235,,"en:Berry juice",https://images.openfoodfacts.org/images/products/622/201/433/4252/front_en.6.400.jpg,en,
food,6223000680384,"Plain rice cakes",,,,,,,,,,https://images.openfoodfacts.org/images/products/622/300/068/0384/front_fr.3.400.jpg,fr,
food,6225000201927,"Peanut butter",,"Peanut butter",,Fitnuts,Fitnuts,320g,320,g,en:plant-based-foods-and-beverages|en:plant-based-foods|en:legumes-and-their-products|en:spreads|en:plant-based-spreads|en:oilseed-purees|en:legume-butters|en:peanut-butters,,en,
food,6221031492211,شيبسى,شيبسى,,,شيبسى,شيبسى,"100 g",100,,en:chips-and-fries,https://images.openfoodfacts.org/images/products/622/103/149/2211/front_ar.4.400.jpg,ar,
food,6221033101319,"Tomato ketchup",,"Tomato ketchup",,Heinz,heinz,"340 g",340,g,en:plant-based-foods-and-beverages|en:plant-based-foods|en:fruits-and-vegetables-based-foods|en:vegetable-based-foods-and-beverages|en:condiments|en:vegetables-based-foods|en:tomatoes-and-their-products|en:sauces|en:tomato-sauces|en:ketchup|en:tomato-ketchup,https://images.openfoodfacts.org/images/products/622/103/310/1319/front_en.4.400.jpg,en,
food,6221155079305,Tee,,Tee,,Lipton,Lipton,,,,,,en,
food,6222014310805,"Milk 0 percent fat",,"Milk 0 percent fat",,Juhayna,Juhayna,"1 l",1000,ml,"en:Milk fatless",https://images.openfoodfacts.org/images/products/622/201/431/0805/front_en.4.400.jpg,en,
food,6223000756652,Cheese,,"Feta Cheese Vegetable Fat",,"Domty Plus","Domty Plus",,,,,https://images.openfoodfacts.org/images/products/622/300/075/6652/front_fr.10.400.jpg,fr,
food,6224000865139,بريجو,بريجو,,,,,,,,,https://images.openfoodfacts.org/images/products/622/400/086/5139/front_ar.4.400.jpg,ar,
food,6222001180060,"bisco luxe","bisco luxe",,,"bisco misr","bisco misr","8 قطع",,,,,ar,
food,6223000350454,"juhayna Mix caramel milk",,"juhayna Mix caramel milk",,Juhayna,Juhayna,200ml,200,,,https://images.openfoodfacts.org/images/products/622/300/035/0454/front_en.4.400.jpg,en,
food,6223006520547,جبنة,جبنة,"عبورلاند جبنة طرى نباتى الذهن بطعم الجبنة الشيدر",,"Obour land, عبور لاند","Obour land|عبور لاند",,,,,https://images.openfoodfacts.org/images/products/622/300/652/0547/front_ar.5.400.jpg,ar,
food,6222035204398,"STIX Sweet Chili",,"STIX Sweet Chili",,Jaguar,Jaguar,,,,,,en,
food,6224007235034,,,,,,,,,,,,ar,
food,6224009856718,"despacito dark 99%","despacito dark 99%",,,,,"80 g",80,g,en:snacks|en:sweet-snacks|en:cocoa-and-its-products|en:chocolates|en:dark-chocolates,https://images.openfoodfacts.org/images/products/622/400/985/6718/front_ar.4.400.jpg,ar,
food,6223001361817,,,,,,,,,,en:beverages-and-beverages-preparations|en:beverages|en:non-alcoholic-beverages|en:carbonated-drinks|en:soft-drinks|en:sodas,https://images.openfoodfacts.org/images/products/622/300/136/1817/front_en.3.400.jpg,en,
food,6221040240506,,,,,,,,,,,,ar,
food,5060763895829,,,,,,,,,,en:dietary-supplements|en:bodybuilding-supplements|en:creatine|ar:5060763895829,https://images.openfoodfacts.org/images/products/506/076/389/5829/front_en.11.400.jpg,en,
food,6223001876854,"Chocolate Milk","Beyti Marai","Chocolate Milk",,Beyti,Beyti,,,,en:beverages-and-beverages-preparations|en:beverages|en:dairies|en:dairy-drinks|en:flavoured-milks|en:chocolate-milks,https://images.openfoodfacts.org/images/products/622/300/187/6854/front_en.6.400.jpg,en,
food,6223000555118,"HoHos King Sized Cream Roll",,"HoHos King Sized Cream Roll",,Edita,edita,,,,en:snacks|en:sweet-snacks|en:confectioneries,https://images.openfoodfacts.org/images/products/622/300/055/5118/front_en.3.400.jpg,en,
food,6221007013952,Nescafé,,Nescafé,,Nescafe,Nescafe,"50 g",50,g,en:beverages-and-beverages-preparations|en:plant-based-foods-and-beverages|en:plant-based-foods|en:beverage-preparations|en:coffees|en:instant-beverages|en:instant-coffees,https://images.openfoodfacts.org/images/products/622/100/701/3952/front_en.7.400.jpg,en,
food,6223000493533,Molto,,Molto,,Edita,edita,"30 g",30,,,https://images.openfoodfacts.org/images/products/622/300/049/3533/front_en.5.400.jpg,en,
food,6223000761021,TAHINA,"El bawadi",TAHINA,,"El bawadi","El bawadi",1,0,,,https://images.openfoodfacts.org/images/products/622/300/076/1021/front_en.13.400.jpg,en,
food,6223002212545,"أقراص خميرة","أقراص خميرة",,,,,,,,,https://images.openfoodfacts.org/images/products/622/300/221/2545/front_ar.4.400.jpg,ar,
food,6224001071867,"Caramel Cafe",,"Caramel Cafe","Caramel Latte Cafe",www.bonjornocafe.com,www.bonjornocafe.com,18g,18,g,"en:beverages-and-beverages-preparations|en:plant-based-foods-and-beverages|en:beverages|en:plant-based-foods|en:breakfasts|en:beverage-preparations|en:coffees|en:instant-beverages|en:instant-coffees|en:Caramel flavor",https://images.openfoodfacts.org/images/products/622/400/107/1867/front_ar.18.400.jpg,en,
food,6223001700241,,,,,,,,,,,https://images.openfoodfacts.org/images/products/622/300/170/0241/front_ar.4.400.jpg,en,
food,6223003803834,"Golden oat",,"Golden oat",,McVitie's,mcvitie-s,,,,en:snacks|en:sweet-snacks|en:biscuits-and-cakes|en:biscuits-and-crackers|en:biscuits,https://images.openfoodfacts.org/images/products/622/300/380/3834/front_en.14.400.jpg,en,
food,5900617034809,"Milk Chocolate Coconut Bar Vitamin",,"Milk Chocolate Coconut Bar Vitamin",,"Go On Nutrition, Sante","Go On Nutrition|Sante",50g,50,g,en:snacks|en:sweet-snacks|en:cocoa-and-its-products|en:confectioneries|en:chocolate-candies|en:bars|en:dietary-supplements|en:bodybuilding-supplements|en:candy-chocolate-bars,https://images.openfoodfacts.org/images/products/590/061/703/4809/front_en.9.400.jpg,en,"zahran market"
food,6223003806590,,,,,,,,,,,https://images.openfoodfacts.org/images/products/622/300/380/6590/front_en.4.400.jpg,en,
food,6221007031710,"Fitness biscuits",,"Fitness biscuits",,"Nestle fitness","Nestle fitness",,,,en:breakfasts|en:snacks|en:sweet-snacks|en:biscuits-and-cakes|en:biscuits-and-crackers|en:biscuits|en:dry-biscuits|en:breakfast-biscuit,https://images.openfoodfacts.org/images/products/622/100/703/1710/front_en.13.400.jpg,en,
food,6281004876530,,,,,,,,,,,https://images.openfoodfacts.org/images/products/628/100/487/6530/front_en.7.400.jpg,en,
food,6223000400708,,,,,,,,,,,https://images.openfoodfacts.org/images/products/622/300/040/0708/front_ar.6.400.jpg,en,
food,6225000399044,"KAYY vegan protein mixed berries and cream",,"KAYY vegan protein mixed berries and cream",,KAYY,KAYY,300G,300,g,"en:dietary-supplements|en:Instant oatmeal",https://images.openfoodfacts.org/images/products/622/500/039/9044/front_en.4.400.jpg,en,
food,6223003803308,"Finger biscuits",,,,Ülker,Ülker,,,,,https://images.openfoodfacts.org/images/products/622/300/380/3308/front_fr.3.400.jpg,fr,
food,6223001512158,الملكة,الملكة,,,,,1,,,,https://images.openfoodfacts.org/images/products/622/300/151/2158/front_ar.3.400.jpg,ar,
food,5000318106376,"British white oats",,"British white oats",,Green’s,Green’s,500,,,en:plant-based-foods-and-beverages|en:plant-based-foods|en:cereals-and-potatoes|en:seeds|en:cereals-and-their-products|en:cereal-grains|en:oat,https://images.openfoodfacts.org/images/products/500/031/810/6376/front_en.17.400.jpg,en,
food,6221133000659,الاضواء,الاضواء,,,,,,,,,,ar,
food,6223001360582,,"7up can zero sugar",,"LOW CALORIE CARBONATED BEVERAGE SWEETENED WITH ASPARTAME AND ACESULFAME K","7 UP, pepsi","7 UP|pepsi",320ml,320,ml,en:beverages-and-beverages-preparations|en:beverages|en:carbonated-drinks|en:artificially-sweetened-beverages|en:sodas|en:diet-beverages|en:carbonated-soft-drinks-without-fruit-juice|en:colas|en:diet-sodas|en:carbonated-soft-drinks-without-fruit-juice-with-sugar-and-artificial-sweeteners|en:diet-cola-soft-drink,https://images.openfoodfacts.org/images/products/622/300/136/0582/front_en.27.400.jpg,en,
food,6223001878308,"Al marai 0% fat milk","لبن المراعى خالى دسم","Al marai 0% fat milk",,,,,,,,https://images.openfoodfacts.org/images/products/622/300/187/8308/front_en.5.400.jpg,en,
food,6222020800444,"KitKat ice cream",,"KitKat ice cream",,KitKat,KitKat,,,,,https://images.openfoodfacts.org/images/products/622/202/080/0444/front_en.4.400.jpg,en,
food,6223003806453,,,,,McVitie's,mcvitie-s,,,,en:snacks|en:sweet-snacks|en:biscuits-and-cakes|en:biscuits-and-crackers|en:biscuits,https://images.openfoodfacts.org/images/products/622/300/380/6453/front_en.4.400.jpg,en,
food,6223004765346,"cocoa powder","cocoa powder",,,"abu auf","abu auf",250g,250,,"en:Cocoa powder for beverages without sugar",,ar,
food,6225000422957,oat,,oat,,"fit oat","fit oat","300 g",300,g,en:plant-based-foods-and-beverages|en:dairies|en:plant-based-foods|en:cereals-and-potatoes|en:condiments|en:cereals-and-their-products|en:flours|en:milks-liquid-and-powder|en:cereal-flours|en:milks|en:salts|en:whole-milks|en:oat-flours|en:table-salts|en:Groceries,https://images.openfoodfacts.org/images/products/622/500/042/2957/front_en.4.400.jpg,en,
food,90435775,RedBull,,"RedBull coconut and berry",,RedBull,RedBull,250ml,250,ml,en:beverages-and-beverages-preparations|en:beverages|en:energy-drinks,https://images.openfoodfacts.org/images/products/000/009/043/5775/front_ar.11.400.jpg,ar,
food,9780194054508,"show tell 1","show tell 1",,,,,,,,,https://images.openfoodfacts.org/images/products/978/019/405/4508/front_ar.6.400.jpg,ar,
food,6225000177802,"Sweetal sweetner",,,,,,,,,,https://images.openfoodfacts.org/images/products/622/500/017/7802/front_fr.3.400.jpg,fr,
food,6221031491467,Cheetos,,Cheetos,,"Cheetos crunchy","Cheetos crunchy",,,,en:snacks|en:salty-snacks|en:appetizers,https://images.openfoodfacts.org/images/products/622/103/149/1467/front_en.4.400.jpg,en,
food,6223006311848,"Hot choco",,"Hot choco",,"Abo 3oof","Abo 3oof",,,,,,en,
food,6222009500228,Lambada,Lambada,,,بسكويت,بسكويت,"8 قطعه",0,,en:snacks|en:sweet-snacks|en:biscuits-and-cakes|en:biscuits-and-crackers|en:biscuits,https://images.openfoodfacts.org/images/products/622/200/950/0228/front_ar.4.400.jpg,ar,
food,6221007022183,"Nescafé gold",,"Nescafé gold",,Nescafé,Nescafé,,,,,https://images.openfoodfacts.org/images/products/622/100/702/2183/front_en.4.400.jpg,en,
food,6221012000701,"Choco rice",,,,,,,,,,https://images.openfoodfacts.org/images/products/622/101/200/0701/front_fr.3.400.jpg,fr,
food,7622210616074,"Hot cocoa 3 in1",,"Hot cocoa 3 in1",,,,,,,,https://images.openfoodfacts.org/images/products/762/221/061/6074/front_en.4.400.jpg,en,
food,5410076651702,,,,,,,,,,,https://images.openfoodfacts.org/images/products/541/007/665/1702/front_ar.4.400.jpg,en,
food,6223004680328,GLYSOLID,,,,,,,,,,https://images.openfoodfacts.org/images/products/622/300/468/0328/front_fr.3.400.jpg,fr,
food,6221031491849,"Chicken chips",,"Chicken chips",,Crunchy,Crunchy,,,,,https://images.openfoodfacts.org/images/products/622/103/149/1849/front_en.4.400.jpg,en,
food,6224001167423,"Suntop orange",,"Suntop orange",,SUNTOP,SUNTOP,"250 ml",250,ml,"en:beverages-and-beverages-preparations|en:beverages|en:Orange drink",https://images.openfoodfacts.org/images/products/622/400/116/7423/front_en.32.400.jpg,en,
food,04966784,"سجائر بوكس","سجائر بوكس",,,كليوبترا,كليوبترا,1,,,ar:تدخين,https://images.openfoodfacts.org/images/products/000/000/496/6784/front_ar.4.400.jpg,ar,
food,6223007300667,"علوم الصف الثالث الاعدادي الترم الثاني","علوم الصف الثالث الاعدادي الترم الثاني",,,,,,,,"ar:كتب مدرسيه",https://images.openfoodfacts.org/images/products/622/300/730/0667/front_ar.4.400.jpg,ar,
food,6251001246667,فاين,فاين,,,فاين,فاين,1,,,ar:محمد,,ar,اولدبدر
food,6223000352625,Zabado,,,,,,,,,,https://images.openfoodfacts.org/images/products/622/300/035/2625/front_fr.3.400.jpg,fr,
food,5900852055638,"للبن اطفال","للبن اطفال",,,,,"400 g",400,,,https://images.openfoodfacts.org/images/products/590/085/205/5638/front_ar.4.400.jpg,ar,
food,6223000111130,"قهوة تركية فاخرة بن محوج مخصوص وسط","قهوة تركية فاخرة بن محوج مخصوص وسط",,,,,100g,100,,,https://images.openfoodfacts.org/images/products/622/300/011/1130/front_en.3.400.jpg,ar,
food,6224000020002,"Peanut Butter",,"Peanut Butter",,Ahef,Ahef,700g,700,g,en:plant-based-foods-and-beverages|en:plant-based-foods|en:legumes-and-their-products|en:spreads|en:plant-based-spreads|en:nuts-and-their-products|en:oilseed-purees|en:legume-butters|en:peanut-butters|en:nut-butters,https://images.openfoodfacts.org/images/products/622/400/002/0002/front_en.3.400.jpg,en,
food,6224000020026,"Peanut Butter",,"Peanut Butter",,Ahef,Ahef,350g,350,g,en:plant-based-foods-and-beverages|en:plant-based-foods|en:legumes-and-their-products|en:spreads|en:plant-based-spreads|en:nuts-and-their-products|en:oilseed-purees|en:legume-butters|en:peanut-butters|en:nut-butters,https://images.openfoodfacts.org/images/products/622/400/002/0026/front_en.7.400.jpg,en,
food,6224009577750,"Fayroz Penne",,"Fayroz Penne",,Fayroz,Fayroz,"400 g",400,,en:plant-based-foods-and-beverages|en:plant-based-foods|en:cereals-and-potatoes|en:cereals-and-their-products|en:pastas|en:cereal-pastas|en:durum-wheat-pasta,,en,
food,6040391212457,,,,,,,,,,,https://images.openfoodfacts.org/images/products/604/039/121/2457/front_ar.4.400.jpg,ar,
food,6221043012513,,,,,,,,,,,https://images.openfoodfacts.org/images/products/622/104/301/2513/front_ar.6.400.jpg,ar,
food,6224010521179,"Protein puff","Protein puff",,,kayy,kayy,"60 غرام",,,ar:مقرمشات,https://images.openfoodfacts.org/images/products/622/401/052/1179/front_ar.11.400.jpg,ar,
food,6224010439030,"Healthy Spread",,,,,,,,,en:spreads,https://images.openfoodfacts.org/images/products/622/401/043/9030/front_fr.3.400.jpg,en,
food,6222014335532,Pure,,Pure,,Juhayna,Juhayna,1000ml,1000,ml,"en:beverages-and-beverages-preparations|en:plant-based-foods-and-beverages|en:beverages|en:fruit-based-foods-and-beverages|en:plant-based-beverages|en:fruit-based-beverages|en:juices-and-nectars|en:fruit-juices|en:multifruit-juices|en:Cocktail juice",https://images.openfoodfacts.org/images/products/622/201/433/5532/front_en.11.400.jpg,en,
food,6954851218517,,,,,,,,,,,https://images.openfoodfacts.org/images/products/695/485/121/8517/front_ar.4.400.jpg,ar,
food,6224010950146,"Suntop apple",,,,,,250ml,250,,,https://images.openfoodfacts.org/images/products/622/401/095/0146/front_fr.3.400.jpg,fr,
food,6223001362951,"بيبسي ثلاثه جنيه",,"بيبسي ثلاثه جنيه",,بيبسي,بيبسي,١,,,,https://images.openfoodfacts.org/images/products/622/300/136/2951/front_en.4.400.jpg,xx,
food,6223000710654,"صن شاين ماكريل ٣٥٠ جرام",,"صن شاين ماكريل ٣٥٠ جرام",,,,,,,,https://images.openfoodfacts.org/images/products/622/300/071/0654/front_en.4.400.jpg,en,
food,6221031492525,,,,,,,,,,,,en,
food,6223007310536,"كتاب المعاصر رياضيات","كتاب المعاصر رياضيات",,,"6  223007     31 10 536","6  223007     31 10 536",١,0,,en:dairies|en:fermented-foods|en:fermented-milk-products|en:cheeses|en:cow-cheeses|en:french-cheeses|en:uncooked-pressed-cheeses|en:cantal,https://images.openfoodfacts.org/images/products/622/300/731/0536/front_ar.4.400.jpg,ar,
food,6223007430531,Molasses,,Molasses,,"El Rashid El Mizan","El Rashid El Mizan",700g,700,g,en:sweeteners|en:syrups|en:simple-syrups|en:molasses,https://images.openfoodfacts.org/images/products/622/300/743/0531/front_en.19.400.jpg,en,
food,6223000496725,Rwinkies,,Rwinkies,,,,,,,,https://images.openfoodfacts.org/images/products/622/300/049/6725/front_en.3.400.jpg,en,
food,6221073001907,"Bimbo original",,"Bimbo original",,,,,,,,https://images.openfoodfacts.org/images/products/622/107/300/1907/front_en.4.400.jpg,en,
food,6222024100922,Biskrem,,Biskrem,,McVitie's,mcvitie-s,,,,en:snacks|en:sweet-snacks|en:biscuits-and-cakes|en:biscuits-and-crackers|en:biscuits,https://images.openfoodfacts.org/images/products/622/202/410/0922/front_en.3.400.jpg,en,
food,6222014330643,"Juhayna apple",,"Juhayna apple",,,,,,,en:beverages-and-beverages-preparations|en:plant-based-foods-and-beverages|en:beverages|en:fruit-based-foods-and-beverages|en:plant-based-beverages|en:fruit-based-beverages|en:juices-and-nectars|en:fruit-juices|en:unsweetened-beverages|en:apple-juices,https://images.openfoodfacts.org/images/products/622/201/433/0643/front_en.4.400.jpg,en,
food,6224011241090,V7,,V7,,V7,V7,,,,,https://images.openfoodfacts.org/images/products/622/401/124/1090/front_en.4.400.jpg,en,
food,6223000494103,مولتو,,مولتو,,"ماركة مسجلة","ماركة مسجلة","٣٢-٣٩ جرام",,,"en:٣ جنيه",,ar,
food,6224010081130,Water,,,,,,,,,,https://images.openfoodfacts.org/images/products/622/401/008/1130/front_fr.3.400.jpg,fr,
food,6224008467397,Oats,,Oats,,"Don lopez","Don lopez","600 grams",600,g,en:plant-based-foods-and-beverages|en:plant-based-foods|en:cereals-and-potatoes|en:seeds|en:cereals-and-their-products|en:cereal-grains|en:oat,,en,
food,6224010205550,,,,,,,,,,,https://images.openfoodfacts.org/images/products/622/401/020/5550/front_en.3.400.jpg,en,
food,8445290249357,,,,,,,,,,en:beverages-and-beverages-preparations|en:beverages|en:alcoholic-beverages|en:beers,https://images.openfoodfacts.org/images/products/844/529/024/9357/front_en.3.400.jpg,en,
food,6223000551646,,6223000551646,,,,,,,,,https://images.openfoodfacts.org/images/products/622/300/055/1646/front_id.5.400.jpg,id,
food,6223001875222,"Boissons du Cocktail",,"بيتي كوكتيل",,Tropicana,tropicana,,,,en:beverages-and-beverages-preparations|en:plant-based-foods-and-beverages|en:beverages|en:fruit-based-foods-and-beverages|en:plant-based-beverages|en:fruit-based-beverages|en:juices-and-nectars|en:fruit-juices,https://images.openfoodfacts.org/images/products/622/300/187/5222/front_fr.8.400.jpg,fr,
food,6223001360100,Pepsi,,Pepsi,,"Pepsi - Cola","Pepsi - Cola",,,,en:beverages-and-beverages-preparations|en:beverages|en:non-alcoholic-beverages|en:carbonated-drinks|en:soft-drinks|en:sodas|en:colas,,en,
food,6224000866891,,,,,,,,,,,,ar,
food,8801116019564,,,,,,,,,,,,ar,
food,6225000381650,,,,,,,,,,,https://images.openfoodfacts.org/images/products/622/500/038/1650/front_ar.5.400.jpg,ar,
food,6221155114914,,,,,,,,,,,https://images.openfoodfacts.org/images/products/622/115/511/4914/front_ar.3.400.jpg,ar,
food,6221155123763,,,,,Knorr,knorr,,,,,https://images.openfoodfacts.org/images/products/622/115/512/3763/front_en.3.400.jpg,en,
food,6223000491294,"Molto XXL Chocolate & Hazelnut","Molto XXL Chocolate & Hazelnut",molto,,إيديتا,إيديتا,قطعة,,,en:snacks|en:sweet-snacks|en:sweet-pastries-and-pies|en:viennoiseries|en:filled-croissants|en:croissant-filled-with-chocolate,https://images.openfoodfacts.org/images/products/622/300/049/1294/front_ar.4.400.jpg,ar,
food,6223003803940,اولكر,اولكر,,,Ülker,Ülker,4,0,,,https://images.openfoodfacts.org/images/products/622/300/380/3940/front_ar.7.400.jpg,ar,
food,6221033111318,"Heinz Tomato Paste",,"Heinz Tomato Paste",,Heinz,heinz,360g,360,g,en:plant-based-foods-and-beverages|en:plant-based-foods|en:fruits-and-vegetables-based-foods|en:vegetable-based-foods-and-beverages|en:canned-foods|en:vegetables-based-foods|en:canned-plant-based-foods|en:tomatoes-and-their-products|en:canned-tomato-products|en:tomato-pastes,https://images.openfoodfacts.org/images/products/622/103/311/1318/front_en.20.400.jpg,en,
food,6222035205821,"big chips (kettle cooked)",,"big chips (kettle cooked)",,"big chips","big chips","65 grams ,10 egp",65,g,en:plant-based-foods-and-beverages|en:plant-based-foods|en:snacks|en:cereals-and-potatoes|en:salty-snacks|en:appetizers|en:chips-and-fries|en:potatoes-and-their-products|en:crisps|en:salty-snacks-made-from-potato|en:potato-crisps,https://images.openfoodfacts.org/images/products/622/203/520/5821/front_en.6.400.jpg,en,
food,6224009337057,,,,,,,,,,en:plant-based-foods-and-beverages|en:plant-based-foods|en:snacks|en:cereals-and-potatoes|en:salty-snacks|en:appetizers|en:chips-and-fries|en:potatoes-and-their-products|en:crisps|en:salty-snacks-made-from-potato|en:potato-crisps,https://images.openfoodfacts.org/images/products/622/400/933/7057/front_de.3.400.jpg,de,
food,7622201694869,"Halls cherry",,"Halls cherry",,Mondelez,Mondelez,,,,en:snacks|en:sweet-snacks|en:confectioneries|en:candies|en:caramels,https://images.openfoodfacts.org/images/products/762/220/169/4869/front_en.27.400.jpg,en,
food,6222014310881,"Juhayna Mix chocolate milk","Mix chocolate juhayna","juhayna mix chocolate",,,,200ml,200,ml,,https://images.openfoodfacts.org/images/products/622/201/431/0881/front_fr.13.400.jpg,fr,
food,6223000650554,,,,,,,"200 ml",200,ml,,https://images.openfoodfacts.org/images/products/622/300/065/0554/front_en.3.400.jpg,en,
food,6223000498231,"HOHOs 7LE",,"HOHOs 7LE",,,,,,,,https://images.openfoodfacts.org/images/products/622/300/049/8231/front_en.3.400.jpg,en,
food,6224009210022,,,,,,,,,,en:dairies|en:fermented-foods|en:fermented-milk-products|en:cheeses,,ar,
food,6223000555231,Twinkies,,Twinkies,,Twinkies,Twinkies,,,,en:snacks|en:sweet-snacks|en:biscuits-and-cakes|en:cakes,https://images.openfoodfacts.org/images/products/622/300/055/5231/front_en.7.400.jpg,ar,
food,6223000554173,,,,,,,,,,,https://images.openfoodfacts.org/images/products/622/300/055/4173/front_en.3.400.jpg,en,
food,6221031490330,"Doritos sweet chili pepper",,"Doritos sweet chili pepper",,Doritos,doritos,"35 g",35,g,en:snacks|en:salty-snacks|en:appetizers|en:chips-and-fries|en:crisps|en:corn-chips,https://images.openfoodfacts.org/images/products/622/103/149/0330/front_en.5.400.jpg,en,
food,6221078111199,"Imtenan spring flower honey","إمتنان عسل نحل","Imtenan spring flower honey","Imtenan honey",IMTENAN,IMTENAN,250,0,,en:breakfasts|en:spreads|en:sweet-spreads|en:bee-products|en:farming-products|en:sweeteners|en:honeys,https://images.openfoodfacts.org/images/products/622/107/811/1199/front_en.25.400.jpg,en,"Metro, Oscar Market, Royal House"
food,6223000493106,Hohos,,Hohos,,HOHOs,HOHOs,"30 g",30,,,https://images.openfoodfacts.org/images/products/622/300/049/3106/front_en.5.400.jpg,en,
food,6223000551530,"Hohos jumbo",,"Hohos jumbo",Hohos,Edita,edita,"40 g",40,g,en:snacks|en:sweet-snacks|en:biscuits-and-cakes|en:cakes,https://images.openfoodfacts.org/images/products/622/300/055/1530/front_en.3.400.jpg,en,"Grumart, Oscar, Royal house"
food,6223001874317,"Milk Almarai",,"Milk Almarai","Almarai milk",Almarai,Almarai,"1 L",1000,ml,en:dairies|en:milks-liquid-and-powder|en:milks|en:cow-milks,https://images.openfoodfacts.org/images/products/622/300/187/4317/front_en.5.400.jpg,en,"Grumart, Metro, Oscar, Royal house"
food,6223003114008,"Mom’s food tomato pasta sauce",,"Mom’s food tomato pasta sauce","Tomato pasta sauce","Mom’s food","Mom’s food","375 gm",375,g,en:plant-based-foods-and-beverages|en:plant-based-foods|en:fruits-and-vegetables-based-foods|en:vegetable-based-foods-and-beverages|en:canned-foods|en:condiments|en:vegetables-based-foods|en:canned-plant-based-foods|en:tomatoes-and-their-products|en:canned-tomato-products|en:sauces|en:tomato-pastes|en:Groceries,https://images.openfoodfacts.org/images/products/622/300/311/4008/front_en.8.400.jpg,en,"Oscar, Royal House"
food,6224000124199,March,,March,,"Egypt Trade","Egypt Trade","24 g",24,,,https://images.openfoodfacts.org/images/products/622/400/012/4199/front_en.3.400.jpg,en,
food,8595229910633,"OAT FLAKES SMALL LEAVES","رقائق الشوفان ايمكو","OAT FLAKES SMALL LEAVES","Oat flakes",Emco,Emco,"500 g",500,g,en:plant-based-foods-and-beverages|en:plant-based-foods|en:breakfasts|en:cereals-and-potatoes|en:cereals-and-their-products|en:breakfast-cereals|en:flakes|en:cereal-flakes|en:rolled-flakes|en:rolled-oats,https://images.openfoodfacts.org/images/products/859/522/991/0633/front_en.99.400.jpg,en,
food,6224000432096,"Dina farms chocolate milk","مزارع دينا حليب بالشيكولاتة 0.9لتر","Dina farms chocolate milk","Dina farms chocolate milk","Dina Farms","Dina Farms","850 ml",850,ml,en:beverages-and-beverages-preparations|en:beverages|en:dairies|en:milks-liquid-and-powder|en:dairy-drinks|en:milks|en:flavoured-milks|en:chocolate-milks,https://images.openfoodfacts.org/images/products/622/400/043/2096/front_en.28.400.jpg,en,"Grumart, Oscar"
food,6223000055939,,,,Creamita,"El Rashidi El Mizan, Creamita",el-rashidi-el-mizan|Creamita,200g,200,g,en:breakfasts|en:spreads|en:sweet-spreads|fr:pates-a-tartiner|en:hazelnut-spreads|en:chocolate-spreads|en:cocoa-and-hazelnuts-spreads,https://images.openfoodfacts.org/images/products/622/300/005/5939/front_en.12.400.jpg,en,"Best Market"
food,6221012787015,"Noodles beef flavor",,"Noodles beef flavor",Noodles,Kellogg's,kellogg-s,70g,70,g,en:plant-based-foods-and-beverages|en:plant-based-foods|en:cereals-and-potatoes|en:meals|en:cereals-and-their-products|en:pastas|en:soups|en:noodles,https://images.openfoodfacts.org/images/products/622/101/278/7015/front_en.28.400.jpg,en,"Oscar market, Royal house"
food,6223003190095,Brunch,Brunch,,,,,,,,,https://images.openfoodfacts.org/images/products/622/300/319/0095/front_ar.6.400.jpg,ar,
food,6221024050039,,,,,,,,,,,https://images.openfoodfacts.org/images/products/622/102/405/0039/front_ar.7.400.jpg,ar,
food,6221007029519,"Fitness Toasties",,"Fitness Toasties",,Nestlé,nestle,36g,36,g,en:snacks|en:salty-snacks,https://images.openfoodfacts.org/images/products/622/100/702/9519/front_en.15.400.jpg,en,
food,8901138504557,هيمالايا,هيمالايا,"Refreshing Fruit Mask",,HlmalaYa,HlmalaYa,"150 مل",0,,ar:كريم,https://images.openfoodfacts.org/images/products/890/113/850/4557/front_ar.4.400.jpg,ar,
food,6223000710036,Hayat,,,,,,,,,,https://images.openfoodfacts.org/images/products/622/300/071/0036/front_fr.3.400.jpg,fr,
food,6223000492406,"bake rolz",,"bake rolz",,,,,,,,https://images.openfoodfacts.org/images/products/622/300/049/2406/front_en.4.400.jpg,en,
food,6224008245612,"Chocolate puffs",,"Chocolate puffs","Chocolate cereal",Lino,Lino,250,,,en:plant-based-foods-and-beverages|en:plant-based-foods|en:breakfasts|en:cereals-and-potatoes|en:cereals-and-their-products,,en,"Oscar, Royal house"
food,3228022070062,"Istanboil cheese",,"Istanboil cheese",,,,,,,en:dairies|en:fermented-foods|en:fermented-milk-products|en:cheeses,https://images.openfoodfacts.org/images/products/322/802/207/0062/front_en.6.400.jpg,en,
food,7622210940735,Clorets,,Clorets,,Clorets,Clorets,2.9g,2.9,g,en:snacks|en:sweet-snacks|en:confectioneries|en:chewing-gum|en:sugar-free-chewing-gum,https://images.openfoodfacts.org/images/products/762/221/094/0735/front_en.5.400.jpg,en,Egypt
food,6221007025610,cerelac,,cerelac,,Nestlé,nestle,"125 g",125,,"en:Food for kids",https://images.openfoodfacts.org/images/products/622/100/702/5610/front_en.4.400.jpg,en,
food,8901905501703,"super dream",,"super dream",,monginis,monginis,1,,,,https://images.openfoodfacts.org/images/products/890/190/550/1703/front_en.4.400.jpg,en,
food,6253505461300,"Alkabous tea",,,,,,,,,,https://images.openfoodfacts.org/images/products/625/350/546/1300/front_fr.3.400.jpg,fr,
food,6221048822025,,,,,Knorr,knorr,,,,,https://images.openfoodfacts.org/images/products/622/104/882/2025/front_ar.4.400.jpg,en,
food,6225000312975,,,,,,,,,,,https://images.openfoodfacts.org/images/products/622/500/031/2975/front_en.4.400.jpg,en,
food,6221007025917,Cerelac,,,,,,"125 g",125,,,https://images.openfoodfacts.org/images/products/622/100/702/5917/front_fr.3.400.jpg,fr,
food,6222000552486,"هانم سمنه","هانم سمنه",,,,,,,,,https://images.openfoodfacts.org/images/products/622/200/055/2486/front_ar.4.400.jpg,ar,
beauty,6281006444218,"Conditioner coconut",,"Conditioner coconut",,Sunsilk,Sunsilk,350,,,,https://images.openbeautyfacts.org/images/products/628/100/644/4218/front_en.6.400.jpg,en,
beauty,0112200052916,"Nuxe Body",,"Nuxe Body",,,,1,,,,https://images.openbeautyfacts.org/images/products/011/220/005/2916/front_en.3.400.jpg,en,
beauty,8056814220037,,,,,,,,,,,https://images.openbeautyfacts.org/images/products/805/681/422/0037/front_en.3.400.jpg,en,
beauty,6221077080311,"Betadine mouthwash",,"Betadine mouthwash",,,,,,,en:non-open-products-facts,https://images.openbeautyfacts.org/images/products/622/107/708/0311/front_en.3.400.jpg,en,
beauty,08084925,,,,,,,,,,,https://images.openbeautyfacts.org/images/products/000/000/808/4925/front_ar.3.400.jpg,en,
beauty,3600551124803,,,,,Mixa,Mixa,400ml,400,ml,,https://images.openbeautyfacts.org/images/products/360/055/112/4803/front_de.13.400.jpg,ar,
beauty,6223001382836,,,,,,,,,,,https://images.openbeautyfacts.org/images/products/622/300/138/2836/front_en.3.400.jpg,en,
beauty,6224001714146,,,,,,,,,,,https://images.openbeautyfacts.org/images/products/622/400/171/4146/front_ar.5.400.jpg,ar,
beauty,6332001113248,,,,,,,,,,,https://images.openbeautyfacts.org/images/products/633/200/111/3248/front_ar.4.400.jpg,ar,
beauty,42299837,"Nivea for Men Cool Kick Anti-Transpirant Deodorant ROLL-ON, 50 ML",,"Nivea for Men Cool Kick Anti-Transpirant Deodorant ROLL-ON, 50 ML",,Nivea,Nivea,,,,"en:Deodorants & Body|en:Déodorants anti-transpirants|en:Non-food-products|en:Open-beauty-facts",https://images.openbeautyfacts.org/images/products/000/004/229/9837/front_en.12.400.jpg,en,Normal
beauty,6223006127838,,,,,,,,,,,https://images.openbeautyfacts.org/images/products/622/300/612/7838/front_ar.3.400.jpg,ar,
beauty,6223014650984,"Nose Relief wipes",,"Nose Relief wipes",,White,White,,,,en:accessories|en:moist-wipes,https://images.openbeautyfacts.org/images/products/622/301/465/0984/front_en.3.400.jpg,en,
beauty,3600542486866,"Garnier Hand Superfood Cocoa & Ceramide 48H Reparing Balm 75 ml - Vegan",,"Garnier Hand Superfood Cocoa & Ceramide 48H Reparing Balm 75 ml - Vegan",,Garnier,l-oreal|l-oreal-consumer-products|garnier,"75 ml",75,ml,"en:Cosmetic products",https://images.openbeautyfacts.org/images/products/360/054/248/6866/front_en.3.400.jpg,en,Coles
beauty,6902395682974,"Maybelline New York Super Stay Matte Ink Liquid Lipstick - 20 Pioneer",,"Maybelline New York Super Stay Matte Ink Liquid Lipstick - 20 Pioneer","Liquid Matte Lipstick","Maybelline New York","Maybelline New York","5 ml (0.17 fl oz)",5,ml,"en:makeup|en:lip-makeup|en:lipsticks|en:Beauty|en:Liquid Lipstick|en:Matte Lipstick",https://images.openbeautyfacts.org/images/products/690/239/568/2974/front_en.3.400.jpg,en,
beauty,6937926355775,,,,,,,,,,,,ar,
beauty,6223003836092,,,,,,,,,,,https://images.openbeautyfacts.org/images/products/622/300/383/6092/front_de.3.400.jpg,de,
beauty,0817513010033,"Curling cream",,"Curling cream",,Cantu,Cantu,,,,,https://images.openbeautyfacts.org/images/products/081/751/301/0033/front_en.18.400.jpg,en,
beauty,6971136122505,,,,,,,,,,,https://images.openbeautyfacts.org/images/products/697/113/612/2505/front_en.4.400.jpg,ar,
beauty,6291109845577,,,,,,,,,,,https://images.openbeautyfacts.org/images/products/629/110/984/5577/front_en.3.400.jpg,en,
beauty,6224009160044,,,,,,,,,,,https://images.openbeautyfacts.org/images/products/622/400/916/0044/front_fr.11.400.jpg,fr,
beauty,6211040101013,,,,,,,,,,,https://images.openbeautyfacts.org/images/products/621/104/010/1013/front_ar.8.400.jpg,ar,
beauty,6224010337053,,,,,,,,,,en:hair|en:shampoos|en:shampoos-for-babies,https://images.openbeautyfacts.org/images/products/622/401/033/7053/front_en.5.400.jpg,en,
beauty,6223012481818,"Limitless fish oil Omega 3",,"Limitless fish oil Omega 3",,Limitless,Limitless,"30 capsules",,,"en:Health Care",https://images.openbeautyfacts.org/images/products/622/301/248/1818/front_en.6.400.jpg,en,
beauty,0811131037458,,,,,,,,,,,https://images.openbeautyfacts.org/images/products/081/113/103/7458/front_ar.4.400.jpg,ar,
beauty,0023207652261,فاميليا,فاميليا,,,فاميليا,فاميليا,,,,,https://images.openbeautyfacts.org/images/products/002/320/765/2261/front_ar.5.400.jpg,ar,
beauty,3600523944354,Elvive,,Elvive,,,,,,,,https://images.openbeautyfacts.org/images/products/360/052/394/4354/front_en.3.400.jpg,en,
beauty,6223006121782,,,,,,,,,,,https://images.openbeautyfacts.org/images/products/622/300/612/1782/front_ar.5.400.jpg,ar,
beauty,6223001240655,"Zeina Facial Tissues 3 Trio",,"Zeina Facial Tissues 3 Trio",Zeina,Zeina,Zeina,500,,,en:incorrect-product-type|en:non-food-products|en:open-beauty-facts,https://images.openbeautyfacts.org/images/products/622/300/124/0655/front_en.3.400.jpg,en,
beauty,6976216083424,,,,,,,,,,,,ar,
beauty,8684190751380,,,,,,,,,,,https://images.openbeautyfacts.org/images/products/868/419/075/1380/front_ar.4.400.jpg,fr,
beauty,6294015175479,,,,,,,,,,ar:Lotion,https://images.openbeautyfacts.org/images/products/629/401/517/5479/front_ar.9.400.jpg,ar,
beauty,8428390829209,"Mini eau de parfum mujer Ms Mistery","Mini eau de parfum mujer Ms Mistery",,,"Flor de Mayo","Flor de Mayo",,,,,https://images.openbeautyfacts.org/images/products/842/839/082/9209/front_ar.7.400.jpg,ar,
beauty,8681863080785,,,,,,,,,,,,ar,
beauty,3701129805336,,,,,,,,,,,https://images.openbeautyfacts.org/images/products/370/112/980/5336/front_ar.4.400.jpg,ar,
beauty,6111251860696,,,,,,,,,,,https://images.openbeautyfacts.org/images/products/611/125/186/0696/front_ar.3.400.jpg,ar,
beauty,3600551053769,,,,,,,,,,,,ar,
beauty,4066447375909,,,,,,,,,,,https://images.openbeautyfacts.org/images/products/406/644/737/5909/front_ar.3.400.jpg,ar,
beauty,7640157268361,,,,,,,,,,,,ar,
beauty,6111250862882,,,,,,,,,,,https://images.openbeautyfacts.org/images/products/611/125/086/2882/front_ar.7.400.jpg,ar,
beauty,4006000095813,,,,,,,,,,ar:Nivea,https://images.openbeautyfacts.org/images/products/400/600/009/5813/front_ar.4.400.jpg,ar,
beauty,6111255617852,,,,,,,,,,,,ar,
beauty,0470957001090,,,,,,,,,,,,ar,
beauty,6921201304398,,,,,,,,,,en:makeup,https://images.openbeautyfacts.org/images/products/692/120/130/4398/front_ar.7.400.jpg,en,
beauty,8414227050205,,,,,,,,,,ar:Amalfi,https://images.openbeautyfacts.org/images/products/841/422/705/0205/front_ar.10.400.jpg,ar,
beauty,8690131123079,,,,,,,,,,,,ar,
beauty,6111271610219,,,,,,,,,,,,ar,
beauty,3701129802069,"Bioderma atoderm intensive baume 200ml",,"Bioderma atoderm intensive baume 200ml",,,,,,,en:body|en:body-creams,https://images.openbeautyfacts.org/images/products/370/112/980/2069/front_en.6.400.jpg,en,
beauty,9677337401889,,,,,,,,,,"ar:ما حبان",https://images.openbeautyfacts.org/images/products/967/733/740/1889/front_ar.4.400.jpg,ar,
beauty,6224001455230,,,,,,,,,,,https://images.openbeautyfacts.org/images/products/622/400/145/5230/front_ar.4.400.jpg,ar,
beauty,0541326054464,,,,,,,,,,,,ar,
beauty,8410412000697,"Crema facial aloe vera","Crema facial aloe vera",,,Babaria,Babaria,,,,,https://images.openbeautyfacts.org/images/products/841/041/200/0697/front_ar.4.400.jpg,ar,
beauty,6295120012451,"Dettol tissu",,"Dettol tissu",,Dettol,Dettol,1,0,,,https://images.openbeautyfacts.org/images/products/629/512/001/2451/front_en.8.400.jpg,en,
beauty,6224010281028,,,,,,,,,,,,en,
beauty,6932511230727,,,,,,,,,,,https://images.openbeautyfacts.org/images/products/693/251/123/0727/front_ar.3.400.jpg,ar,
beauty,6111040004102,,,,,,,,,,,https://images.openbeautyfacts.org/images/products/611/104/000/4102/front_ar.3.400.jpg,ar,
beauty,6224008059844,,,,,,,,,,,https://images.openbeautyfacts.org/images/products/622/400/805/9844/front_ar.3.400.jpg,ar,
beauty,6936664348438,,,,,,,,,,,https://images.openbeautyfacts.org/images/products/693/666/434/8438/front_ar.5.400.jpg,ar,
beauty,0284699688620,,,,,,,,,,,https://images.openbeautyfacts.org/images/products/028/469/968/8620/front_ar.3.400.jpg,ar,
beauty,6224010808683,,,,,,,,,,en:incorrect-product-type|en:non-food-products|en:open-beauty-facts,https://images.openbeautyfacts.org/images/products/622/401/080/8683/front_en.3.400.jpg,en,
beauty,0622273237848,,,,,,,,,,en:incorrect-product-type|en:non-food-products|en:open-beauty-facts,,ar,
beauty,6254000488014,tool,tool,"aqua water",,,,,,,,https://images.openbeautyfacts.org/images/products/625/400/048/8014/front_ar.16.400.jpg,ar,
beauty,8908024092204,,,,,,,,,,,,ar,
beauty,6903072406616,,,,,,,,,,,,ar,
beauty,0043551613345,,,,,,,,,,,,ar,
beauty,4027800802326,"8 Wilkinson Hydro 5 razor blades + 1 handpiece, incl. blade = 9 razor blade",,"8 Wilkinson Hydro 5 razor blades + 1 handpiece, incl. blade = 9 razor blade",,Wilkinson,Wilkinson,,,,,https://images.openbeautyfacts.org/images/products/402/780/080/2326/front_en.3.400.jpg,en,
beauty,4027800009404,"Wilkinson Quattro Wilkinson Sword Quattro",,"Wilkinson Quattro Wilkinson Sword Quattro",,"Wilkinson Razors","Wilkinson Razors",,,,,https://images.openbeautyfacts.org/images/products/402/780/000/9404/front_en.5.400.jpg,en,
beauty,6223007301053,,,,,,,,,,,https://images.openbeautyfacts.org/images/products/622/300/730/1053/front_ar.3.400.jpg,ar,
beauty,0072140032258,Eucerin,,Eucerin,,,,,,,en:incorrect-product-type|en:non-food-products|en:open-beauty-facts,https://images.openbeautyfacts.org/images/products/007/214/003/2258/front_en.6.400.jpg,en,
beauty,5011417581315,"Veet Pure - Legs &amp; Body Wax Strips for Sensitive Skin - 20 Wax Strips",,"Veet Pure - Legs &amp; Body Wax Strips for Sensitive Skin - 20 Wax Strips",,"Veet Pure","Veet Pure","20 Wax Strips",0,,en:incorrect-product-type|en:non-food-products|en:open-beauty-facts,,en,
beauty,3660398504923,,,,,,,,,,,https://images.openbeautyfacts.org/images/products/366/039/850/4923/front_ar.3.400.jpg,ar,
beauty,6224008059837,,,,,,,,,,,,ar,
beauty,0622123456789,"Hand wash",,"Hand wash",,,,,,,,,en,
beauty,6932511233896,,,,,,,,,,,https://images.openbeautyfacts.org/images/products/693/251/123/3896/front_ar.3.400.jpg,ar,
beauty,3256226654931,,,,,,,,,,ar:Expert,https://images.openbeautyfacts.org/images/products/325/622/665/4931/front_ar.4.400.jpg,ar,
beauty,6224008073932,"Hair conditioner",,"Hair conditioner",,Seropipe,Seropipe,200,0,,,https://images.openbeautyfacts.org/images/products/622/400/807/3932/front_en.3.400.jpg,en,
beauty,6223005120267,,,,,,,,,,ar:شاي,https://images.openbeautyfacts.org/images/products/622/300/512/0267/front_ar.3.400.jpg,ar,
beauty,7891065481407,,,,,,,,,,,https://images.openbeautyfacts.org/images/products/789/106/548/1407/front_ar.3.400.jpg,ar,
beauty,8904344630942,,,,,,,,,,,,ar,
beauty,0958311211557,,,,,,,,,,,https://images.openbeautyfacts.org/images/products/095/831/121/1557/front_ar.3.400.jpg,ar,
beauty,5749878688969,,,,,,,,,,,https://images.openbeautyfacts.org/images/products/574/987/868/8969/front_ar.5.400.jpg,ar,
beauty,0700501689116,,,,,,,,,,en:hygiene|en:showers-and-baths,,ar,
beauty,6928001840491,,,,,,,,,,en:incorrect-product-type|en:non-open-products-facts|en:open-beauty-facts,https://images.openbeautyfacts.org/images/products/692/800/184/0491/front_ar.7.400.jpg,ar,
beauty,4066447231052,,,,,,,,,,en:incorrect-product-type|en:non-open-products-facts|en:open-beauty-facts,https://images.openbeautyfacts.org/images/products/406/644/723/1052/front_ar.3.400.jpg,ar,
beauty,6111255610617,,,,,,,,,,en:incorrect-product-type|en:non-open-products-facts|en:open-beauty-facts,https://images.openbeautyfacts.org/images/products/611/125/561/0617/front_ar.7.400.jpg,ar,
beauty,7897042006021,,,,,,,,,,,,ar,
beauty,4335619024892,,,,,,,,,,,https://images.openbeautyfacts.org/images/products/433/561/902/4892/front_es.6.400.jpg,es,
beauty,3600541897694,"Micellar Cleansing Water in Oil","Micellar Cleansing Water in Oil",,,Garnier,l-oreal|l-oreal-consumer-products|garnier,400ml,400,ml,en:face|en:cleansers,https://images.openbeautyfacts.org/images/products/360/054/189/7694/front_ar.9.400.jpg,ar,
beauty,6932511228397,,,,,,,,,,,https://images.openbeautyfacts.org/images/products/693/251/122/8397/front_ar.6.400.jpg,ar,
beauty,6192000718307,,,,,,,,,,en:hair|en:shampoos|en:incorrect-product-type|en:Non-food-products|en:Open-beauty-facts,https://images.openbeautyfacts.org/images/products/619/200/071/8307/front_en.9.400.jpg,en,
beauty,0856097008722,,,,,,,,,,,https://images.openbeautyfacts.org/images/products/085/609/700/8722/front_ar.10.400.jpg,ar,
beauty,6922829039358,,,,,,,,,,,https://images.openbeautyfacts.org/images/products/692/282/903/9358/front_ar.8.400.jpg,ar,
beauty,6111230100027,,,,,,,,,,,https://images.openbeautyfacts.org/images/products/611/123/010/0027/front_ar.12.400.jpg,ar,
beauty,0009485278562,,,,,,,,,,,,ar,
beauty,3600524135669,,,,,,,,,,,https://images.openbeautyfacts.org/images/products/360/052/413/5669/front_ar.3.400.jpg,ar,
beauty,1044143445402,,,,,,,,,,,,ar,
beauty,4084500795396,,,,,,,,,,,https://images.openbeautyfacts.org/images/products/408/450/079/5396/front_ar.5.400.jpg,ar,
beauty,6224008501350,.,,.,,,,.,0,,,https://images.openbeautyfacts.org/images/products/622/400/850/1350/front_ar.7.400.jpg,en,
beauty,5391189330039,,,,,,,,,,,https://images.openbeautyfacts.org/images/products/539/118/933/0039/front_ar.5.400.jpg,ar,
beauty,3793370115111,,,,,,,,,,,,ar,
beauty,8410751031499,,,,,,,,,,,https://images.openbeautyfacts.org/images/products/841/075/103/1499/front_ar.4.400.jpg,ar,
beauty,6223012633118,,,,,,,,,,,,ar,
beauty,6224008077480,,,,,,,,,,,,ar,
beauty,6221155077325,,,,,,,,,,,https://images.openbeautyfacts.org/images/products/622/115/507/7325/front_en.4.400.jpg,en,
beauty,8007469432030,,,,,,,,,,,https://images.openbeautyfacts.org/images/products/800/746/943/2030/front_ar.4.400.jpg,ar,
beauty,6224011102292,,,,,,,,,,,https://images.openbeautyfacts.org/images/products/622/401/110/2292/front_en.7.400.jpg,en,
beauty,3499320014519,"Cetaphil Cleanser",,"Cetaphil Cleanser",,Cetaphil,Cetaphil,,,,en:incorrect-product-type|en:non-food-products|en:open-beauty-facts,https://images.openbeautyfacts.org/images/products/349/932/001/4519/front_en.4.400.jpg,en,
beauty,6253503421733,,,,,,,,,,,,ar,
beauty,6972755025574,,,,,,,,,,en:suncare|en:in-sun-protections|en:sunscreen,https://images.openbeautyfacts.org/images/products/697/275/502/5574/front_ar.3.400.jpg,ar,
beauty,8680923346144,,,,,,,,,,,,ar,
beauty,8693495047869,,,,,,,,,,,,ar,
beauty,6291069701272,Shampoo,Shampoo,,,Vertical,Vertical,400m,0,,,https://images.openbeautyfacts.org/images/products/629/106/970/1272/front_ar.3.400.jpg,ar,
beauty,0004465106413,,,,,,,,,,,,ar,
beauty,5060565106413,,,,,,,,,,,,ar,
beauty,6001374081491,,,,,,,,,,,,ar,
beauty,8697453251985,,,,,,,,,,,,ar,
beauty,8697916012924,,,,,,,,,,,https://images.openbeautyfacts.org/images/products/869/791/601/2924/front_en.5.400.jpg,en,
beauty,8999999542108,,,,,,,,,,,https://images.openbeautyfacts.org/images/products/899/999/954/2108/front_ar.3.400.jpg,ar,
beauty,8429979417244,,,,,,,,,,,https://images.openbeautyfacts.org/images/products/842/997/941/7244/front_ar.3.400.jpg,ar,
beauty,1229201627611,,,,,,,,,,,,ar,
beauty,3574661656014,,,,,,,,,,,https://images.openbeautyfacts.org/images/products/357/466/165/6014/front_ar.3.400.jpg,ar,
beauty,3574660652086,"24hour Moisture",,"24hour Moisture",,Johnson's,Johnson's,1,,,,https://images.openbeautyfacts.org/images/products/357/466/065/2086/front_en.3.400.jpg,en,
beauty,6223004683190,"TRIO PRO COOL",,"TRIO PRO COOL",,"MISR PYRAMIDS GROUP","MISR PYRAMIDS GROUP",50ml,50,ml,en:hygiene|en:deodorants|en:roll-on-deodorants,https://images.openbeautyfacts.org/images/products/622/300/468/3190/front_en.8.400.jpg,en,
beauty,6111254022589,,,,,,,,,,,https://images.openbeautyfacts.org/images/products/611/125/402/2589/front_ar.3.400.jpg,ar,
beauty,6972290981878,,,,,,,,,,,https://images.openbeautyfacts.org/images/products/697/229/098/1878/front_ar.3.400.jpg,ar,
beauty,0156547800037,,,,,,,,,,,https://images.openbeautyfacts.org/images/products/015/654/780/0037/front_ar.3.400.jpg,ar,
beauty,8901030861703,,,,,Yes,Yes,100,0,,en:hair|en:shampoos|en:2-in-1-shampoos,https://images.openbeautyfacts.org/images/products/890/103/086/1703/front_ar.8.400.jpg,ar,
beauty,6972285321191,,,,,,,,,,,,ar,
beauty,4005808839247,nivea,,nivea,,,,,,,,https://images.openbeautyfacts.org/images/products/400/580/883/9247/front_en.7.400.jpg,en,
beauty,3014260228743,,,gillette,,,,,,,,https://images.openbeautyfacts.org/images/products/301/426/022/8743/front_en.7.400.jpg,ar,
beauty,6971764150482,,,,,,,,,,,,ar,
beauty,3282770025224,,,,,,,,,,,,ar,
beauty,8684149131140,,,,,,,,,,,https://images.openbeautyfacts.org/images/products/868/414/913/1140/front_ar.3.400.jpg,ar,
beauty,0948211226287,,,,,,,,,,,,ar,
beauty,84365789212702,,,,,,,,,,"ar:Bag sbrigo",,ar,
beauty,2291066705352,,,,,,,,,,,,ar,
beauty,8684824323006,,,,,,,,,,,https://images.openbeautyfacts.org/images/products/868/482/432/3006/front_ar.3.400.jpg,ar,
beauty,8717163611524,"Lynx Africa",,"Lynx Africa",,Unilever,unilever,,,,,https://images.openbeautyfacts.org/images/products/871/716/361/1524/front_fr.6.400.jpg,ar,
beauty,6222014510373,Mink,,Mink,,,,,,,"en:incorrect-product-type|en:Cosmetic products|en:non-food-products|en:open-beauty-facts",https://images.openbeautyfacts.org/images/products/622/201/451/0373/front_en.3.400.jpg,en,
beauty,4005808879922,"protect &",,"protect &",,,,,,,"en:incorrect-product-type|en:Cosmetic products|en:non-food-products|en:open-beauty-facts",https://images.openbeautyfacts.org/images/products/400/580/887/9922/front_en.3.400.jpg,en,
beauty,0420660795298,"pure urea","pure urea",,,locão,locão,,,,"en:incorrect-product-type|en:Cosmetic products|en:non-food-products|en:open-beauty-facts",https://images.openbeautyfacts.org/images/products/042/066/079/5298/front_ar.3.400.jpg,ar,
beauty,4580546017268,"ALOE VERA",,"ALOE VERA",,"dr. vitamin","dr. vitamin","150ml / 5.07 fl.oz",150,ml,"en:incorrect-product-type|en:Cosmetic products|en:non-food-products|en:open-beauty-facts",https://images.openbeautyfacts.org/images/products/458/054/601/7268/front_en.3.400.jpg,en,
beauty,4311501027769,"Elkos for Men Sensitiv Invisible 200ml",,"Elkos for Men Sensitiv Invisible 200ml",,Elkos,Elkos,200ml,200,ml,"en:incorrect-product-type|en:Cosmetic products|en:non-food-products|en:open-beauty-facts",https://images.openbeautyfacts.org/images/products/431/150/102/7769/front_en.3.400.jpg,en,
beauty,6221155051899,,,,,,,,,,"en:incorrect-product-type|en:Cosmetic products|en:non-food-products|en:open-beauty-facts",https://images.openbeautyfacts.org/images/products/622/115/505/1899/front_en.3.400.jpg,en,
beauty,6221155127129,"Signal White System 75 Ml",,"Signal White System 75 Ml",,Signal,unilever|signal,,,,en:incorrect-product-type|en:non-food-products|en:open-beauty-facts,https://images.openbeautyfacts.org/images/products/622/115/512/7129/front_en.3.400.jpg,en,
beauty,6221009001452,"Shampoo Sparkle",,"Shampoo Sparkle",,sparkle,sparkle,"400 ml",400,ml,en:hair|en:shampoos|en:incorrect-product-type|en:non-food-products|en:open-beauty-facts,,ar,
beauty,4088600255682,"Lacura Shampoo - Moisture 300ml",,"Lacura Shampoo - Moisture 300ml",,Lacura,Lacura,300ml,300,ml,en:hair|en:shampoos|en:incorrect-product-type|en:non-food-products|en:open-beauty-facts,https://images.openbeautyfacts.org/images/products/408/860/025/5682/front_en.5.400.jpg,en,
beauty,0817513019920,"Cantu Grapeseed Strengthening Shampoo With Shea Butter 400ml",,"Cantu Grapeseed Strengthening Shampoo With Shea Butter 400ml",,Cantu,Cantu,400ml,400,ml,en:hair|en:shampoos|en:incorrect-product-type|en:non-food-products|en:open-beauty-facts,https://images.openbeautyfacts.org/images/products/081/751/301/9920/front_en.3.400.jpg,en,
beauty,8018700035798,,,,,,,,,,,,ar,
beauty,4064666307640,,,,,,,,,,,,ar,
beauty,6291106060447,,,,,,,,,,,https://images.openbeautyfacts.org/images/products/629/110/606/0447/front_ar.3.400.jpg,ar,
beauty,6130601006256,,,,,,,,,,ar:Champion,,ar,
beauty,6922829051152,,,,,,,,,,,https://images.openbeautyfacts.org/images/products/692/282/905/1152/front_ar.4.400.jpg,ar,
beauty,0000304495730,,,,,,,,,,,https://images.openbeautyfacts.org/images/products/000/030/449/5730/front_ar.5.400.jpg,ar,
beauty,5201314180425,,,,,,,,,,,https://images.openbeautyfacts.org/images/products/520/131/418/0425/front_fr.3.400.jpg,fr,
beauty,8410757001106,,,,,,,,,,,https://images.openbeautyfacts.org/images/products/841/075/700/1106/front_ar.6.400.jpg,ar,
beauty,0312444374365,,,,,,,,,,en:suncare|en:in-sun-protections|en:sunscreen,https://images.openbeautyfacts.org/images/products/031/244/437/4365/front_en.4.400.jpg,en,
beauty,4930578603623,,,,,,,,,,,https://images.openbeautyfacts.org/images/products/493/057/860/3623/front_ar.3.400.jpg,ar,
beauty,8906010083083,,,,,,,,,,,,ar,
beauty,6223006251892,,,,,,,,,,,https://images.openbeautyfacts.org/images/products/622/300/625/1892/front_ar.4.400.jpg,en,
beauty,22243225,,,,,,,,,,,,ar,
beauty,6223004373398,,,,,"Eva skin clinic","Eva skin clinic",30ml,30,ml,en:incorrect-product-type|en:non-food-products|en:open-beauty-facts|fr:Serum,https://images.openbeautyfacts.org/images/products/622/300/437/3398/front_hr.10.400.jpg,hr,
beauty,5244009013233,,,,,,,,,,,,ar,
beauty,6976216083943,,,,,,,,,,,https://images.openbeautyfacts.org/images/products/697/621/608/3943/front_ar.3.400.jpg,ar,
beauty,6026001830006,,,,,,,,,,,https://images.openbeautyfacts.org/images/products/602/600/183/0006/front_ar.3.400.jpg,ar,
beauty,6933495860986,,,,,,,,,,,https://images.openbeautyfacts.org/images/products/693/349/586/0986/front_ar.3.400.jpg,ar,
beauty,0065519924568,,,"Moisturizing Cream",,Cerave,Cerave,,,,fr:amuse-gueules|fr:biscuits-aperitifs|fr:biscuits-aperitifs-nature|fr:biscuits-sucres-&-biscuits-aperitifs|fr:snacks|fr:snacks-sales,https://images.openbeautyfacts.org/images/products/006/551/992/4568/front_en.5.400.jpg,fr,
beauty,6222019612218,"LEAVE-IN CREAM",,"LEAVE-IN CREAM",,BOBANA,BOBANA,"200 ML",200,ml,en:hair|en:hair-care,https://images.openbeautyfacts.org/images/products/622/201/961/2218/front_en.8.400.jpg,en,
beauty,3701002701311,,,,,,,,,,,https://images.openbeautyfacts.org/images/products/370/100/270/1311/front_ar.3.400.jpg,ar,
beauty,8859362512315,,,,,,,,,,,,ar,
beauty,6223001380177,"eva skin cream with honey",,"eva skin cream with honey",,eva,eva,170,0,,en:non-food-products|en:open-beauty-facts,,en,
beauty,6292625171553,,,,,,,,,,,,ar,
beauty,5054563103482,"Sensodyne Extra Fresh Toothpaste, 100 ml",,"Sensodyne Extra Fresh Toothpaste, 100 ml",,Sensodyne,Sensodyne,"100 ml",100,ml,en:hygiene|en:incorrect-product-type|en:toothpastes|en:non-food-products|en:open-beauty-facts,https://images.openbeautyfacts.org/images/products/505/456/310/3482/front_en.3.400.jpg,en,
beauty,3401381717704,"Purifying cleansing gel",,"Purifying cleansing gel",,Isispharma,Isispharma,250ml,250,ml,en:open-beauty-facts,https://images.openbeautyfacts.org/images/products/340/138/171/7704/front_en.3.400.jpg,en,
beauty,5391504340187,,,,,,,,,,,,ar,
beauty,0644100490073,,,,,,,,,,"ar:ورق لف التبغ",https://images.openbeautyfacts.org/images/products/064/410/049/0073/front_ar.4.400.jpg,ar,
beauty,6223009501178,,,,,,,,,,,https://images.openbeautyfacts.org/images/products/622/300/950/1178/front_en.3.400.jpg,en,
beauty,6009515606176,"Dis-Chem Lip Therapy Aloe Vera 10ml",,"Dis-Chem Lip Therapy Aloe Vera 10ml",,Dis-Chem,Dis-Chem,,,,en:non-food-products|en:open-beauty-facts,https://images.openbeautyfacts.org/images/products/600/951/560/6176/front_en.3.400.jpg,en,
beauty,4005900132246,,,,,,,,,,,https://images.openbeautyfacts.org/images/products/400/590/013/2246/front_ar.3.400.jpg,ar,
beauty,0796554078700,,,,,,,,,,,https://images.openbeautyfacts.org/images/products/079/655/407/8700/front_ar.3.400.jpg,ar,
beauty,3600524093068,"Heat Protect 48H Deo Roll-On Anti-Transpirant",,"Heat Protect 48H Deo Roll-On Anti-Transpirant",,L'Oréal,l-oreal,,,,en:non-food-products|en:open-beauty-facts,https://images.openbeautyfacts.org/images/products/360/052/409/3068/front_en.3.400.jpg,en,
beauty,8433295052843,,,,,,,,,,,https://images.openbeautyfacts.org/images/products/843/329/505/2843/front_ar.3.400.jpg,ar,
beauty,3560071400248,,,,,Carrefour,Carrefour,,,,,,fr,Carrefour
beauty,4066447006032,,,,,,,,,,,,ar,
beauty,3337875797757,,,,,,,,,,,https://images.openbeautyfacts.org/images/products/333/787/579/7757/front_ar.3.400.jpg,ar,
beauty,8001090422484,"Gillette Mach3 Refill Blades For Men, Pack of 6,",,"Gillette Mach3 Refill Blades For Men, Pack of 6,",,Gillette,Gillette,,,,en:non-food-products|en:open-beauty-facts,,en,
beauty,6916790266363,,,,,,,,,,,https://images.openbeautyfacts.org/images/products/691/679/026/6363/front_ar.4.400.jpg,ar,
beauty,5111427007895,,,,,,,,,,,https://images.openbeautyfacts.org/images/products/511/142/700/7895/front_ar.7.400.jpg,ar,
beauty,0122046985438,,,,,,,,,,,https://images.openbeautyfacts.org/images/products/012/204/698/5438/front_ar.3.400.jpg,ar,
beauty,6224008073390,,,,,,,,,,en:non-food-products|en:open-beauty-facts,https://images.openbeautyfacts.org/images/products/622/400/807/3390/front_ar.3.400.jpg,ar,
beauty,6976216089327,,,,,,,,,,,https://images.openbeautyfacts.org/images/products/697/621/608/9327/front_ar.3.400.jpg,ar,
beauty,0852474361817,,,,,,,,,,,https://images.openbeautyfacts.org/images/products/085/247/436/1817/front_en.5.400.jpg,ar,
beauty,5000101082214,"Imperial Leather Gentle Bar Soap 4 x 100g",,"Imperial Leather Gentle Bar Soap 4 x 100g",,"Imperial Leather","Imperial Leather","4 x 100g",400,g,,https://images.openbeautyfacts.org/images/products/500/010/108/2214/front_en.3.400.jpg,en,
beauty,11111240410132,,,,,,,,,,,,ar,
beauty,6970259679101,,,,,,,,,,,,ar,
beauty,0604102511022,,,,,,,,,,,https://images.openbeautyfacts.org/images/products/060/410/251/1022/front_ar.3.400.jpg,ar,
beauty,6111266710023,,,,,,,,,,,https://images.openbeautyfacts.org/images/products/611/126/671/0023/front_ar.3.400.jpg,ar,
beauty,0837654250631,,,,,,,,,,,,ar,
beauty,6287002231005,,,,,,,,,,,,ar,
beauty,0001006021883,,,,,,,,,,,https://images.openbeautyfacts.org/images/products/000/100/602/1883/front_en.3.400.jpg,en,
beauty,0001097361203,"ss2322440@gmail.com ",,"ss2322440@gmail.com ",,ss2322440@gmail.com,ss2322440@gmail.com,,,,,https://images.openbeautyfacts.org/images/products/000/109/736/1203/front_en.3.400.jpg,en,
beauty,8001841123950,"Pantene Super Food Shampoo with Antioxidants and Lipids, 600ml",,"Pantene Super Food Shampoo with Antioxidants and Lipids, 600ml",,Pantene,Pantene,,,,,,en,
beauty,42439233,"NIVEA Antiperspirant Deo Roll-on Joy of Life with roses & lilies fragrance, 50 ml",,"NIVEA Antiperspirant Deo Roll-on Joy of Life with roses & lilies fragrance, 50 ml",,NIVEA,NIVEA,,,,en:femal,https://images.openbeautyfacts.org/images/products/000/004/243/9233/front_en.3.400.jpg,en,
beauty,4005808713059,"Nivea Body Lotion Cocoa Butter 625 ml",,"Nivea Body Lotion Cocoa Butter 625 ml",,Nivea,Nivea,"625 ml",625,ml,en:non-food-products|en:open-beauty-facts,https://images.openbeautyfacts.org/images/products/400/580/871/3059/front_en.3.400.jpg,en,
beauty,0667552085000,,,,,,,,,,,,en,
beauty,6221155054746,"Lux body wash","Lux body wash",,,Lux,unilever|lux,"500 ml",500,,"ar:Body lotion",,ar,
beauty,6223000657348,"johnson’s face care",,"johnson’s face care",,johnson’s,johnson’s,150ml,150,,,https://images.openbeautyfacts.org/images/products/622/300/065/7348/front_en.6.400.jpg,en,
beauty,6224008838067,,,Starline,,Hayah,Hayah,200ml,200,,"en:غسول وجه وجسم",,ar,"صيدلية جيمي"
beauty,3401398335694,,,,,,,,,,,https://images.openbeautyfacts.org/images/products/340/139/833/5694/front_ar.3.400.jpg,ar,
beauty,8009518323948,"maschera peel off",,,,dermolab,dermolab,75ml,75,,fr:Masque,https://images.openbeautyfacts.org/images/products/800/951/832/3948/front_fr.4.400.jpg,fr,
beauty,6225897152623,,,,,,,,,,,https://images.openbeautyfacts.org/images/products/622/589/715/2623/front_en.3.400.jpg,en,
beauty,3600524042684,"Loreal elvive haylorinc moisture",,"Loreal elvive haylorinc moisture",,,,,,,,https://images.openbeautyfacts.org/images/products/360/052/404/2684/front_en.3.400.jpg,en,
beauty,4005900626516,,,,,,,,,,,https://images.openbeautyfacts.org/images/products/400/590/062/6516/front_en.3.400.jpg,en,
beauty,4005900459800,,,,,,,,,,,https://images.openbeautyfacts.org/images/products/400/590/045/9800/front_de.7.400.jpg,en,
beauty,6223004370113,Eva,,Eva,,"Skin clinic","Skin clinic",,,,,,en,
beauty,6223004160134,,,,,,,,,,,https://images.openbeautyfacts.org/images/products/622/300/416/0134/front_ar.5.400.jpg,ar,
beauty,3610340655166,,,,,,,,,,,,en,
beauty,0667549546507,,,,,,,,,,,https://images.openbeautyfacts.org/images/products/066/754/954/6507/front_en.3.400.jpg,en,
beauty,6225000443747,AVENU,AVENU,,,,,,,,,https://images.openbeautyfacts.org/images/products/622/500/044/3747/front_ar.4.400.jpg,ar,
beauty,06341312,,,,,,,,,,,https://images.openbeautyfacts.org/images/products/000/000/634/1312/front_en.7.400.jpg,en,
beauty,0041554543711,,,,,,,,,,,https://images.openbeautyfacts.org/images/products/004/155/454/3711/front_en.3.400.jpg,en,
beauty,6222045501098,"كريم تفتيح","كريم تفتيح",,,"مايت سينما","مايت سينما",100g,100,,,https://images.openbeautyfacts.org/images/products/622/204/550/1098/front_ar.3.400.jpg,ar,
beauty,6281006406018,Pond's,,,,,,100g,100,,,,xx,
beauty,9850225265477,"Crazy Colors أزرق",,"Crazy Colors أزرق",,Karin,Karin,"120 ml",120,,,,en,
beauty,6223001380207,Eva,,Eva,,,,,,,,https://images.openbeautyfacts.org/images/products/622/300/138/0207/front_en.3.400.jpg,en,
beauty,6221155062345,"Honey Anti-Breakage Shampoo",,"Honey Anti-Breakage Shampoo",,Sunsilk,unilever|sunsilk,"600 ml",600,,,https://images.openbeautyfacts.org/images/products/622/115/506/2345/front_en.7.400.jpg,en,
beauty,6281006453029,"coconut moisture",,"coconut moisture",,Sunsilk,unilever|sunsilk,"300 ml",300,,"en:oil replacement",https://images.openbeautyfacts.org/images/products/628/100/645/3029/front_en.10.400.jpg,en,
beauty,6224007939758,"بلسم ‏فاتيكا",,,,,,"١ ‏كج",,,,,xx,
beauty,6222019602004,"scrub honey and collagen","scrub honey and collagen",,,BoBana,BoBana,300gm,300,,ar:scrub,https://images.openbeautyfacts.org/images/products/622/201/960/2004/front_ar.3.400.jpg,ar,
beauty,8901248257329,emami,,emami,,emami,emami,100ml,100,,"en:oil hair",https://images.openbeautyfacts.org/images/products/890/124/825/7329/front_en.6.400.jpg,en,
beauty,6291069655117,"كريم فاتيكا","كريم فاتيكا",,,ڤاتيكا,ڤاتيكا,140,,,ar:18,,ar,
beauty,6224009531677,,,,,,,,,,,https://images.openbeautyfacts.org/images/products/622/400/953/1677/front_en.4.400.jpg,en,
beauty,6221155110664,"closeup everfresh",,,,Unilever,unilever,"100 ml",100,,,,it,
beauty,6223001388227,eva,,eva,,Eva,Eva,150ml,150,,,https://images.openbeautyfacts.org/images/products/622/300/138/8227/front_xx.3.400.jpg,xx,
beauty,6946537005757,,,,,,,,,,,https://images.openbeautyfacts.org/images/products/694/653/700/5757/front_en.3.400.jpg,en,
beauty,5060040701034,"Olive face & body scrub","Olive face & body scrub",,,"Bio skincare","Bio skincare","250 ml",250,,,https://images.openbeautyfacts.org/images/products/506/004/070/1034/front_ar.11.400.jpg,ar,
beauty,11518912,"scotch mints",,"scotch mints",,,,"20 g",,,,,en,
products,6111252422763,,,,,,,,,,"ar:مشروب غاز",https://images.openproductsfacts.org/images/products/611/125/242/2763/front_ar.14.400.jpg,ar,
products,6224010623606,"يوبو جرنولا فروله",,"يوبو جرنولا فروله",,,,,,,,,en,
products,6971481220079,"ولاعة سخان فاخرة","ولاعة سخان فاخرة",,,,,,,,,https://images.openproductsfacts.org/images/products/697/148/122/0079/front_ar.3.400.jpg,ar,
products,6975420287277,"Pad PU transparent",,"Pad PU transparent",,Verona,Verona,,,,en:health-beauty|en:health-care|en:first-aid|en:medical-tape-bandages|en:adhesive-bandages,https://images.openproductsfacts.org/images/products/697/542/028/7277/front_en.5.400.jpg,en,
products,6221000046803,,,,,,,,,,,https://images.openproductsfacts.org/images/products/622/100/004/6803/front_ar.3.400.jpg,ar,
products,8006540846551,"Daily Fresh Slim Flexistyle Fresh Scent Giga Pack",,"Daily Fresh Slim Flexistyle Fresh Scent Giga Pack",,Always,always,"100 pcs",,,en:health-beauty|en:personal-care|en:feminine-sanitary-supplies|en:menstrual-products|en:sanitary-napkins,https://images.openproductsfacts.org/images/products/800/654/084/6551/front_en.3.400.jpg,en,
products,5014602401061,"30 Tablets tadalafil Cialis AUST R 81137 tadalafil,",,"30 Tablets tadalafil Cialis AUST R 81137 tadalafil,",,,,,,,,,en,
products,0035000981998,"Keep Manual Toothbrush Whitening silver handle Replaceable 2 brush heads",,"Keep Manual Toothbrush Whitening silver handle Replaceable 2 brush heads",,Colgate,colgate,"2 pcs",,,en:health-beauty|en:personal-care|en:oral-care|en:toothbrushes,https://images.openproductsfacts.org/images/products/003/500/098/1998/front_en.7.400.jpg,en,
products,6294017909607,,,,,,,,,,ar:LM,https://images.openproductsfacts.org/images/products/629/401/790/9607/front_ar.3.400.jpg,ar,
products,6223012616975,"coca cake",,,,,,45g,45,g,fr:Gâteau,https://images.openproductsfacts.org/images/products/622/301/261/6975/front_fr.3.400.jpg,fr,
products,8809640734526,"anua serum",,"anua serum",,,,30ml,30,ml,,https://images.openproductsfacts.org/images/products/880/964/073/4526/front_en.16.400.jpg,en,
products,6224010081109,,,,,Nestlé,nestle,0.33,,,en:Water,https://images.openproductsfacts.org/images/products/622/401/008/1109/front_en.3.400.jpg,en,
products,40329253,سجاير,سجاير,,,"وينستون احمر","وينستون احمر",,,,,https://images.openproductsfacts.org/images/products/000/004/032/9253/front_en.8.400.jpg,ar,
products,6225000592735,"Rani drink",,"Rani drink",,راني,راني,مل235,,,,https://images.openproductsfacts.org/images/products/622/500/059/2735/front_ar.3.400.jpg,ar,
products,6223001362258,"Mountain dew",,"Mountain dew",,"Mountain dew","Mountain dew",400ml,400,ml,en:Drink,https://images.openproductsfacts.org/images/products/622/300/136/2258/front_en.3.400.jpg,en,
products,6916951303708,,,,,,,,,,ar:The,,ar,
products,6739059476675,,,,,,,,,,,https://images.openproductsfacts.org/images/products/673/905/947/6675/front_ar.5.400.jpg,ar,
products,5060696500234,,,,,,,,,,,,ar,
products,2077239095013,,,,,,,,,,,https://images.openproductsfacts.org/images/products/207/723/909/5013/front_ar.3.400.jpg,ar,
products,7220057128233,"سلاح التلميذ","سلاح التلميذ",,,"سلاح التلميذ","سلاح التلميذ",,,,,https://images.openproductsfacts.org/images/products/722/005/712/8233/front_ar.3.400.jpg,ar,
products,6222014334320,"جهينه عصير تفاح كمثري",,"جهينه عصير تفاح كمثري",,Juhayna,Juhayna,1L,1000,ml,,https://images.openproductsfacts.org/images/products/622/201/433/4320/front_en.3.400.jpg,en,
products,0085407028000,Nescafe,,Nescafe,,Nescafe,Nescafe,,,,"en:Hot drinks",https://images.openproductsfacts.org/images/products/008/540/702/8000/front_en.4.400.jpg,en,
products,7622100856672,,,,,,,,,,,https://images.openproductsfacts.org/images/products/762/210/085/6672/front_en.5.400.jpg,en,
products,6111919042679,,,,,,,,,,,https://images.openproductsfacts.org/images/products/611/191/904/2679/front_ar.5.400.jpg,ar,
products,6111270230944,,,,,,,,,,,,ar,
products,6111245400419,,,,,,,,,,,https://images.openproductsfacts.org/images/products/611/124/540/0419/front_ar.5.400.jpg,ar,
products,30104907,,,,,,,,,,,https://images.openproductsfacts.org/images/products/000/003/010/4907/front_ar.3.400.jpg,ar,
products,6223001875246,"بيتي برتقال",,"بيتي برتقال",,,,,,,,https://images.openproductsfacts.org/images/products/622/300/187/5246/front_en.5.400.jpg,en,
products,0074054506283,,,,,,,,,,,https://images.openproductsfacts.org/images/products/007/405/450/6283/front_ar.3.400.jpg,ar,
products,202305232003151062731500,,,,,,,,,,,https://images.openproductsfacts.org/images/products/202/305/232/003151062731500/front_ar.3.400.jpg,ar,
products,0244044652270,توفي,,توفي,,,,,,,,https://images.openproductsfacts.org/images/products/024/404/465/2270/front_en.3.400.jpg,en,
products,6223007634144,"نوجا بالسمسم",,"نوجا بالسمسم",,,,,,,,https://images.openproductsfacts.org/images/products/622/300/763/4144/front_en.3.400.jpg,en,
products,10150136,"فانتس شوفان 180ج",,"فانتس شوفان 180ج",,,,,,,,https://images.openproductsfacts.org/images/products/000/001/015/0136/front_en.3.400.jpg,en,
products,6222035211365,"مارشميلو بينك55ج",,"مارشميلو بينك55ج",,,,,,,,https://images.openproductsfacts.org/images/products/622/203/521/1365/front_en.3.400.jpg,en,
products,0049100140322,ماكس,,ماكس,,,,,,,,https://images.openproductsfacts.org/images/products/004/910/014/0322/front_en.3.400.jpg,en,
products,6223007634045,"تترا للبن",,"تترا للبن",,,,,,,,https://images.openproductsfacts.org/images/products/622/300/763/4045/front_en.3.400.jpg,en,
products,6221030100063,كتاكيتو,,كتاكيتو,,,,,,,,https://images.openproductsfacts.org/images/products/622/103/010/0063/front_en.3.400.jpg,en,
products,5449000005571,"شويبس 950م",,"شويبس 950م",,,,,,,,https://images.openproductsfacts.org/images/products/544/900/000/5571/front_en.3.400.jpg,en,
products,5449000298195,"Coca-Cola 2.45",,"Coca-Cola 2.45",,,,,,,,https://images.openproductsfacts.org/images/products/544/900/029/8195/front_en.5.400.jpg,en,
products,6224009169054,"مياة بوفانا 330م",,"مياة بوفانا 330م",,,,,,,,https://images.openproductsfacts.org/images/products/622/400/916/9054/front_en.3.400.jpg,en,
products,5449000298201,"Sprite 1.5",,"Sprite 1.5",,,,,,,,https://images.openproductsfacts.org/images/products/544/900/029/8201/front_en.3.400.jpg,en,
products,5449000298164,"Fanta orange",,"Fanta orange",,,,,,,,https://images.openproductsfacts.org/images/products/544/900/029/8164/front_en.3.400.jpg,en,
products,5449000266224,Coca-Cola,,Coca-Cola,,,,,,,,https://images.openproductsfacts.org/images/products/544/900/026/6224/front_en.3.400.jpg,en,
products,6224001105883,"لمار عصير كوكتيل",,"لمار عصير كوكتيل",,,,,,,,https://images.openproductsfacts.org/images/products/622/400/110/5883/front_en.5.400.jpg,en,
products,6224008637363,"لمار عصير اناناس",,"لمار عصير اناناس",,,,,,,,https://images.openproductsfacts.org/images/products/622/400/863/7363/front_en.3.400.jpg,en,
products,6224001105104,"لمار عصير مانجو",,"لمار عصير مانجو",,,,,,,,https://images.openproductsfacts.org/images/products/622/400/110/5104/front_en.3.400.jpg,en,
products,6224001105111,"لمار عصير جوافه",,"لمار عصير جوافه",,,,,,,,https://images.openproductsfacts.org/images/products/622/400/110/5111/front_en.3.400.jpg,en,
products,6222014334221,"جهينه عصير يوسفي",,"جهينه عصير يوسفي",,,,,,,,https://images.openproductsfacts.org/images/products/622/201/433/4221/front_en.3.400.jpg,en,
products,6222014334245,"جهينه عصير مكس بيري",,"جهينه عصير مكس بيري",,,,,,,,https://images.openproductsfacts.org/images/products/622/201/433/4245/front_en.3.400.jpg,en,
products,6223000756546,"دومتي برتقال",,"دومتي برتقال",,,,,,,,https://images.openproductsfacts.org/images/products/622/300/075/6546/front_en.3.400.jpg,en,
products,6221024120169,"فيتراك ورد",,"فيتراك ورد",,,,,,,,https://images.openproductsfacts.org/images/products/622/102/412/0169/front_en.3.400.jpg,en,
products,0214406130968,,,,,,,,,,,https://images.openproductsfacts.org/images/products/021/440/613/0968/front_ar.3.400.jpg,ar,
products,0403232939740,,,,,,,,,,,https://images.openproductsfacts.org/images/products/040/323/293/9740/front_en.3.400.jpg,en,
products,8690504156864,"كوديفا شوكولاته لوح","كوديفا شوكولاته لوح",godiva,,,,,,,,https://images.openproductsfacts.org/images/products/869/050/415/6864/front_ar.12.400.jpg,ar,
products,9781784392512,"Selenium testing tools",,"Selenium testing tools",,packt,packt,"2000 g",2000,g,,,en,
products,6224007400432,,,,,,,,,,,https://images.openproductsfacts.org/images/products/622/400/740/0432/front_ar.3.400.jpg,ar,
products,6624000155085,,,,,,,,,,,https://images.openproductsfacts.org/images/products/662/400/015/5085/front_ar.6.400.jpg,ar,
products,6223006655027,,,,,,,,,,,https://images.openproductsfacts.org/images/products/622/300/665/5027/front_ar.3.400.jpg,ar,
products,6111245466644,,,,,,,,,,,https://images.openproductsfacts.org/images/products/611/124/546/6644/front_ar.4.400.jpg,ar,
products,6223002570010,Ketoprek,,Ketoprek,,,,,,,"en:Medicaments|en:Open Products Facts",https://images.openproductsfacts.org/images/products/622/300/257/0010/front_en.3.400.jpg,en,
products,6223003992262,Buscopan,,Buscopan,,,,,,,"en:Medicaments|en:Open Products Facts",https://images.openproductsfacts.org/images/products/622/300/399/2262/front_en.3.400.jpg,en,
products,6222010611333,Pabadol,,Pabadol,,,,,,,"en:Medicaments|en:Open Products Facts",https://images.openproductsfacts.org/images/products/622/201/061/1333/front_en.3.400.jpg,en,
products,6224011153355,"Melacryst 3 mg",,"Melacryst 3 mg",,,,,,,"en:Medicaments|en:Open Products Facts",https://images.openproductsfacts.org/images/products/622/401/115/3355/front_en.3.400.jpg,en,
products,6224011153126,"Melacryst 1.5 mg",,"Melacryst 1.5 mg",,,,,,,"en:Medicaments|en:Open Products Facts",https://images.openproductsfacts.org/images/products/622/401/115/3126/front_en.3.400.jpg,en,
products,0224401033621,,,,,,,,,,,https://images.openproductsfacts.org/images/products/022/440/103/3621/front_ar.3.400.jpg,ar,
products,9120105750011,,,,,,,,,,,https://images.openproductsfacts.org/images/products/912/010/575/0011/front_ar.3.400.jpg,ar,
products,0200406503437,Notussil,,Notussil,,,,,,,,https://images.openproductsfacts.org/images/products/020/040/650/3437/front_en.3.400.jpg,en,
products,8699809595026,,,,,,,,,,,https://images.openproductsfacts.org/images/products/869/980/959/5026/front_ar.4.400.jpg,ar,
products,0124699000162,,,,,,,,,,,,ar,
products,40306445,,,"Cigarettes - Do NOT smoke cigarettes",,Davidoff,Davidoff,,,,en:tobacco-products|en:cigarettes,https://images.openproductsfacts.org/images/products/000/004/030/6445/front_ar.10.400.jpg,ar,
products,6221068503133,Prisoline,,Prisoline,,,,,,,,,en,
products,8681511320911,,,,,,,,,,,,ar,
products,9963516044566,,,,,,,12غ,0,,ar:البدرة,https://images.openproductsfacts.org/images/products/996/351/604/4566/front_ar.5.400.jpg,ar,
products,8413188000281,,,,,,,,,,,https://images.openproductsfacts.org/images/products/841/318/800/0281/front_ar.3.400.jpg,ar,
products,5000226001374,,,,,,,,,,,,ar,
products,30050921,,,,,,,,,,,https://images.openproductsfacts.org/images/products/000/003/005/0921/front_ar.4.400.jpg,ar,
products,5070000243481,,,,,,,,,,,https://images.openproductsfacts.org/images/products/507/000/024/3481/front_ar.3.400.jpg,ar,
products,0151020059148,,,,,,,,,,,,ar,
products,5000158107410,"Fingers cocoa wafers with cocoa and hazelnut cream",,,,,,,,,en:incorrect-product-type|en:non-food-products|en:open-products-facts,https://images.openproductsfacts.org/images/products/500/015/810/7410/front_fr.3.400.jpg,fr,
products,6221042164138,"أوميجا-، ٣ بلس","أوميجا-، ٣ بلس",,,,,"٣٠ كبسولة جيلاتينية رخوة",0,,ar:ادوية,https://images.openproductsfacts.org/images/products/622/104/216/4138/front_ar.3.400.jpg,ar,
products,0260029255025,,,,,,,,,,,https://images.openproductsfacts.org/images/products/026/002/925/5025/front_ar.3.400.jpg,ar,
products,6215788586873,,,,,,,,,,,https://images.openproductsfacts.org/images/products/621/578/858/6873/front_ar.5.400.jpg,ar,
products,6287007961785,,,,,,,,,,,,ar,
products,8699273573759,,,,,,,,,,,https://images.openproductsfacts.org/images/products/869/927/357/3759/front_ar.3.400.jpg,ar,
products,0614514249048,,,,,,,,,,,https://images.openproductsfacts.org/images/products/061/451/424/9048/front_ar.3.400.jpg,ar,
products,1850101000914,,,,,,,,,,,https://images.openproductsfacts.org/images/products/185/010/100/0914/front_ar.3.400.jpg,ar,
products,6260524700341,,,,,,,,,,,https://images.openproductsfacts.org/images/products/626/052/470/0341/front_ar.6.400.jpg,ar,
products,6976518470908,,,,,,,,,,,https://images.openproductsfacts.org/images/products/697/651/847/0908/front_ar.3.400.jpg,ar,
products,6890154784055,,,,,,,,,,,https://images.openproductsfacts.org/images/products/689/015/478/4055/front_ar.6.400.jpg,ar,
products,6111033005987,,,,,,,,,,,https://images.openproductsfacts.org/images/products/611/103/300/5987/front_ar.3.400.jpg,ar,
products,8682340346912,,,,,,,,,,,https://images.openproductsfacts.org/images/products/868/234/034/6912/front_ar.3.400.jpg,ar,
products,0455280006615,,,,,,,,,,,https://images.openproductsfacts.org/images/products/045/528/000/6615/front_ar.3.400.jpg,ar,
products,6929309003687,,,,,,,,,,,https://images.openproductsfacts.org/images/products/692/930/900/3687/front_ar.3.400.jpg,ar,
products,6931978108792,,,,,,,,,,,https://images.openproductsfacts.org/images/products/693/197/810/8792/front_ar.3.400.jpg,ar,
products,0000605504990,,,,,,,,,,,,ar,
products,62211581,Merit,,Merit,,"Phillip Morr","Phillip Morr",,,,,https://images.openproductsfacts.org/images/products/000/006/221/1581/front_fr.5.400.jpg,en,
products,6221078767853,,,,,,,,,,,https://images.openproductsfacts.org/images/products/622/107/876/7853/front_en.4.400.jpg,en,
products,6118000081074,,,,,,,,,,ar:2ogalene,https://images.openproductsfacts.org/images/products/611/800/008/1074/front_ar.3.400.jpg,ar,
products,6939293513208,,,,,,,,,,,https://images.openproductsfacts.org/images/products/693/929/351/3208/front_ar.5.400.jpg,ar,
products,3600522448679,,,,,,,,,,,https://images.openproductsfacts.org/images/products/360/052/244/8679/front_ar.5.400.jpg,ar,
products,3110241322261,,,,,,,,,,,https://images.openproductsfacts.org/images/products/311/024/132/2261/front_ar.3.400.jpg,ar,
products,6221004503364,"سيجارة كيلوباترا","سيجارة كيلوباترا",,,سجائر,سجائر,ااا,0,,en:non-food-products|en:open-products-facts,https://images.openproductsfacts.org/images/products/622/100/450/3364/front_ar.7.400.jpg,ar,
products,5070800903745,,,,,,,,,,,https://images.openproductsfacts.org/images/products/507/080/090/3745/front_ar.3.400.jpg,ar,
products,6221004001976,"سجاير كيلوباترا","سجاير كيلوباترا",k7,"كليوباترا عادة سوفت",مصر,مصر,٢٠سجاره,0,,en:incorrect-product-type|en:tobacco-products|en:cigarettes|en:confectioneries|en:non-food-products|en:open-products-facts|en:snacks|en:sweet-snacks,https://images.openproductsfacts.org/images/products/622/100/400/1976/front_ar.22.400.jpg,ar,"كوم امبو"
products,6217555569980,,,,,,,,,,,https://images.openproductsfacts.org/images/products/621/755/556/9980/front_ar.3.400.jpg,ar,
products,0017505560151,,,,,,,,,,,https://images.openproductsfacts.org/images/products/001/750/556/0151/front_ar.3.400.jpg,ar,
products,2950158870222,,,,,,,,,,,https://images.openproductsfacts.org/images/products/295/015/887/0222/front_ar.3.400.jpg,ar,
products,5059018237903,,,,,,,,,,,https://images.openproductsfacts.org/images/products/505/901/823/7903/front_ar.9.400.jpg,ar,
products,6291106032277,,,,,,,,,,,https://images.openproductsfacts.org/images/products/629/110/603/2277/front_ar.3.400.jpg,ar,
products,8001090215581,"Fairy - Original - All in One Dishwasher Capsules - 100 Lemon Capsules",,"Fairy - Original - All in One Dishwasher Capsules - 100 Lemon Capsules",,Fairy,fairy,,,,,https://images.openproductsfacts.org/images/products/800/109/021/5581/front_en.3.400.jpg,en,
products,0647899968525,,,,,,,,,,,https://images.openproductsfacts.org/images/products/064/789/996/8525/front_ar.3.400.jpg,ar,
products,3271441211271,,,,,,,,,,,https://images.openproductsfacts.org/images/products/327/144/121/1271/front_ar.3.400.jpg,ar,
products,6111044000605,,,,,,,,,,,https://images.openproductsfacts.org/images/products/611/104/400/0605/front_ar.3.400.jpg,ar,
products,6253363802031,,,,,,,,,,,https://images.openproductsfacts.org/images/products/625/336/380/2031/front_ar.3.400.jpg,ar,
products,8700216026550,"Lenor In-Wash Scent Booster Desert Rose 176g",,"Lenor In-Wash Scent Booster Desert Rose 176g",,Lenor,lenor,,,,,https://images.openproductsfacts.org/images/products/870/021/602/6550/front_en.3.400.jpg,en,
products,3086123310421,"BIC - 1 Stylo 4 COLOURS SHINE - Corps Blanc/ Bleu métalisé - 4 Couleurs classiques",,"BIC - 1 Stylo 4 COLOURS SHINE - Corps Blanc/ Bleu métalisé - 4 Couleurs classiques",,"BIC SA","BIC SA",,,,,https://images.openproductsfacts.org/images/products/308/612/331/0421/front_en.3.400.jpg,en,
products,4009932923933,"كلينس هيلين","كلينس هيلين",,,,,,,,,https://images.openproductsfacts.org/images/products/400/993/292/3933/front_ar.4.400.jpg,ar,
products,6111017044575,,,,,,,,,,ar:حليب,,ar,
products,4016786906142,,,,,,,,,,,https://images.openproductsfacts.org/images/products/401/678/690/6142/front_ar.3.400.jpg,ar,
products,0753386483805,,,,,,,,,,"ar:ورق التصوير",,ar,
products,6111263770693,,,,,,,,,,,https://images.openproductsfacts.org/images/products/611/126/377/0693/front_ar.3.400.jpg,ar,
products,6111264040580,,,,,,,,,,,https://images.openproductsfacts.org/images/products/611/126/404/0580/front_ar.3.400.jpg,ar,
products,6223014380287,,,,,,,,,,,https://images.openproductsfacts.org/images/products/622/301/438/0287/front_ar.3.400.jpg,ar,
products,6800202110880,,,,,,,,,,,https://images.openproductsfacts.org/images/products/680/020/211/0880/front_ar.3.400.jpg,ar,
products,3800500415017,,,,,,,,,,,https://images.openproductsfacts.org/images/products/380/050/041/5017/front_ar.4.400.jpg,ar,
products,8001090342317,"تايد مسحوق 5كيلو",,"تايد مسحوق 5كيلو",,Tide,Tide,5kg,5000,g,,https://images.openproductsfacts.org/images/products/800/109/034/2317/front_en.3.400.jpg,en,
products,8001841131269,"اريال جل 2.5",,"اريال جل 2.5",,Ariel,ariel,2.5,0,,,https://images.openproductsfacts.org/images/products/800/184/113/1269/front_en.3.400.jpg,en,
products,8006540820599,"اريال مسحوق ضد البكتيريا 4kg",,"اريال مسحوق ضد البكتيريا 4kg",,Ariel,ariel,4kg,4000,g,,https://images.openproductsfacts.org/images/products/800/654/082/0599/front_en.3.400.jpg,en,
products,6224010541047,PETS,,PETS,,,,,,,,https://images.openproductsfacts.org/images/products/622/401/054/1047/front_en.3.400.jpg,en,
products,4056233647822,,,,,,,"2 x 85 ml",170,,,https://images.openproductsfacts.org/images/products/405/623/364/7822/front_en.3.400.jpg,en,
products,62212656,,,,,,,,,,,https://images.openproductsfacts.org/images/products/000/006/221/2656/front_ar.4.400.jpg,ar,
products,62211956,,,,,,,,,,,https://images.openproductsfacts.org/images/products/000/006/221/1956/front_en.3.400.jpg,en,
products,8001090649621,Shampo,,Shampo,,,,,,,,https://images.openproductsfacts.org/images/products/800/109/064/9621/front_en.3.400.jpg,en,
products,8001090421548,,,,,,,,,,,,ar,
products,4065425367059,,,,,,,,,,,https://images.openproductsfacts.org/images/products/406/542/536/7059/front_ar.3.400.jpg,ar,
products,6224008195092,"كبريت 1ج",,"كبريت 1ج",,"قروسه  9","قروسه  9",1,,,,https://images.openproductsfacts.org/images/products/622/400/819/5092/front_en.6.400.jpg,en,
products,94120400,"cleansing gel scrub and mask",,"cleansing gel scrub and mask",,"selfie project","selfie project",150g,150,,en:Antiseptics|en:Combination-soaps-shampoos-soap-free-cleansers|en:Drugs-and-pharmaceutical-products,https://images.openproductsfacts.org/images/products/000/009/412/0400/front_en.4.400.jpg,en,
products,6224011036146,H&R,,,,ELMADINA,ELMADINA,8,,,,,xx,
products,6772504408081,"rose water",,"rose water",,"العراب بيور","العراب بيور",250ml,250,,,https://images.openproductsfacts.org/images/products/677/250/440/8081/front_en.4.400.jpg,en,
products,3660849504724,,,,,,,,,,,https://images.openproductsfacts.org/images/products/366/084/950/4724/front_ar.7.400.jpg,ar,
products,42310013,,,,,,,,,,,https://images.openproductsfacts.org/images/products/000/004/231/0013/front_ar.4.400.jpg,en,
food,6223001580485,,,,,,,,,,,https://images.openfoodfacts.org/images/products/622/300/158/0485/front_ar.4.400.jpg,ar,
food,6982018028457,"حسن ابو كامل","حسن ابو كامل",,,"حسن ابو كامل","حسن ابو كامل",1,0,,en:plant-based-foods-and-beverages|en:plant-based-foods|en:legumes-and-their-products|en:meat-alternatives|en:meat-analogues|xx:tofu,https://images.openfoodfacts.org/images/products/698/201/802/8457/front_ar.4.400.jpg,ar,"مصر 6"
food,5201043112483,"Iliaaa extra virgin olive oil",,"Iliaaa extra virgin olive oil",,Iliaa,Iliaa,1,0,,en:plant-based-foods-and-beverages|en:plant-based-foods|en:fats|en:vegetable-fats|en:olive-tree-products|en:vegetable-oils|en:olive-oils|en:greek-oils-and-fats|en:olive-oils-from-greece|en:virgin-olive-oils|en:extra-virgin-olive-oils,https://images.openfoodfacts.org/images/products/520/104/311/2483/front_en.8.400.jpg,en,
food,6221089300018,,,,,,,,,,,https://images.openfoodfacts.org/images/products/622/108/930/0018/front_ar.6.400.jpg,ar,
food,6224009577293,"مكرونة المصريين","مكرونة المصريين",,,"مكرونة المصريين","مكرونة المصريين","100 جرام",,,ar:مكرونة,https://images.openfoodfacts.org/images/products/622/400/957/7293/front_ar.10.400.jpg,ar,
food,6223000055168,"مربى التين","مربى التين",,,"مربى التين","مربى التين","391 جرام",391,g,en:plant-based-foods-and-beverages|en:plant-based-foods|en:breakfasts|en:fruit-based-foods-and-beverages|en:fruits-and-vegetables-based-foods|en:spreads|en:fruit-based-foods|en:plant-based-spreads|en:sweet-spreads|en:fruit-and-vegetable-preserves|en:fruit-preserves|en:jams|en:fruit-jams|en:figs-jams,https://images.openfoodfacts.org/images/products/622/300/005/5168/front_ar.4.400.jpg,ar,موزان
food,6221078144296,"cargo brown rice","cargo brown rice",,,"imtenan health shop","imtenan health shop",750g,750,g,en:plant-based-foods-and-beverages|en:plant-based-foods|en:cereals-and-potatoes|en:seeds|en:cereals-and-their-products|en:cereal-grains|en:rices,https://images.openfoodfacts.org/images/products/622/107/814/4296/front_ar.14.400.jpg,ar,سعودى
food,6222014332807,"Pure natural juice pineapple","Pure natural juice pineapple","Pure 100% Natural Juice",,Juhayna,Juhayna,"235 ml",235,ml,en:beverages-and-beverages-preparations|en:plant-based-foods-and-beverages|en:beverages|en:fruit-based-foods-and-beverages|en:plant-based-beverages|en:fruit-based-beverages|en:juices-and-nectars|en:fruit-juices|en:pineapple-juices,https://images.openfoodfacts.org/images/products/622/201/433/2807/front_ar.24.400.jpg,ar,
food,7614200037013,,,,,Hero,Hero,,,,,,en,
food,5740900402737,Lurpak,,Lurpak,,Lurpak,Lurpak,,,,,,en,
food,6930616628067,,,,,,,,,,,https://images.openfoodfacts.org/images/products/693/061/662/8067/front_ar.3.400.jpg,ar,
food,0817047020331,,,,,,,,,,,,zu,
food,8801456191173,,,,,,,,,,,https://images.openfoodfacts.org/images/products/880/145/619/1173/front_en.4.400.jpg,en,
food,2918746578647,,,,,,,,,,,https://images.openfoodfacts.org/images/products/291/874/657/8647/front_en.10.400.jpg,en,
food,6223000263600,,,,,,,,,,,https://images.openfoodfacts.org/images/products/622/300/026/3600/front_en.4.400.jpg,en,
food,6224009431014,,,,,,,"45 g",45,,,https://images.openfoodfacts.org/images/products/622/400/943/1014/front_en.4.400.jpg,en,
food,6941399004139,فادي,فادي,,,٢,٢,١,,,ar:مصر,,ar,
food,4221486004689,,,,,,,,,,,https://images.openfoodfacts.org/images/products/422/148/600/4689/front_ar.3.400.jpg,ar,
food,08601483,فاين,فاين,,,١,١,١,,,"ar:١
١",https://images.openfoodfacts.org/images/products/000/000/860/1483/front_ar.3.400.jpg,ar,
food,7611608255742,,,,,,,,,,,https://images.openfoodfacts.org/images/products/761/160/825/5742/front_ar.4.400.jpg,en,
food,279025338573833,"لغه عربيه","لغه عربيه",,,"ثانويه عامه","ثانويه عامه",كتيره,,,,,ar,
food,8691216094208,,,,,Haribo,haribo,,,,en:snacks|en:sweet-snacks|en:confectioneries|en:candies,,en,
food,6999615771563,,,,,,,,,,,https://images.openfoodfacts.org/images/products/699/961/577/1563/front_ar.3.400.jpg,ar,
food,6221045011279,"Augmentin 1 mg",,"Augmentin 1 mg",,,,1,,,,,en,
food,6224008203230,"Feta cheese",,"Feta cheese",,Prego,prego,"80 g",80,g,en:dairies|en:fermented-foods|en:fermented-milk-products|en:cheeses|en:cow-cheeses|en:pasteurised-products|en:pasteurized-cheeses|en:feta-type-cheese|en:feta-type-cheese-from-cow-s-milk,https://images.openfoodfacts.org/images/products/622/400/820/3230/front_en.4.400.jpg,en,
food,8101802088943,dasani,dasani,,,دساني,دساني,"1,5 لتر",1500,ml,"ar:صوت التكة  امان",https://images.openfoodfacts.org/images/products/810/180/208/8943/front_ar.7.400.jpg,ar,
food,6223003292591,,,,,,,,,,,https://images.openfoodfacts.org/images/products/622/300/329/2591/front_ar.3.400.jpg,ar,
food,6222009565579,لمبادا٢,لمبادا٢,,,لمباد,لمباد,٢,,,ar:١,https://images.openfoodfacts.org/images/products/622/200/956/5579/front_ar.6.400.jpg,ar,
food,6223001642909,,,,,,,,,,,https://images.openfoodfacts.org/images/products/622/300/164/2909/front_ar.4.400.jpg,ar,
food,0842595106145,,,,,,,"390 g",390,g,en:dietary-supplements,,en,
food,12755819,,,,,,,,,,,https://images.openfoodfacts.org/images/products/000/001/275/5819/front_ar.4.400.jpg,en,
food,6224010181267,,,,,,,"30 g",30,,,https://images.openfoodfacts.org/images/products/622/401/018/1267/front_ar.4.400.jpg,en,
food,3014260327699,,,,,,,,,,,https://images.openfoodfacts.org/images/products/301/426/032/7699/front_ar.4.400.jpg,en,
food,6224000839482,"عصير جوافه","عصير جوافه",,,,,,,,,https://images.openfoodfacts.org/images/products/622/400/083/9482/front_ar.4.400.jpg,ar,
food,6224000528997,,,,,,,,,,,https://images.openfoodfacts.org/images/products/622/400/052/8997/front_en.4.400.jpg,en,
food,6223001361770,"MiRiNDA GREEN APPLE",,,,Mirinda,Mirinda,,,,,https://images.openfoodfacts.org/images/products/622/300/136/1770/front_fr.3.400.jpg,fr,
food,03551684,"جاري التحميل…","جاري التحميل…",,,,,,,,,,ar,
food,6224000920371,"Bostany Tuna - Light meat",,"Bostany Tuna - Light meat",,Bostany,Bostany,140g,140,g,en:seafood|en:fishes-and-their-products|en:canned-foods|en:fishes|en:fatty-fishes|en:canned-fishes|en:tunas|en:canned-tunas,https://images.openfoodfacts.org/images/products/622/400/092/0371/front_en.4.400.jpg,en,
food,6223000400005,,,,,,,,,,,https://images.openfoodfacts.org/images/products/622/300/040/0005/front_en.6.400.jpg,en,
food,6221012370255,"Choco pillow",,"Choco pillow",,Swisslion,Swisslion,,,,,https://images.openfoodfacts.org/images/products/622/101/237/0255/front_en.5.400.jpg,en,
food,6223000430095,"Rich bake traditional bread",,"Rich bake traditional bread",,"Rich bake","Rich bake",,,,,,en,
food,4084500635944,herbal,,herbal,,,,,,,en:incorrect-product-type|en:non-food-products|en:Cosmatics,,en,
food,6224008794349,"أوميجا كالسيوم 18%","أوميجا كالسيوم 18%",,,6612,6612,"1 كيلو غرام",,,"ar:مبيدات ذراعيه",https://images.openfoodfacts.org/images/products/622/400/879/4349/front_ar.4.400.jpg,ar,
food,8907969000022,,,,,,,,,,,https://images.openfoodfacts.org/images/products/890/796/900/0022/front_en.4.400.jpg,en,
food,70601947,"Ana Syllinum","Ana Syllinum",,,Kings,Kings,30cap,,,,https://images.openfoodfacts.org/images/products/000/007/060/1947/front_ar.4.400.jpg,ar,
food,01605273,,,,,,,,,,en:incorrect-product-type|en:non-food-products|en:open-products-facts,https://images.openfoodfacts.org/images/products/000/000/160/5273/front_ar.4.400.jpg,en,
food,5099864013245,Pedialyte,,,,,,,,,,https://images.openfoodfacts.org/images/products/509/986/401/3245/front_fr.3.400.jpg,fr,
food,6224008559092,,,,,,,,,,,https://images.openfoodfacts.org/images/products/622/400/855/9092/front_ar.4.400.jpg,en,
food,6221007005964,"Nescafe Gold",,,,,,,,,en:beverages-and-beverages-preparations|en:plant-based-foods-and-beverages|en:beverages|en:plant-based-foods|en:beverage-preparations|en:coffees|en:instant-beverages,https://images.openfoodfacts.org/images/products/622/100/700/5964/front_fr.3.400.jpg,fr,
food,4869099180163,,,,,,,,,,,https://images.openfoodfacts.org/images/products/486/909/918/0163/front_ar.4.400.jpg,en,
food,6224000432836,"Dina farms",,,,,,,,,,https://images.openfoodfacts.org/images/products/622/400/043/2836/front_fr.3.400.jpg,fr,
food,6223000350201,"جهينه حليب خالي الدسم ٠,٥%","جهينه حليب خالي الدسم ٠,٥%",,,جهينه,جهينه,"200 ml",200,ml,en:dairies|en:milks-liquid-and-powder|en:milks|en:skimmed-milks,https://images.openfoodfacts.org/images/products/622/300/035/0201/front_ar.18.400.jpg,ar,
food,6221012251059,"Bran Loops",,,,,,,,,,https://images.openfoodfacts.org/images/products/622/101/225/1059/front_fr.3.400.jpg,fr,
food,6224007527863,xtrano,xtrano,,,,,,,,,,ar,
food,6221012251240,"Choco scoops",,,,,,,,,en:plant-based-foods-and-beverages|en:plant-based-foods|en:breakfasts|en:cereals-and-potatoes|en:cereals-and-their-products|en:breakfast-cereals,https://images.openfoodfacts.org/images/products/622/101/225/1240/front_fr.3.400.jpg,fr,
food,6223006312388,"Protein bar",,"Protein bar",,"Abu Auf - Coffe & chocolate","Abu Auf - Coffe & chocolate",,,,,https://images.openfoodfacts.org/images/products/622/300/631/2388/front_en.13.400.jpg,en,
food,6224008709473,"عبور لاند","عبور لاند",,,"Obour land, عبور لاند","Obour land|عبور لاند","500 g",500,g,,,ar,
food,6224010103030,"whey protein strawberry",,"whey protein strawberry",,Zero,Zero,,,,,https://images.openfoodfacts.org/images/products/622/401/010/3030/front_en.6.400.jpg,en,
food,6223002381609,,,,,1,1,1200,,,ar:10,https://images.openfoodfacts.org/images/products/622/300/238/1609/front_ar.4.400.jpg,ar,
food,7613036291361,milk,,milk,,,,10,,,,https://images.openfoodfacts.org/images/products/761/303/629/1361/front_en.4.400.jpg,en,
food,6221050130101,"gghh gggf",,"gghh gggf",,,,1,,,en:Med,https://images.openfoodfacts.org/images/products/622/105/013/0101/front_en.4.400.jpg,en,
food,6224001105838,"Lemon drink",,"Lemon drink",,Lamar,Lamar,1L,1000,ml,en:beverages-and-beverages-preparations|en:plant-based-foods-and-beverages|en:beverages|en:fruit-based-foods-and-beverages|en:plant-based-beverages|en:fruit-based-beverages|en:juices-and-nectars|en:fruit-juices|en:lemon-juice,https://images.openfoodfacts.org/images/products/622/400/110/5838/front_en.21.400.jpg,en,
food,6223001360346,"Seven up",,"Seven up",,,,,,,,,en,
food,6222003701980,,,,,,,,,,,https://images.openfoodfacts.org/images/products/622/200/370/1980/front_ar.3.400.jpg,ar,
food,6223007730150,,,,,,,,,,,https://images.openfoodfacts.org/images/products/622/300/773/0150/front_ar.4.400.jpg,en,
food,6224008528777,فيللي,,فيللي,,,,,,,,,en,
food,6225000047709,سويتال,,سويتال,,,,,,,,,en,
food,6223003806552,"Mc Vitie’s",,"Mc Vitie’s",,Mcvities,Mcvities,,,,en:snacks|en:sweet-snacks|en:biscuits-and-cakes|en:biscuits-and-crackers|en:biscuits,https://images.openfoodfacts.org/images/products/622/300/380/6552/front_en.6.400.jpg,en,
food,9614001086003,,,,,,,,,,,https://images.openfoodfacts.org/images/products/961/400/108/6003/front_en.4.400.jpg,en,
food,6224000773106,,,,,,,,,,,https://images.openfoodfacts.org/images/products/622/400/077/3106/front_en.4.400.jpg,en,
food,6222001114959,"Cocoa Lovers Sandwich",,"Cocoa Lovers Sandwich",,,,,,,,,en,
food,35370420,,,,,Mario,Mario,,,,,https://images.openfoodfacts.org/images/products/000/003/537/0420/front_en.3.400.jpg,en,
food,6221031492464,Doritos,,Doritos,,T,T,,,,en:snacks|en:salty-snacks|en:appetizers|en:chips-and-fries|en:crisps,https://images.openfoodfacts.org/images/products/622/103/149/2464/front_en.3.400.jpg,en,
food,6221007013976,"Nescafé Classic",,,,Nescafé,Nescafé,,,,en:beverages-and-beverages-preparations|en:plant-based-foods-and-beverages|en:beverages|en:plant-based-foods|en:beverage-preparations|en:coffees|en:instant-beverages|en:instant-coffees,https://images.openfoodfacts.org/images/products/622/100/701/3976/front_fr.3.400.jpg,fr,
food,6955549312074,,,,,,,,,,,https://images.openfoodfacts.org/images/products/695/554/931/2074/front_ar.4.400.jpg,ar,
food,13582631,حلاقة,حلاقة,,,,,١,0,,en:plant-based-foods-and-beverages|en:plant-based-foods|en:legumes-and-their-products|en:meat-alternatives|en:meat-analogues|xx:tofu,https://images.openfoodfacts.org/images/products/000/001/358/2631/front_ar.4.400.jpg,ar,
food,7622300876777,"Tuc Cheese flavor",,,,Tuc,tuc,,,,,https://images.openfoodfacts.org/images/products/762/230/087/6777/front_fr.3.400.jpg,fr,
food,6223000190135,"olive oil","وأدى زيت زيتون","olive oil",,"wadi food","wadi food",250mg,0.25,g,,https://images.openfoodfacts.org/images/products/622/300/019/0135/front_en.4.400.jpg,en,
food,6224007642771,اصيله,اصيله,,,,,,,,,https://images.openfoodfacts.org/images/products/622/400/764/2771/front_ar.4.400.jpg,ar,
food,6223003930622,,,,,,,,,,,https://images.openfoodfacts.org/images/products/622/300/393/0622/front_ar.4.400.jpg,ar,
food,6223003806538,"biskrem duo",,"biskrem duo",,McVitie's,mcvitie-s,,,,en:snacks|en:sweet-snacks|en:biscuits-and-cakes|en:biscuits-and-crackers|en:biscuits,https://images.openfoodfacts.org/images/products/622/300/380/6538/front_en.4.400.jpg,en,
food,6224009991211,عادي,عادي,,,عادي,عادي,"30 غرام",,,"ar:شرائح بطاطس مقليه",https://images.openfoodfacts.org/images/products/622/400/999/1211/front_ar.4.400.jpg,ar,
food,6221032118783,"سياتل كولد آند فلو","سياتل كولد آند فلو",,,,,١٢,,,,https://images.openfoodfacts.org/images/products/622/103/211/8783/front_ar.4.400.jpg,ar,
food,8996001303764,"danisa butter cookies",,"danisa butter cookies",,danisa,danisa,"200 g",200,g,en:snacks|en:sweet-snacks|en:biscuits-and-cakes|en:biscuits-and-crackers|en:biscuits,https://images.openfoodfacts.org/images/products/899/600/130/3764/front_en.4.400.jpg,pt,
food,5781712625204,,,,,,,,,,,https://images.openfoodfacts.org/images/products/578/171/262/5204/front_ar.3.400.jpg,en,
food,2000013004901,,,,,,,,,,,https://images.openfoodfacts.org/images/products/200/001/300/4901/front_en.3.400.jpg,en,
food,5010525134178,"2 chocolate cupcakes",,"2 chocolate cupcakes",,Morrisons,Morrisons,,,,,https://images.openfoodfacts.org/images/products/501/052/513/4178/front_en.8.400.jpg,en,
food,6224008563051,"جيل شعر",,"جيل شعر",,,,,,,,,en,
food,6224008245278,"Peanut butter high protein",,"High Protein Peanut Butter",,Lino,Lino,,,,,https://images.openfoodfacts.org/images/products/622/400/824/5278/front_fr.3.400.jpg,fr,
food,9780194776141,انجليش,انجليش,,,مصر,مصر,1,,,,,ar,
food,6223003501259,,,,,,,,,,,https://images.openfoodfacts.org/images/products/622/300/350/1259/front_ar.3.400.jpg,ar,
food,6224010181168,"Coca shells",,"Coca shells",,Delancey,Delancey,,,,,,en,
food,6223000410080,"Chips Ketchup",,,,Lion,Lion,,,,en:plant-based-foods-and-beverages|en:plant-based-foods|en:snacks|en:cereals-and-potatoes|en:salty-snacks|en:appetizers|en:chips-and-fries|en:potatoes-and-their-products|en:crisps|en:salty-snacks-made-from-potato|en:potato-crisps|en:flavoured-potato-crisps|en:ketchup-crisps,https://images.openfoodfacts.org/images/products/622/300/041/0080/front_fr.3.400.jpg,fr,
food,6223003806569,"digestive minis",,"digestive minis",,McVities,McVities,"60 g",60,g,en:snacks|en:sweet-snacks|en:biscuits-and-cakes|en:biscuits-and-crackers|en:biscuits,https://images.openfoodfacts.org/images/products/622/300/380/6569/front_en.4.400.jpg,en,bim
food,6224000036539,"TRIANGLE CHEESE",,"Teama 24 portions","TEAMA TRIANGLE CHEESE 24PORTIONS",TEAMA,TEAMA,"24 PORTIONS",0,,en:dairies|en:fermented-foods|en:fermented-milk-products|en:spreads|en:cheeses|en:salted-spreads|en:cheese-spreads,https://images.openfoodfacts.org/images/products/622/400/003/6539/front_en.3.400.jpg,fr,
food,6772504984257,sokulu,,sokulu,,,,,,,,https://images.openfoodfacts.org/images/products/677/250/498/4257/front_en.4.400.jpg,en,
food,6223004612626,,,,,,,,,,,https://images.openfoodfacts.org/images/products/622/300/461/2626/front_en.4.400.jpg,en,
food,6294017102961,Cappuccino,,,,,,,,,,https://images.openfoodfacts.org/images/products/629/401/710/2961/front_fr.3.400.jpg,fr,
food,6224008603764,"Peanut butter (a.m.r)",,,,,,,,,en:plant-based-foods-and-beverages|en:plant-based-foods|en:legumes-and-their-products|en:spreads|en:plant-based-spreads|en:oilseed-purees|en:legume-butters|en:peanut-butters,https://images.openfoodfacts.org/images/products/622/400/860/3764/front_fr.3.400.jpg,fr,
food,6224000045142,Corn,,,,,,,,,,https://images.openfoodfacts.org/images/products/622/400/004/5142/front_fr.3.400.jpg,fr,
food,2251366968789,Dibaj,Dibaj,,,,,,,,,,ar,
food,6221031490569,Forno,,Forno,,,,,,,,https://images.openfoodfacts.org/images/products/622/103/149/0569/front_en.4.400.jpg,xx,
food,6294001827672,"galaxy DARK CHOCOLATE CREAM","galaxy DARK CHOCOLATE CREAM",,,Galaxy,galaxy,38g,38,g,,https://images.openfoodfacts.org/images/products/629/400/182/7672/front_ar.4.400.jpg,ar,
food,7622210292711,"Cadbury hazelnut",,"Cadbury hazelnut",,Cadbury,Cadbury,"37 gm",37,g,en:snacks|en:sweet-snacks|en:cocoa-and-its-products|en:chocolates|en:chocolates-with-hazelnuts,https://images.openfoodfacts.org/images/products/762/221/029/2711/front_en.11.400.jpg,en,
food,9780810987999,,,,,,,,,,,https://images.openfoodfacts.org/images/products/978/081/098/7999/front_en.3.400.jpg,en,
food,6223000182192,,,,,,,,,,,https://images.openfoodfacts.org/images/products/622/300/018/2192/front_en.4.400.jpg,ar,
food,6221155097156,,,,,,,,,,,https://images.openfoodfacts.org/images/products/622/115/509/7156/front_ar.4.400.jpg,en,
food,8806090024399,,,,,,,,,,,https://images.openfoodfacts.org/images/products/880/609/002/4399/front_en.5.400.jpg,en,
food,6223004763007,Snack,,,,,,,,,,https://images.openfoodfacts.org/images/products/622/300/476/3007/front_fr.3.400.jpg,fr,
food,6221031490842,Crackers,,,,,,,,,,https://images.openfoodfacts.org/images/products/622/103/149/0842/front_fr.3.400.jpg,fr,
food,6224008233343,,,,,,,,,,,https://images.openfoodfacts.org/images/products/622/400/823/3343/front_ar.4.400.jpg,ar,
food,6224007537473,frida,,frida,,fridal,fridal,"520 gm",520,,,https://images.openfoodfacts.org/images/products/622/400/753/7473/front_en.3.400.jpg,en,
food,6223005592910,"chocolate taw taw crunch","chocolate taw taw crunch",,,"taw taw","taw taw",30g,30,g,en:snacks|en:sweet-snacks|en:cocoa-and-its-products|en:chocolates,https://images.openfoodfacts.org/images/products/622/300/559/2910/front_en.7.400.jpg,ar,
food,8695871026413,سماعه,سماعه,,,EARPHONES,EARPHONES,150,,,,,ar,
food,6223000228371,"Oats with chia",,,,,,,,,en:plant-based-foods-and-beverages|en:plant-based-foods|en:cereals-and-potatoes|en:cereals-and-their-products,https://images.openfoodfacts.org/images/products/622/300/022/8371/front_fr.3.400.jpg,fr,
food,6222014351310,Zabado,,,,,,,,,,https://images.openfoodfacts.org/images/products/622/201/435/1310/front_fr.3.400.jpg,fr,
food,6221031494758,Gourmet,,,,Lay's,lay-s,,,,,https://images.openfoodfacts.org/images/products/622/103/149/4758/front_fr.3.400.jpg,fr,
food,6281007044936,"cream cheese",,"cream cheese",,"Almarai, المراعي",Almarai|المراعي,432gm,432,g,en:dairies|en:fermented-foods|en:fermented-milk-products|en:spreads|en:cheeses|en:salted-spreads|en:cheese-spreads,https://images.openfoodfacts.org/images/products/628/100/704/4936/front_en.4.400.jpg,en,
food,6281007045346,"Almarai creamier 2p 500g",,"Almarai creamier 2p 500g",,"Almarai, المراعي",Almarai|المراعي,500gm,500,g,"en:dairies|en:Spread cheese",https://images.openfoodfacts.org/images/products/628/100/704/5346/front_en.26.400.jpg,en,
food,6223001879114,"jus mangue 1l beyti pqt","بيتى عصير مانجو",,,,,,,,en:beverages-and-beverages-preparations|en:beverages,https://images.openfoodfacts.org/images/products/622/300/187/9114/front_fr.13.400.jpg,fr,
food,5287000641036,Starvex,Starvex,,,,,1,,,,,ar,
food,6221155098887,,,,,,,1,,,ar:فچيتار,https://images.openfoodfacts.org/images/products/622/115/509/8887/front_ar.4.400.jpg,ar,
food,6221031492143,"شيبسي بطاطس","شيبسي بطاطس",,,شيبسي,شيبسي,كيس,,,ar:شيبسي,https://images.openfoodfacts.org/images/products/622/103/149/2143/front_ar.4.400.jpg,ar,
food,6223001064282,"هارفست فوودز صلصة بيوريه الطماطم","هارفست فوودز صلصة بيوريه الطماطم","Tomate Puree",,"هارفست فوودز","هارفست فوودز","٣٢٠ جرام",0,g,"ar:صلصة بيوريه الطماطم",,ar,"سوبر ماركت مرحباً ألوف، شارع المخبز الآلي، العروبة، سوهاج، مصر"
food,6221007011927,"Nescafe sugar free 2 in 1",,,,,,,,,en:plant-based-foods-and-beverages|en:plant-based-foods|en:coffees,https://images.openfoodfacts.org/images/products/622/100/701/1927/front_fr.3.400.jpg,fr,
food,6224009265251,Tots,,Tots,,GoBites,GoBites,,,,,,en,
food,6223000760413,"El Bawadi Plain Halva",,,,,,,,,,https://images.openfoodfacts.org/images/products/622/300/076/0413/front_fr.3.400.jpg,fr,
food,6224007940044,فاتيكا,فاتيكا,,,,,,,,,https://images.openfoodfacts.org/images/products/622/400/794/0044/front_ar.4.400.jpg,ar,
food,6224007639771,Sobya,,,,,,,,,en:desserts|en:frozen-foods|en:frozen-desserts|en:ice-creams-and-sorbets|ar:نعم,https://images.openfoodfacts.org/images/products/622/400/763/9771/front_fr.3.400.jpg,fr,
food,6221007028734,"Youhurt and blackberry",,,,,,,,,,https://images.openfoodfacts.org/images/products/622/100/702/8734/front_fr.3.400.jpg,fr,
food,6221155081827,Sunlight,Sunlight,,,,,4,,,,https://images.openfoodfacts.org/images/products/622/115/508/1827/front_ar.3.400.jpg,ar,
food,6945699563297,سكر,سكر,,,,,,,,,,ar,
food,92487055,"بيبي لاك","بيبي لاك",,,,,,,,,,ar,
food,6223003204808,نينين,,,,,,,,,,,bg,
food,6223006111851,"Rose Garden Tomato puree",,"Rose Garden Tomato puree",,"Rose Garden","Rose Garden","370 g",370,g,en:plant-based-foods-and-beverages|en:plant-based-foods|en:fruits-and-vegetables-based-foods|en:vegetable-based-foods-and-beverages|en:condiments|en:vegetables-based-foods|en:tomatoes-and-their-products|en:sauces|en:tomato-sauces|en:tomato-purees,https://images.openfoodfacts.org/images/products/622/300/611/1851/front_en.3.400.jpg,en,
food,6223006111844,"Rose Garden Tomato puree",,"Rose Garden Tomato puree",,"Rose Garden","Rose Garden",370g,370,g,en:plant-based-foods-and-beverages|en:plant-based-foods|en:fruits-and-vegetables-based-foods|en:vegetable-based-foods-and-beverages|en:condiments|en:vegetables-based-foods|en:tomatoes-and-their-products|en:sauces|en:tomato-sauces|en:tomato-purees,https://images.openfoodfacts.org/images/products/622/300/611/1844/front_en.3.400.jpg,en,
food,6224000396305,,,,,,,,,,,https://images.openfoodfacts.org/images/products/622/400/039/6305/front_ar.4.400.jpg,en,
food,6223003942649,Coca,,Coca,,,,10,,,,https://images.openfoodfacts.org/images/products/622/300/394/2649/front_en.3.400.jpg,en,
food,6224008559450,"Hawaa Shells Pasta",,"Hawaa Shells Pasta",,Hawaa,Hawaa,"400 g",400,,en:plant-based-foods-and-beverages|en:plant-based-foods|en:cereals-and-potatoes|en:cereals-and-their-products|en:pastas|en:cereal-pastas|en:durum-wheat-pasta,https://images.openfoodfacts.org/images/products/622/400/855/9450/front_en.3.400.jpg,en,
food,6223006112421,"Rose Garden Tahini",,"Rose Garden Tahini",,"Rose Garden","Rose Garden","800 g",800,g,en:plant-based-foods-and-beverages|en:plant-based-foods|en:spreads|en:cereals-and-potatoes|en:plant-based-spreads|en:cereals-and-their-products|en:oilseed-purees|en:cereal-butters|en:tahini|en:white-tahini,https://images.openfoodfacts.org/images/products/622/300/611/2421/front_en.3.400.jpg,en,
food,6223000760390,"Plain Halva",,"Plain Halva",,"El Bawadi","El Bawadi",,,,en:snacks|en:sweet-snacks|en:confectioneries|en:halva|en:sesame-halva,https://images.openfoodfacts.org/images/products/622/300/076/0390/front_en.3.400.jpg,en,
food,6224000200008,Penne,,Penne,,Royal,royal,"400 g",400,,en:plant-based-foods-and-beverages|en:plant-based-foods|en:pastas|en:penne|en:penne-rigate,https://images.openfoodfacts.org/images/products/622/400/020/0008/front_en.3.400.jpg,en,
food,0032894021656,"Chick Peas",,"Chick Peas",,"Americana Quality","Americana Quality","400 g",400,g,en:plant-based-foods-and-beverages|en:plant-based-foods|en:legumes-and-their-products|en:legumes|en:seeds|en:legume-seeds|en:prepared-vegetables|en:pulses|en:chickpeas|en:cooked-vegetables|en:cooked-chick-peas,https://images.openfoodfacts.org/images/products/003/289/402/1656/front_en.3.400.jpg,en,
food,6223006110748,"Premium Fava Beans",,"Premium Fava Beans",,"Rose Garden","Rose Garden","400 g",400,g,en:plant-based-foods-and-beverages|en:plant-based-foods|en:fruits-and-vegetables-based-foods|en:legumes-and-their-products|en:vegetable-based-foods-and-beverages|en:canned-foods|en:legumes|en:vegetables-based-foods|en:canned-plant-based-foods|en:vegetables|en:canned-vegetables|en:canned-legumes|en:broad-beans|en:canned-broad-beans,https://images.openfoodfacts.org/images/products/622/300/611/0748/front_en.3.400.jpg,en,
food,6224000732004,خميره,خميره,,,,,,,,,,ar,
food,6224001078354,,,,,,,,,,,https://images.openfoodfacts.org/images/products/622/400/107/8354/front_ar.4.400.jpg,en,
food,6224008563013,"نيو ستار","نيو ستار",,,,,1,,,,https://images.openfoodfacts.org/images/products/622/400/856/3013/front_ar.4.400.jpg,ar,
food,6223000490419,"Bake Rolz",,"Bake Rolz",,Edita,edita,"28 gram",28,,"en:Wheat snacks",https://images.openfoodfacts.org/images/products/622/300/049/0419/front_en.4.400.jpg,en,
food,07723858,بانتازول,بانتازول,,,,,شريط,,,,https://images.openfoodfacts.org/images/products/000/000/772/3858/front_ar.4.400.jpg,ar,
food,6224000730727,,,,,,,,,,,,en,
food,6223004160455,,,,,,,,,,,https://images.openfoodfacts.org/images/products/622/300/416/0455/front_ar.7.400.jpg,ar,
food,6224000038373,,,,,,,,,,,https://images.openfoodfacts.org/images/products/622/400/003/8373/front_ar.4.400.jpg,en,
food,33677323,,,,,,,,,,,https://images.openfoodfacts.org/images/products/000/003/367/7323/front_en.4.400.jpg,en,
food,6223000654736,شامبو,شامبو,,,,,واحد,,,,,ar,
food,6330546248746,,,,,,,,,,,https://images.openfoodfacts.org/images/products/633/054/624/8746/front_ar.3.400.jpg,ar,
food,6224008024644,شاور,شاور,,,,,,,,,,ar,
food,6225000380912,,,,,,,,,,,https://images.openfoodfacts.org/images/products/622/500/038/0912/front_ar.4.400.jpg,ar,
food,6771500447087,"قهوة فرنسية غنية بطعم البندق",,"قهوة فرنسية غنية بطعم البندق",,"Coffee Barista","Coffee Barista","100 g",100,g,en:beverages-and-beverages-preparations|en:plant-based-foods-and-beverages|en:plant-based-foods|en:beverage-preparations|en:coffees|en:ground-coffees,,en,
food,7460402100150,,,,,,,,,,,https://images.openfoodfacts.org/images/products/746/040/210/0150/front_ar.3.400.jpg,en,
food,6223000495742,Twinkies,,Twinkies,,Edita,edita,1,,,"en:Sponge cake filled with cream",https://images.openfoodfacts.org/images/products/622/300/049/5742/front_en.4.400.jpg,en,
food,6223001500612,Maamoul,,Maamoul,,Eltahan,Eltahan,50g,50,g,en:snacks|en:sweet-snacks|en:biscuits-and-cakes|en:biscuits-and-crackers|en:biscuits|en:pastries|en:filled-biscuits|en:biscuit-filled-with-fruit-paste,https://images.openfoodfacts.org/images/products/622/300/150/0612/front_en.3.400.jpg,en,
food,4051309700500,,,,,"EL YSIA","EL YSIA",250غرام,,,,,ar,
food,6223000354810,Juhayna,,,,,,,,,,https://images.openfoodfacts.org/images/products/622/300/035/4810/front_fr.3.400.jpg,fr,
food,6281006868465,"جاري التحميل…","جاري التحميل…",,,,,,,,,,ar,
food,3504105036775,,,,,,,,,,,https://images.openfoodfacts.org/images/products/350/410/503/6775/front_en.3.400.jpg,en,
food,6224008853305,"فريش فارم كفتة سيخ ٣٥٠ جرام",,"فريش فارم كفتة سيخ ٣٥٠ جرام",,,,,,,,https://images.openfoodfacts.org/images/products/622/400/885/3305/front_en.4.400.jpg,en,
food,6225000381674,"spiro spathis grape soda",,,,,,,,,en:beverages-and-beverages-preparations|en:beverages|en:non-alcoholic-beverages|en:carbonated-drinks|en:soft-drinks|en:sodas,https://images.openfoodfacts.org/images/products/622/500/038/1674/front_fr.3.400.jpg,fr,
food,7622201454265,,,,,Cadbury,Cadbury,,,,,https://images.openfoodfacts.org/images/products/762/220/145/4265/front_en.3.400.jpg,en,
food,5449000305619,"Fanta Apple",,,,Fanta,fanta,"300 ml",300,ml,en:beverages-and-beverages-preparations|en:beverages|en:non-alcoholic-beverages|en:carbonated-drinks|en:soft-drinks|en:sodas,https://images.openfoodfacts.org/images/products/544/900/030/5619/front_de.3.400.jpg,de,
food,6223003770181,,,,,,,,,,,https://images.openfoodfacts.org/images/products/622/300/377/0181/front_en.3.400.jpg,en,
food,6221133000291,,,,,,,,,,,https://images.openfoodfacts.org/images/products/622/113/300/0291/front_ar.3.400.jpg,ar,
food,4103040144874,"Sebamed deo roll balsm 50ml",,"Sebamed deo roll balsm 50ml",,,,,,,,https://images.openfoodfacts.org/images/products/410/304/014/4874/front_en.7.400.jpg,en,
food,5281001118702,sanita,,sanita,,gipoy,gipoy,10,,,,https://images.openfoodfacts.org/images/products/528/100/111/8702/front_en.5.400.jpg,en,
food,6221031492549,"Sunbites with sweet pepper flavour",,"Sunbites with sweet pepper flavour",,,,,,,,https://images.openfoodfacts.org/images/products/622/103/149/2549/front_en.4.400.jpg,en,
food,6223001354574,,,,,,,,,,,,ar,
food,6224010103344,"Donut protein bar",,"Donut protein bar",,Zero,Zero,,,,,,en,
food,6225000267886,,"زيت خليط ٩٠٠ملي فرحه",,,"Farha, فرحه",Farha|فرحه,٩٠٠ملي,0,,"en:plant-based-foods-and-beverages|en:plant-based-foods|en:fats|en:vegetable-fats|en:vegetable-oils|en:mixed-vegetable-oils|ar:Mix cotton oil and soybeanoil",https://images.openfoodfacts.org/images/products/622/500/026/7886/front_ar.22.400.jpg,en,Amazon
food,6224009922673,Wimzy,,,,Wimzy,Wimzy,"541 grams",541,g,en:desserts|en:frozen-foods|en:frozen-desserts|en:ice-creams-and-sorbets|en:ice-creams,https://images.openfoodfacts.org/images/products/622/400/992/2673/front_en.12.400.jpg,en,
food,6221030004392,Nawaem,,,,,,,,,,https://images.openfoodfacts.org/images/products/622/103/000/4392/front_fr.3.400.jpg,fr,
food,6224010447295,,,,,,,"250 g",250,,,https://images.openfoodfacts.org/images/products/622/401/044/7295/front_pl.3.400.jpg,pl,
food,6224008709053,"mango drink",,,,,,,,,,https://images.openfoodfacts.org/images/products/622/400/870/9053/front_fr.3.400.jpg,fr,
food,59093886,,,,,Pralina,Pralina,,,,,,en,
food,6225000422971,,,,,,,,,,,https://images.openfoodfacts.org/images/products/622/500/042/2971/front_en.3.400.jpg,en,
food,6223006315372,"protein bar",,"Caramelized Cinnamon Biscuit",,"Abu Auf","Abu Auf",,,,en:dietary-supplements|en:bodybuilding-supplements|en:protein-bars,https://images.openfoodfacts.org/images/products/622/300/631/5372/front_fr.3.400.jpg,fr,
food,6223006318434,"French Coffee",,"French Coffee",,AbuAuf,AbuAuf,100gm,100,g,en:beverages-and-beverages-preparations|en:plant-based-foods-and-beverages|en:plant-based-foods|en:beverage-preparations|en:coffees|en:ground-coffees,https://images.openfoodfacts.org/images/products/622/300/631/8434/front_en.3.400.jpg,en,"AbuAuf, Oscar, Royal House"
food,6221078770716,"Himalayan Salt",,"Himalayan Salt",,Imtenan,Imtenan,"650 g",650,g,en:condiments|en:salts,https://images.openfoodfacts.org/images/products/622/107/877/0716/front_en.3.400.jpg,en,
food,6224000121921,,,,,,,,,,,https://images.openfoodfacts.org/images/products/622/400/012/1921/front_ar.3.400.jpg,ar,
food,6224009337033,,,,,,,,,,,https://images.openfoodfacts.org/images/products/622/400/933/7033/front_en.3.400.jpg,en,
food,8802035124711,,,,,,,,,,,https://images.openfoodfacts.org/images/products/880/203/512/4711/front_en.6.400.jpg,en,
food,6223006312982,Granola,,,,,,,,,,https://images.openfoodfacts.org/images/products/622/300/631/2982/front_fr.3.400.jpg,fr,
food,6224008471707,,,,,,,,,,,https://images.openfoodfacts.org/images/products/622/400/847/1707/front_en.3.400.jpg,en,
food,6223001875017,"Yogurt El marai",,,,,,,,,,https://images.openfoodfacts.org/images/products/622/300/187/5017/front_fr.3.400.jpg,fr,
food,3582910077077,,,,,,,,,,,https://images.openfoodfacts.org/images/products/358/291/007/7077/front_ar.3.400.jpg,ar,
food,6221033177253,"مايو كاتشب هاينز",,"مايو كاتشب هاينز",,,,4,,,,https://images.openfoodfacts.org/images/products/622/103/317/7253/front_en.5.400.jpg,en,
food,6221029000404,"حلواني ريف برجر ١ كيلو",,"حلواني ريف برجر ١ كيلو",,"Halwani Bros","Halwani Bros",,,,,https://images.openfoodfacts.org/images/products/622/102/900/0404/front_en.4.400.jpg,xx,
food,6221029000152,"حلواني بيف برجر ٨ قطعة","حلوانى برجر ٤٠٠","حلواني بيف برجر ٨ قطعة",,,,"400 g",400,g,,https://images.openfoodfacts.org/images/products/622/102/900/0152/front_en.5.400.jpg,en,
food,6772504371125,"جلاش الزهار الاصلي",,"جلاش الزهار الاصلي",,,,,,,,https://images.openfoodfacts.org/images/products/677/250/437/1125/front_en.3.400.jpg,en,
food,7300398000402,"سكويز ليمون فراولة  لتر",,"سكويز ليمون فراولة  لتر",,,,,,,,https://images.openfoodfacts.org/images/products/730/039/800/0402/front_en.4.400.jpg,en,
food,6222014352201,"Greek yogurt",,"GREEK 5% FAT YOGURT",,Juhayna,Juhayna,,,,,https://images.openfoodfacts.org/images/products/622/201/435/2201/front_fr.7.400.jpg,fr,
food,7340195404560,,,,,,,,,,,https://images.openfoodfacts.org/images/products/734/019/540/4560/front_en.3.400.jpg,en,
food,6221029170213,"حلواني بيف فرانكفورتر مبرد",,"حلواني بيف فرانكفورتر مبرد",,,,,,,,https://images.openfoodfacts.org/images/products/622/102/917/0213/front_en.5.400.jpg,en,
food,6223007300162,,,,,,,,,,,,ar,
food,52018398,,,,,,,,,,,https://images.openfoodfacts.org/images/products/000/005/201/8398/front_ar.4.400.jpg,en,
food,6287011310036,,,,,,,,,,,https://images.openfoodfacts.org/images/products/628/701/131/0036/front_ar.3.400.jpg,ar,
food,8881647622099,,,,,,,,,,,https://images.openfoodfacts.org/images/products/888/164/762/2099/front_en.3.400.jpg,en,
food,6223003803216,,,,,,,,,,,https://images.openfoodfacts.org/images/products/622/300/380/3216/front_en.3.400.jpg,en,
food,6223000013618,,,,,,,,,,,https://images.openfoodfacts.org/images/products/622/300/001/3618/front_ar.5.400.jpg,ar,
food,6224000432270,,,,,,,,,,,https://images.openfoodfacts.org/images/products/622/400/043/2270/front_en.3.400.jpg,en,
food,6223000496381,,,,,,,,,,,https://images.openfoodfacts.org/images/products/622/300/049/6381/front_ar.3.400.jpg,ar,
food,6223012520012,"Boost Protein Bar",,"Boost Protein Bar",,"The Good Habits","The Good Habits","60 g",60,g,,https://images.openfoodfacts.org/images/products/622/301/252/0012/front_en.10.400.jpg,en,
food,6223001365754,"Apuafina Sparkling water",,,,,,250ml,250,,,https://images.openfoodfacts.org/images/products/622/300/136/5754/front_fr.3.400.jpg,fr,
food,6221012033068,"Nitri fit",,,,,,,,,,https://images.openfoodfacts.org/images/products/622/101/203/3068/front_fr.3.400.jpg,fr,
food,6223003806606,"Wafer Blox",,,,,,,,,,https://images.openfoodfacts.org/images/products/622/300/380/6606/front_fr.6.400.jpg,fr,
food,6223001361046,"Mountain Dew",,,,,,,,,en:beverages-and-beverages-preparations|en:beverages|en:non-alcoholic-beverages|en:carbonated-drinks|en:soft-drinks|en:sodas,https://images.openfoodfacts.org/images/products/622/300/136/1046/front_fr.3.400.jpg,fr,
food,6224000649166,"Chocolate protein bar",,"Chocolate protein bar",,ADVANCED,ADVANCED,,,,,https://images.openfoodfacts.org/images/products/622/400/064/9166/front_en.3.400.jpg,en,
food,6223000494264,"Mini chocolate molto",,"Mini chocolate molto",,Molto,Molto,,,,,https://images.openfoodfacts.org/images/products/622/300/049/4264/front_en.3.400.jpg,en,
food,6221024270512,,,,,,,,,,,https://images.openfoodfacts.org/images/products/622/102/427/0512/front_en.3.400.jpg,en,
food,7622210228857,,,,,,,,,,,,ar,
food,6223000080863,,,,,,,,,,,https://images.openfoodfacts.org/images/products/622/300/008/0863/front_ar.3.400.jpg,ar,
food,7622201510633,"Dairy milk hazelnut","DAIRY MILK hazelnut نستله","Dairy milk hazelnut",,Cadbury,Cadbury,35g,35,g,,https://images.openfoodfacts.org/images/products/762/220/151/0633/front_en.9.400.jpg,en,
food,7622201699277,"Cadbury choco coated oreo",,"Cadbury choco coated oreo",,Cadbury,Cadbury,32g,32,g,en:snacks|en:sweet-snacks|en:confectioneries,https://images.openfoodfacts.org/images/products/762/220/169/9277/front_en.4.400.jpg,en,
food,7622210549440,"Cadbury choco dwlight",,"Cadbury choco dwlight",,Cadbury,Cadbury,34g,34,g,en:snacks|en:sweet-snacks|en:confectioneries,https://images.openfoodfacts.org/images/products/762/221/054/9440/front_en.5.400.jpg,en,
food,6222020800000,"Kitkat ice cream",,"Kitkat ice cream",,,,,,,,,en,
food,6221007028505,"SQUIzz strawberry",,"SQUIzz strawberry",,,,,,,,https://images.openfoodfacts.org/images/products/622/100/702/8505/front_en.5.400.jpg,en,
food,5449000292254,"Dasani permium",,"Dasani permium",,,,,,,,https://images.openfoodfacts.org/images/products/544/900/029/2254/front_en.4.400.jpg,en,
food,6221073001730,"Bimbo hazelnut",,"Bimbo hazelnut",,,,,,,,https://images.openfoodfacts.org/images/products/622/107/300/1730/front_en.4.400.jpg,en,
food,90435768,"Red bull watermelon",,"Red bull watermelon",,"Red Bull","Red Bull",250ml,250,,,https://images.openfoodfacts.org/images/products/000/009/043/5768/front_en.4.400.jpg,en,
food,6224010950276,"Sun top blackcurrat",,"Sun top blackcurrat",,,,,,,,,en,
food,6222014332777,"Juhayna guava",,"Juhayna guava",,,,235ml,235,,,https://images.openfoodfacts.org/images/products/622/201/433/2777/front_en.4.400.jpg,en,
food,6223007670982,Nachos,,Nachos,,,,,,,,https://images.openfoodfacts.org/images/products/622/300/767/0982/front_en.4.400.jpg,en,
food,6224011241076,"V7 pomegranate",,"V7 pomegranate",,"Vitamin Sparkling Drink","Vitamin Sparkling Drink",,,,,https://images.openfoodfacts.org/images/products/622/401/124/1076/front_en.5.400.jpg,en,
food,6223007290265,"Flour Tortilla",,"Flour Tortilla",,Breadway,Breadway,,,,,https://images.openfoodfacts.org/images/products/622/300/729/0265/front_en.8.400.jpg,fr,
food,6224001105517,,,,,,,,,,en:beverages-and-beverages-preparations|en:plant-based-foods-and-beverages|en:beverages|en:fruit-based-foods-and-beverages|en:plant-based-beverages|en:fruit-based-beverages|en:juices-and-nectars|en:fruit-juices,https://images.openfoodfacts.org/images/products/622/400/110/5517/front_it.3.400.jpg,it,
food,6223003771560,,,,,,,,,,,https://images.openfoodfacts.org/images/products/622/300/377/1560/front_en.3.400.jpg,en,
food,6223000550601,هوهوز,,هوهوز,,"Egypt مصر","Egypt مصر","قطعة واحدة",,,"en:٢ جنيه",,ar,
food,6224008264217,,,,,,,,,,,https://images.openfoodfacts.org/images/products/622/400/826/4217/front_en.3.400.jpg,en,
food,6223000080757,"Amstel Malt Natural Lemon",,"Amstel Malt Natural Lemon",,"amastel malt","amastel malt",250ml,250,,,https://images.openfoodfacts.org/images/products/622/300/008/0757/front_en.10.400.jpg,en,
food,6934177707452,samehmadig,samehmadig,,,samehmadig,samehmadig,sameh,,,,https://images.openfoodfacts.org/images/products/693/417/770/7452/front_ar.3.400.jpg,ar,
food,6624000584052,,,,,,,,,,,https://images.openfoodfacts.org/images/products/662/400/058/4052/front_en.3.400.jpg,en,
food,6915860122769,,,,,,,,,,,https://images.openfoodfacts.org/images/products/691/586/012/2769/front_ar.7.400.jpg,ar,
food,6223007941327,"Picky baker",,,,,,,,,,https://images.openfoodfacts.org/images/products/622/300/794/1327/front_fr.3.400.jpg,fr,
food,6223000470121,تؤو,,تؤو,,ويوء,ويوء,"50 g",50,,,,en,
food,6224000065867,Tuna,,Tuna,,Romano,Romano,"100 grams",100,g,en:seafood|en:fishes-and-their-products|en:canned-foods|en:fishes|en:fatty-fishes|en:canned-fishes|en:tunas|en:canned-tunas,,en,
food,6223009860435,,,,,,,,,,,https://images.openfoodfacts.org/images/products/622/300/986/0435/front_ar.3.400.jpg,ar,
food,6281500518484,,,,,,,,,,,https://images.openfoodfacts.org/images/products/628/150/051/8484/front_ar.3.400.jpg,ar,
food,6224001955129,,,,,,,,,,,https://images.openfoodfacts.org/images/products/622/400/195/5129/front_en.3.400.jpg,en,
food,6224008077367,,,,,,,,,,,https://images.openfoodfacts.org/images/products/622/400/807/7367/front_en.3.400.jpg,en,
food,0631656609394,,,,,Muscletech,Muscletech,,,,,https://images.openfoodfacts.org/images/products/063/165/660/9394/front_en.5.400.jpg,en,
food,7622300768874,"Tang orange","تانج برتقال",,,Tang,tang,,,,,https://images.openfoodfacts.org/images/products/762/230/076/8874/front_fr.3.400.jpg,fr,
food,6224011536066,"The Milkman",,"The Milkman",,"The milkman","The milkman",850,0,,en:dairies|en:milks-liquid-and-powder|en:milks|en:cow-milks,https://images.openfoodfacts.org/images/products/622/401/153/6066/front_en.3.400.jpg,en,
food,6223000714836,,,,,,,,,,,,ar,
food,6223002380176,Dango,Dango,,,Danon,Danon,,,,,https://images.openfoodfacts.org/images/products/622/300/238/0176/front_ar.3.400.jpg,ar,
food,6223000080429,,,,,,,,,,,https://images.openfoodfacts.org/images/products/622/300/008/0429/front_en.3.400.jpg,en,
food,6224008229636,,,,,,,,,,,https://images.openfoodfacts.org/images/products/622/400/822/9636/front_ar.3.400.jpg,ar,
food,6222000506410,"Sunflower Oil",,"Sunflower Oil",,Hia,Hia,750ml,750,,,https://images.openfoodfacts.org/images/products/622/200/050/6410/front_en.3.400.jpg,en,
food,6222000553728,,,,,,,,,,,https://images.openfoodfacts.org/images/products/622/200/055/3728/front_ar.4.400.jpg,ar,
food,6221113211426,,,,,,,,,,,https://images.openfoodfacts.org/images/products/622/111/321/1426/front_en.3.400.jpg,en,
food,6297000189147,,,,,,,,,,,,ar,
food,6223004763885,"Almond butter",,,,,,,,,en:plant-based-foods-and-beverages|en:plant-based-foods|en:spreads|en:plant-based-spreads|en:nuts-and-their-products|en:oilseed-purees|en:nut-butters|en:almond-butters,https://images.openfoodfacts.org/images/products/622/300/476/3885/front_fr.3.400.jpg,fr,
food,0810030380566,,,,,,,,,,,,en,
food,6221333000183,"Doritos - Sweet Chili Pepper",,"Doritos - Sweet Chili Pepper",,Doritos,doritos,,,,,https://images.openfoodfacts.org/images/products/622/133/300/0183/front_en.3.400.jpg,en,
food,8692806029969,نايتي,نايتي,,,,,10,,,,,ar,
food,0667860011678,,,,,,,,,,,,en,
food,6221024998508,"Peanut butter",,"Peanut butter",,Hero,Hero,300g,300,g,,https://images.openfoodfacts.org/images/products/622/102/499/8508/front_en.3.400.jpg,en,
food,2273842841553,,,,,,,,,,,https://images.openfoodfacts.org/images/products/227/384/284/1553/front_en.3.400.jpg,en,
food,8225041241553,,,,,,,,,,,https://images.openfoodfacts.org/images/products/822/504/124/1553/front_en.3.400.jpg,en,
food,6223000081259,,,,,Stella,Stella,,,,en:beverages-and-beverages-preparations|en:beverages|en:alcoholic-beverages|en:beers|en:lagers,https://images.openfoodfacts.org/images/products/622/300/008/1259/front_en.8.400.jpg,en,
food,6971853242227,,,,,,,,,,,https://images.openfoodfacts.org/images/products/697/185/324/2227/front_ar.5.400.jpg,ar,
food,6223007520409,Rayeb,,Rayeb,,Almarai,Almarai,,,,,,en,
food,6222023700642,"Rice Cake Cheese Bites",,"Rice Cake Cheese Bites",,"Organic Nation","Organic Nation",,,,,https://images.openfoodfacts.org/images/products/622/202/370/0642/front_en.3.400.jpg,en,
food,6223000088876,,,,,,,,,,,https://images.openfoodfacts.org/images/products/622/300/008/8876/front_ar.3.400.jpg,ar,
food,7622201730253,"Cadbury Dairy Milk",,"Cadbury Dairy Milk",,Cadbury,Cadbury,"168 g",168,g,en:snacks|en:sweet-snacks|en:cocoa-and-its-products|en:chocolates,https://images.openfoodfacts.org/images/products/762/220/173/0253/front_en.3.400.jpg,en,
food,6223001875208,,,,,,,235,0,,,https://images.openfoodfacts.org/images/products/622/300/187/5208/front_en.3.400.jpg,en,
food,7622201730697,"Cadbury Flake Milk chocolate",,"Cadbury Flake Milk chocolate",,Cadbury,Cadbury,159,0,,en:snacks|en:sweet-snacks|en:cocoa-and-its-products|en:chocolates,https://images.openfoodfacts.org/images/products/762/220/173/0697/front_en.10.400.jpg,en,
food,8902635106602,,,,,,,,,,,https://images.openfoodfacts.org/images/products/890/263/510/6602/front_ar.3.400.jpg,ar,
food,6221024994401,,,,,,,,,,,https://images.openfoodfacts.org/images/products/622/102/499/4401/front_en.7.400.jpg,en,
food,0274404718537,,,,,,,,,,,https://images.openfoodfacts.org/images/products/027/440/471/8537/front_en.3.400.jpg,en,
food,0225403695121,بشاير,,بشاير,,"الصقر للصناعات الغذائيو","الصقر للصناعات الغذائيو","٤٥٩ مل",0,,en:dairies|en:milks-liquid-and-powder|en:milks,https://images.openfoodfacts.org/images/products/022/540/369/5121/front_en.3.400.jpg,en,
food,47603097,,,,,,,,,,,https://images.openfoodfacts.org/images/products/000/004/760/3097/front_ar.3.400.jpg,ar,
food,4260754110127,maddovit,maddovit,,,MADDOVIT,MADDOVIT,30TABLETS,,,,,ar,
food,6281004146732,,,,,,,,,,,https://images.openfoodfacts.org/images/products/628/100/414/6732/front_en.3.400.jpg,en,
food,6223004765384,,,,,,,,,,,https://images.openfoodfacts.org/images/products/622/300/476/5384/front_en.4.400.jpg,en,
food,6224009414406,,,,,,,,,,,https://images.openfoodfacts.org/images/products/622/400/941/4406/front_ar.3.400.jpg,ar,
food,8423329200180,"Pedriza capers",,"Pedriza capers",,,,720g,720,,,https://images.openfoodfacts.org/images/products/842/332/920/0180/front_en.3.400.jpg,en,
food,7613034148261,,,,,,,,,,,https://images.openfoodfacts.org/images/products/761/303/414/8261/front_ar.3.400.jpg,ar,
food,1201456170005,,,,,,,,,,,https://images.openfoodfacts.org/images/products/120/145/617/0005/front_id.4.400.jpg,id,
food,4650054700393,"Яблочные Чипсы",,,,Яблоков,Яблоков,,,,,https://images.openfoodfacts.org/images/products/465/005/470/0393/front_ru.3.400.jpg,ru,
food,0640117948033,,,,,,,,,,,,ar,
food,6224007717585,dueto,dueto,,,food,food,150,,,,,ar,
food,6224000287948,,,,,,,,,,en:desserts,https://images.openfoodfacts.org/images/products/622/400/028/7948/front_en.3.400.jpg,en,
food,2000222003009,,,,,,,,,,,,en,
food,4088600259994,,,,,,,,,,,https://images.openfoodfacts.org/images/products/408/860/025/9994/front_ar.3.400.jpg,ar,
food,6223000263693,,,,,,,,,,,https://images.openfoodfacts.org/images/products/622/300/026/3693/front_en.3.400.jpg,en,
food,5013531999717,,,,,,,,,,,https://images.openfoodfacts.org/images/products/501/353/199/9717/front_en.3.400.jpg,en,
food,6224008033769,"Energy drink",,"Energy drink",,"Volt yellow","Volt yellow","300 g",300,g,,https://images.openfoodfacts.org/images/products/622/400/803/3769/front_en.5.400.jpg,en,
food,6224008857501,"Chocolate Icee Cream",,"Chocolate Icee Cream",,Friday,Friday,,,,,https://images.openfoodfacts.org/images/products/622/400/885/7501/front_en.5.400.jpg,en,
food,0749419361318,,,,,,,,,,,,ar,
food,6223005596802,,,,,,,,,,,https://images.openfoodfacts.org/images/products/622/300/559/6802/front_en.3.400.jpg,en,
food,6223000083161,,,,,,,,,,,https://images.openfoodfacts.org/images/products/622/300/008/3161/front_ar.8.400.jpg,ar,
food,6224000788100,,,,,,,,,,,,ar,
food,6223009520438,,,,,,,,,,,https://images.openfoodfacts.org/images/products/622/300/952/0438/front_en.3.400.jpg,en,
food,6624000584045,,,,,,,,,,,,ar,
food,6224000803278,"Sofianopoulo Coffee ساده وسط",,"Sofianopoulo Coffee ساده وسط",,Sofianopoulo,Sofianopoulo,"100 g",100,g,en:beverages-and-beverages-preparations|en:plant-based-foods-and-beverages|en:plant-based-foods|en:beverage-preparations|en:coffees|en:arabica-coffees|en:ground-coffees|en:arabica-ground-coffees,https://images.openfoodfacts.org/images/products/622/400/080/3278/front_en.5.400.jpg,en,
food,6221155063281,,,,,,,,,,,https://images.openfoodfacts.org/images/products/622/115/506/3281/front_ar.5.400.jpg,ar,
food,6224001503399,,,,,,,"1 kg",1000,g,,,en,
food,6224098063486,,,,,,,,,,,,en,
food,6222035205715,"Tiger Excellence Potato Chips, Thai Sweet Chili",,"Tiger Excellence Potato Chips, Thai Sweet Chili",,Tiger,Tiger,,,,en:plant-based-foods-and-beverages|en:plant-based-foods|en:snacks|en:cereals-and-potatoes|en:salty-snacks|en:appetizers|en:chips-and-fries|en:potatoes-and-their-products|en:crisps|en:salty-snacks-made-from-potato|en:potato-crisps,https://images.openfoodfacts.org/images/products/622/203/520/5715/front_en.3.400.jpg,en,
food,6223003943417,,,,,,,,,,,https://images.openfoodfacts.org/images/products/622/300/394/3417/front_en.6.400.jpg,en,
food,6223001875239,,6223001875239,,,,,,,,,https://images.openfoodfacts.org/images/products/622/300/187/5239/front_en.3.400.jpg,en,
food,6224000303471,,,,,,,,,,,https://images.openfoodfacts.org/images/products/622/400/030/3471/front_ar.3.400.jpg,ar,
food,0724112452815,,,,,,,,,,,https://images.openfoodfacts.org/images/products/072/411/245/2815/front_ar.3.400.jpg,ar,
food,6223015760118,,,,,,,,,,"en:kettle cooked crisps",https://images.openfoodfacts.org/images/products/622/301/576/0118/front_en.3.400.jpg,en,
food,3800225340458,,,,,,,,,,,https://images.openfoodfacts.org/images/products/380/022/534/0458/front_en.3.400.jpg,en,
food,6224002146762,"oatexi crackers",,"oatexi crackers",,,,,,,en:snacks|en:salty-snacks|en:appetizers|en:biscuits-and-crackers|en:crackers-appetizers,https://images.openfoodfacts.org/images/products/622/400/214/6762/front_en.3.400.jpg,en,
food,6221078762018,,,,,,,,,,,,ar,
food,0013700012723,"Hefty Supreme 3-Section Foam Plate (200 Count)",,"Hefty Supreme 3-Section Foam Plate (200 Count)",,Hefty,Hefty,,,,,https://images.openfoodfacts.org/images/products/001/370/001/2723/front_en.3.400.jpg,en,
food,0017000308982,"Dial Antibacterial Liquid Hand Soap Refill, Spring Water 1.53L ., Dial Hand Soap Refill",,"Dial Antibacterial Liquid Hand Soap Refill, Spring Water 1.53L ., Dial Hand Soap Refill",,Dial,Dial,,,,en:deodorant,https://images.openfoodfacts.org/images/products/001/700/030/8982/front_en.9.400.jpg,en,
food,96060896,"SCHWARZKOPF GOT2B",,"SCHWARZKOPF GOT2B",,Schwarzkopf,Schwarzkopf,,,,,https://images.openfoodfacts.org/images/products/000/009/606/0896/front_en.3.400.jpg,en,
food,0067000011603,"Fanta Orange Flavoured Soft Drinks",,"Fanta Orange Flavoured Soft Drinks",,Coca-Cola,Coca-Cola,,,,,,en,
food,0689304250009,"Anastasia Beverly Hills Loose Setting Powder Shade Translucent Sealed",,"Anastasia Beverly Hills Loose Setting Powder Shade Translucent Sealed",,"Anastasia Beverly Hills","Anastasia Beverly Hills",,,,,,en,
food,0717489850049,"Milani Make It Last Dewy Finish Setting Spray 04 16 Hr Wear Hydrate Illuminate",,"Milani Make It Last Dewy Finish Setting Spray 04 16 Hr Wear Hydrate Illuminate",,Milani,Milani,,,,,https://images.openfoodfacts.org/images/products/071/748/985/0049/front_en.3.400.jpg,en,
food,4007817525074,"STAEDTLER Radierer B30, PVCfrei, wei",,"STAEDTLER Radierer B30, PVCfrei, wei",,Staedtler,Staedtler,,,,,https://images.openfoodfacts.org/images/products/400/781/752/5074/front_en.3.400.jpg,en,
food,4013162031313,"Kuschelweich softener 1l Summerwind 38 sc",,"Kuschelweich softener 1l Summerwind 38 sc",,Kuschelweich,Kuschelweich,,,,,https://images.openfoodfacts.org/images/products/401/316/203/1313/front_en.3.400.jpg,en,
food,8445290249388,نسكافيه,نسكافيه,,,,,,,,en:beverages-and-beverages-preparations|en:beverage-preparations|en:instant-beverages|en:instant-coffees,https://images.openfoodfacts.org/images/products/844/529/024/9388/front_ar.3.400.jpg,ar,
food,6040391219678,"شاي كركديه","شاي كركديه",,,رويال,رويال,"44 ج م",0,,ar:TOYAL,https://images.openfoodfacts.org/images/products/604/039/121/9678/front_ar.3.400.jpg,ar,
food,6253505463298,"شهاب الكبوس","شهاب الكبوس",,,الكبوس,الكبوس,"12 ج م",0,,en:beverages-and-beverages-preparations|en:plant-based-foods-and-beverages|en:beverages|en:hot-beverages|en:plant-based-beverages|en:teas|en:black-teas,https://images.openfoodfacts.org/images/products/625/350/546/3298/front_ar.3.400.jpg,ar,
food,6221078767747,"IMTENAN WHEY PROTEIN",,"IMTENAN WHEY PROTEIN",,IMTENAN,IMTENAN,,,,en:dietary-supplements|en:bodybuilding-supplements|en:protein-powders,https://images.openfoodfacts.org/images/products/622/107/876/7747/front_en.3.400.jpg,en,
food,4056489787600,"Tropical Crush",,"Tropical Crush",,Freeway,Freeway,,,,en:beverages-and-beverages-preparations|en:beverages,https://images.openfoodfacts.org/images/products/405/648/978/7600/front_en.14.400.jpg,en,
food,4088600572956,"Vive Lemon 2l",,"Vive Lemon 2l",,Vive,Vive,2L,2000,ml,,https://images.openfoodfacts.org/images/products/408/860/057/2956/front_en.3.400.jpg,en,
food,4104760451457,"Black Forest Still 6x1,0 l (Einweg)",,"Black Forest Still 6x1,0 l (Einweg)",,"Black Forest","Black Forest","6 x 1,0 l",6000,ml,en:beverages-and-beverages-preparations|en:beverages|en:waters|en:spring-waters,https://images.openfoodfacts.org/images/products/410/476/045/1457/front_en.3.400.jpg,en,
food,4251546423365,,,,,Vanish,Vanish,,,,,https://images.openfoodfacts.org/images/products/425/154/642/3365/front_en.3.400.jpg,en,
food,4260344220038,"Hakle Kamille (3-lagig, 24 Rollen)",,"Hakle Kamille (3-lagig, 24 Rollen)",,"Hakle GmbH","Hakle GmbH",,,,,https://images.openfoodfacts.org/images/products/426/034/422/0038/front_en.3.400.jpg,en,
food,5000101510816,"Cussons Morning Fresh Original Fresh Dishwashing Liquid 450ml",,"Cussons Morning Fresh Original Fresh Dishwashing Liquid 450ml",,"Morning Fresh","Morning Fresh",450ml,450,ml,,https://images.openfoodfacts.org/images/products/500/010/151/0816/front_en.3.400.jpg,en,
food,5000112664225,"Fanta Fruit Twist 500ml",,"Fanta Fruit Twist 500ml",,Fanta,fanta,500ml,500,ml,en:beverages-and-beverages-preparations|en:plant-based-foods-and-beverages|en:beverages|en:fruit-based-foods-and-beverages|en:non-alcoholic-beverages|en:plant-based-beverages|en:carbonated-drinks|en:fruit-based-beverages|en:soft-drinks|en:sodas|en:fruit-sodas|en:sweetened-beverages,https://images.openfoodfacts.org/images/products/500/011/266/4225/front_en.7.400.jpg,en,
food,5000159550802,"TES Milky Way 12x Milky Wa Sx TM",,"TES Milky Way 12x Milky Wa Sx TM",,"Milky Way","Milky Way",12x21.5g,258,g,en:snacks|en:sweet-snacks|en:cocoa-and-its-products|en:confectioneries|en:chocolate-candies|en:bars|en:chocolates|en:milk-chocolates,https://images.openfoodfacts.org/images/products/500/015/955/0802/front_en.3.400.jpg,en,
food,5000159553896,"Galaxy Ripple",,"Galaxy Ripple",,Galaxy,galaxy,"4 X 30g",120,g,en:snacks|en:sweet-snacks|en:bars,https://images.openfoodfacts.org/images/products/500/015/955/3896/front_en.3.400.jpg,en,
food,5060192447279,"Madina Ajwa Dates Jumbo Gift Box 300g",,"Madina Ajwa Dates Jumbo Gift Box 300g",,Madina,Madina,300g,300,g,en:plant-based-foods-and-beverages|en:plant-based-foods|en:fruit-based-foods-and-beverages|en:fruits-and-vegetables-based-foods|en:fruit-based-foods|en:fruits|en:dates-and-their-products|en:dates,https://images.openfoodfacts.org/images/products/506/019/244/7279/front_en.3.400.jpg,en,
food,5060608080441,"Hazlemere Fine Foods Whole Beetroot 500g",,"Hazlemere Fine Foods Whole Beetroot 500g",,Hazlemere,Hazlemere,500g,500,g,,https://images.openfoodfacts.org/images/products/506/060/808/0441/front_en.3.400.jpg,en,
food,5060900684828,"Salaam Cola",,"Salaam Cola",,"Salaam Cola","Salaam Cola",500ml,500,ml,en:beverages-and-beverages-preparations|en:beverages|en:non-alcoholic-beverages|en:carbonated-drinks|en:soft-drinks|en:sodas|en:colas|en:cola-with-sugar,https://images.openfoodfacts.org/images/products/506/090/068/4828/front_en.10.400.jpg,nl,
food,5391521835642,"Orange With Real Bits 1.75l",,"Orange With Real Bits 1.75l",,Club,Club,1.75l,1750,ml,en:beverages-and-beverages-preparations|en:plant-based-foods-and-beverages|en:beverages|en:fruit-based-foods-and-beverages|en:non-alcoholic-beverages|en:plant-based-beverages|en:carbonated-drinks|en:fruit-based-beverages|en:soft-drinks|en:sodas|en:fruit-sodas,https://images.openfoodfacts.org/images/products/539/152/183/5642/front_en.4.400.jpg,en,
food,5712873374434,"VAND Salling | 0,5 l | 4,40/L.",,"VAND Salling | 0,5 l | 4,40/L.",,VAND,VAND,,,,,https://images.openfoodfacts.org/images/products/571/287/337/4434/front_en.7.400.jpg,en,
food,5415150313415,"Belmio Ethiopia Bio Organic single-variety aluminum coffee capsulesNIS 18.00",,"Belmio Ethiopia Bio Organic single-variety aluminum coffee capsulesNIS 18.00",,Belmio,Belmio,,,,,https://images.openfoodfacts.org/images/products/541/515/031/3415/front_en.3.400.jpg,en,
food,5941868201411,"Gusto - Pufuleti cu Cascaval 100g",,"Gusto - Pufuleti cu Cascaval 100g",,Gusto,Gusto,,,,,https://images.openfoodfacts.org/images/products/594/186/820/1411/front_en.3.400.jpg,en,
food,6223000263457,"Ganna Blended Butter – 1 Kg",,"Ganna Blended Butter – 1 Kg",,Ganna,Ganna,,,,,https://images.openfoodfacts.org/images/products/622/300/026/3457/front_en.3.400.jpg,en,
food,6223001362807,"Tropicana Frutz Lemon & Mint 275ml - Bottle, 12 Pieces",,"Tropicana Frutz Lemon & Mint 275ml - Bottle, 12 Pieces",,"PepsiCo Inc.","PepsiCo Inc.",,,,,https://images.openfoodfacts.org/images/products/622/300/136/2807/front_en.3.400.jpg,en,
food,6281012012333,"Sunquick Drink Lemon 840ml",,"Sunquick Drink Lemon 840ml",,Sunquick,Sunquick,,,,,https://images.openfoodfacts.org/images/products/628/101/201/2333/front_en.3.400.jpg,en,
food,7310401047003,"Cuba Cola Läsk Zero 33cl",,"Cuba Cola Läsk Zero 33cl",,"Cuba Cola","Cuba Cola",,,,,https://images.openfoodfacts.org/images/products/731/040/104/7003/front_en.10.400.jpg,en,
food,7322540455236,"TENA Discreet+ Maxi Night - Pack of 6",,"TENA Discreet+ Maxi Night - Pack of 6",,TENA,TENA,,,,,https://images.openfoodfacts.org/images/products/732/254/045/5236/front_en.3.400.jpg,en,
food,8015700161618,"Palette Professional Tinta Permanente - 3_1 Castano Scuro",,"Palette Professional Tinta Permanente - 3_1 Castano Scuro",,Palette,Palette,,,,,,en,
food,8050999570918,"Box ricarica sapone mani Argan, 900 ml",,"Box ricarica sapone mani Argan, 900 ml",,Ricarica,Ricarica,,,,,https://images.openfoodfacts.org/images/products/805/099/957/0918/front_en.3.400.jpg,en,
food,8410031946079,"Chupa Chups Best Of Lollipops - 50 Count",,"Chupa Chups Best Of Lollipops - 50 Count",,"Chupa, Chupa Chups","Chupa|Chupa Chups",,,,,https://images.openfoodfacts.org/images/products/841/003/194/6079/front_en.3.400.jpg,en,
food,8683130040775,,,,,Clear,Clear,,,,,https://images.openfoodfacts.org/images/products/868/313/004/0775/front_en.3.400.jpg,en,
food,8699971792476,"Parex Trend Yeşil Bulaşık Süngeri 5'li",,"Parex Trend Yeşil Bulaşık Süngeri 5'li",,Parex,Parex,,,,,https://images.openfoodfacts.org/images/products/869/997/179/2476/front_en.3.400.jpg,en,
food,8718951358874,"Ajax glass cleaning spray Triple Action 750ml",,"Ajax glass cleaning spray Triple Action 750ml",,AJAX,AJAX,750,,,en:Cleaning,https://images.openfoodfacts.org/images/products/871/895/135/8874/front_en.3.400.jpg,en,
food,6222001180565,Lux,"بسكويت لوكس ساده",Lux,,Biscomisr,Biscomisr,,,,,https://images.openfoodfacts.org/images/products/622/200/118/0565/front_en.17.400.jpg,en,
food,6224007750544,,,,,,,,,,en:beverages-and-beverages-preparations|en:plant-based-foods-and-beverages|en:beverages|en:fruit-based-foods-and-beverages|en:plant-based-beverages|en:fruit-based-beverages|en:juices-and-nectars|en:fruit-juices|en:fruit-juices-from-concentrate|en:pomegranate-juices|en:pomegranate-juices-from-concentrate,https://images.openfoodfacts.org/images/products/622/400/775/0544/front_en.3.400.jpg,en,
food,0733739004864,,,,,,,,,,,https://images.openfoodfacts.org/images/products/073/373/900/4864/front_en.3.400.jpg,en,
food,5714026000696,,,,,,,,,,,https://images.openfoodfacts.org/images/products/571/402/600/0696/front_en.3.400.jpg,en,
food,24242103,,,,,,,,,,,https://images.openfoodfacts.org/images/products/000/002/424/2103/front_ar.3.400.jpg,ar,
food,6224000805296,"Mango Peach Energy Drink",,"Mango Peach Energy Drink",,Twist,twist,,,,,https://images.openfoodfacts.org/images/products/622/400/080/5296/front_en.4.400.jpg,en,
food,6221073002669,"Corona 72% Dark chocolate",,"Corona 72% Dark chocolate",,Corona,Corona,,,,,https://images.openfoodfacts.org/images/products/622/107/300/2669/front_en.3.400.jpg,en,
food,7622201764555,"Oreo Chocolate Creme Cookies Biscuit 36.8gm",,"Oreo Chocolate Creme Cookies Biscuit 36.8gm",,Oreo,Oreo,36غ,,,en:snacks|en:sweet-snacks|en:biscuits-and-cakes|en:biscuits-and-crackers|en:cocoa-and-its-products|en:biscuits|en:chocolates|en:filled-biscuits,https://images.openfoodfacts.org/images/products/762/220/176/4555/front_en.3.400.jpg,en,
food,8690632031521,,,,,,,,,,,https://images.openfoodfacts.org/images/products/869/063/203/1521/front_en.3.400.jpg,en,
food,6224000200503,,"جولدن رويال فرن",,,"Golden Royal","Golden Royal","1 kg",1000,g,en:plant-based-foods-and-beverages|en:plant-based-foods|en:pastas|en:penne|en:penne-rigate,https://images.openfoodfacts.org/images/products/622/400/020/0503/front_ar.3.400.jpg,en,
food,6223003942946,"Cooking Chocolate",,"Cooking Chocolate",,Dreem,Dreem,"200 g",200,g,en:snacks|en:sweet-snacks|en:cocoa-and-its-products|en:chocolates|en:dark-chocolates,https://images.openfoodfacts.org/images/products/622/300/394/2946/front_en.3.400.jpg,en,
food,0748927050028,,,,,"Optimum nutrition","Optimum nutrition",,,,,https://images.openfoodfacts.org/images/products/074/892/705/0028/front_en.7.400.jpg,en,
food,6223001870098,Yogurt,,,,,,,,,en:dairies|en:fermented-foods|en:fermented-milk-products|en:desserts|en:dairy-desserts|en:fermented-dairy-desserts|en:yogurts,https://images.openfoodfacts.org/images/products/622/300/187/0098/front_fr.3.400.jpg,fr,
food,6221073002638,"Dark almond chocolate",,"Dark almond chocolate",,Corona,Corona,,,,,https://images.openfoodfacts.org/images/products/622/107/300/2638/front_en.3.400.jpg,en,
food,0025077133260,"Omega-3 Fish oil",,"Omega-3 Fish oil",,"Puritan's Pride","Puritan's Pride",,,,,https://images.openfoodfacts.org/images/products/002/507/713/3260/front_en.4.400.jpg,en,
food,6221078111410,,,,,,,,,,,https://images.openfoodfacts.org/images/products/622/107/811/1410/front_en.3.400.jpg,en,
food,6774432362992,"Vinager natural","خل جاردن ١ لتر","Vinager natural",,,,"1 L",1000,ml,en:condiments|en:vinegars,https://images.openfoodfacts.org/images/products/677/443/236/2992/front_en.11.400.jpg,en,
food,9000009967060,,,,,,,,,,ar:hhhhead,https://images.openfoodfacts.org/images/products/900/000/996/7060/front_ar.3.400.jpg,ar,
food,6224010648043,,,,,,,,,,,https://images.openfoodfacts.org/images/products/622/401/064/8043/front_ar.3.400.jpg,ar,
food,6223014210201,,,,,,,,,,,https://images.openfoodfacts.org/images/products/622/301/421/0201/front_ar.3.400.jpg,en,
food,6224011102698,,,,,,,,,,,https://images.openfoodfacts.org/images/products/622/401/110/2698/front_en.3.400.jpg,en,
food,6223001876908,"Treats Banana Flavored Milk","Beyti Marai","Treats Banana Flavored Milk",,Beyti,Beyti,200ml,200,ml,,https://images.openfoodfacts.org/images/products/622/300/187/6908/front_en.9.400.jpg,en,
food,6223000204696,Feta,,Feta,,"Dairy plus","Dairy plus",,,,,https://images.openfoodfacts.org/images/products/622/300/020/4696/front_en.3.400.jpg,en,
food,6224008857181,"Friscu Vanilla And Ice cream",,"Friscu Vanilla And Ice cream",,Friday,Friday,,,,,,en,
food,6221033402003,"Catchy Tomato Ketchup",,,,,,,,,en:plant-based-foods-and-beverages|en:plant-based-foods|en:fruits-and-vegetables-based-foods|en:vegetable-based-foods-and-beverages|en:condiments|en:vegetables-based-foods|en:tomatoes-and-their-products|en:sauces|en:tomato-sauces|en:ketchup,https://images.openfoodfacts.org/images/products/622/103/340/2003/front_fr.3.400.jpg,fr,
food,6221033101272,"Heinz Hot Ketchup",,"Heinz Hot Ketchup",,Heinz,heinz,,,,en:plant-based-foods-and-beverages|en:plant-based-foods|en:fruits-and-vegetables-based-foods|en:vegetable-based-foods-and-beverages|en:condiments|en:vegetables-based-foods|en:tomatoes-and-their-products|en:sauces|en:tomato-sauces|en:ketchup,https://images.openfoodfacts.org/images/products/622/103/310/1272/front_fr.3.400.jpg,fr,
food,6223000496695,"Junior HoHos",,"Junior HoHos",,HOHOs,HOHOs,,,,,https://images.openfoodfacts.org/images/products/622/300/049/6695/front_en.4.400.jpg,en,
food,6223000433102,"Oat & whole wheat pita bread - Rich Bake",,"Oat & whole wheat pita bread - Rich Bake",,"Rich Bake","Rich Bake",,,,,,en,
food,6223007290180,"Flour tortila",,"Flour Tortilla Breadway",,Breadway,Breadway,,,,,https://images.openfoodfacts.org/images/products/622/300/729/0180/front_fr.3.400.jpg,fr,
food,6224007982068,,,,,,,,,,,https://images.openfoodfacts.org/images/products/622/400/798/2068/front_ar.5.400.jpg,ar,
food,6223000759608,,,,,,,,,,,,fr,
food,8710103876557,,,,,,,,,,,https://images.openfoodfacts.org/images/products/871/010/387/6557/front_ar.3.400.jpg,ar,
food,3228022070086,,,,,President,President,,,,,https://images.openfoodfacts.org/images/products/322/802/207/0086/front_en.3.400.jpg,en,
food,00989091,"Fruit & NUT MIX","Fruit & NUT MIX",,,"Marks & Spencer","Marks & Spencer",,,,en:plant-based-foods-and-beverages|en:plant-based-foods|en:fruit-based-foods-and-beverages|en:fruits-and-vegetables-based-foods|en:fruit-based-foods|en:dried-products|en:fruits|en:nuts-and-their-products|en:nuts|en:dried-plant-based-foods|en:dried-fruits|en:mixed-dried-fruits|en:mixed-nuts,https://images.openfoodfacts.org/images/products/000/000/098/9091/front_ar.4.400.jpg,en,"Marks & Spencer"
food,6223011431104,"Lentil Snacks Honey Mustard Flavor",,"Lentil Snacks Honey Mustard Flavor",,"Abu Auf","Abu Auf",,,,,https://images.openfoodfacts.org/images/products/622/301/143/1104/front_en.4.400.jpg,en,
food,3073781104349,"Burger Cheese Slice",,"Burger Cheese Slice",,"La Vache Qui Rit","La Vache Qui Rit",,,,,https://images.openfoodfacts.org/images/products/307/378/110/4349/front_en.3.400.jpg,en,
food,6225412200273,,,,,,,,,,,https://images.openfoodfacts.org/images/products/622/541/220/0273/front_en.3.400.jpg,en,
food,6222035205722,"Excellence Lime and Coriander",,"Excellence Lime and Coriander",,TIGER,TIGER,,,,,,en,
food,0754441775514,,,,,,,,,,,,ar,
food,6223000842515,"Premium Cookies",,"Premium Cookies",,Classic,Classic,1kg,1000,g,en:snacks|en:sweet-snacks|en:biscuits-and-cakes|en:biscuits-and-crackers|en:biscuits|en:chocolate-biscuits|en:drop-cookies|en:chocolate-chip-cookies,https://images.openfoodfacts.org/images/products/622/300/084/2515/front_en.3.400.jpg,en,
food,6223000410097,"Lion chips- limon chilli",,"Lion chips- limon chilli",,,,,,,,,en,
food,6223000432150,"Wheat Flour Tortilla",,"Wheat Flour Tortilla",,"Rich Bake","Rich Bake",,,,,,en,
food,6223004110436,,,,,,,,,,,,ar,
food,8906117008613,,,,,,,,,,en:plant-based-foods-and-beverages|en:plant-based-foods|en:fruits-and-vegetables-based-foods|en:vegetable-based-foods-and-beverages|en:cereals-and-potatoes|en:seeds|en:vegetables-based-foods|en:cereals-and-their-products|en:vegetables|en:cereal-grains|en:rices|en:vegetables-from-spain,https://images.openfoodfacts.org/images/products/890/611/700/8613/front_en.3.400.jpg,en,
food,6223003192037,"High Fiber Toast",,"High Fiber Toast",,"Rich Bake","Rich Bake",,,,,https://images.openfoodfacts.org/images/products/622/300/319/2037/front_en.3.400.jpg,en,
food,6222014300912,"Yogurt light",,"Yogurt light",,Juhayna,Juhayna,,,,,,en,
food,1271494003702,,,,,,,,,,en:snacks|en:salty-snacks|en:appetizers|en:chips-and-fries|en:crisps,https://images.openfoodfacts.org/images/products/127/149/400/3702/front_en.3.400.jpg,en,
food,0001075311024,Lamisil,,Lamisil,,lamisil,lamisil,15,,,,,en,
food,00016810,,,,,,,,,,,https://images.openfoodfacts.org/images/products/000/000/001/6810/front_en.3.400.jpg,en,
food,5449000294982,"Coca-Cola Zero",,"Coca-Cola Zero",,Coca-Cola,Coca-Cola,"320 mL",320,ml,en:beverages-and-beverages-preparations|en:beverages|en:non-alcoholic-beverages|en:carbonated-drinks|en:soft-drinks|en:artificially-sweetened-beverages|en:sodas|en:diet-beverages|en:colas|en:diet-sodas|en:diet-cola-soft-drink,https://images.openfoodfacts.org/images/products/544/900/029/4982/front_en.3.400.jpg,en,
food,5449000298157,"Coca-Cola Zero",,"Coca-Cola Zero",,Coca-Cola,Coca-Cola,"1.5 L",1500,ml,en:beverages-and-beverages-preparations|en:beverages|en:non-alcoholic-beverages|en:carbonated-drinks|en:soft-drinks|en:artificially-sweetened-beverages|en:sodas|en:diet-beverages|en:colas|en:diet-sodas|en:diet-cola-soft-drink,,en,
food,1276500351013,"Mleko 3%",,,,Juhayna,Juhayna,"1,5l",1500,ml,en:dairies|en:milks-liquid-and-powder|en:milks,https://images.openfoodfacts.org/images/products/127/650/035/1013/front_sl.3.400.jpg,sl,
food,8710428009364,,,,,,,,,,,https://images.openfoodfacts.org/images/products/871/042/800/9364/front_en.3.400.jpg,en,
food,6221031000614,,,,,,,,,,ar:شيبسي,https://images.openfoodfacts.org/images/products/622/103/100/0614/front_ar.3.400.jpg,ar,
food,0271497026525,,,,,,,,,,en:sweeteners|en:sugars,https://images.openfoodfacts.org/images/products/027/149/702/6525/front_en.3.400.jpg,en,
food,0644762011760,,,,,,,,,,,https://images.openfoodfacts.org/images/products/064/476/201/1760/front_en.3.400.jpg,en,
food,6221007040767,"لبن نيدو بودر 200جرام",,"لبن نيدو بودر 200جرام",,,,,,,,https://images.openfoodfacts.org/images/products/622/100/704/0767/front_en.3.400.jpg,en,
food,0127007115244,,,,,,,,,,,https://images.openfoodfacts.org/images/products/012/700/711/5244/front_ar.3.400.jpg,ar,
food,6223016390192,,,,,,,,,,,https://images.openfoodfacts.org/images/products/622/301/639/0192/front_en.3.400.jpg,en,
food,6223010042301,عصير,عصير,,,,,,,,,,ar,
food,00952606,,,,,,,,,,,https://images.openfoodfacts.org/images/products/000/000/095/2606/front_en.3.400.jpg,en,
food,0663992074765,,,,,,,,,,,https://images.openfoodfacts.org/images/products/066/399/207/4765/front_ar.3.400.jpg,ar,
food,4823015916359,,,,,,,,,,,https://images.openfoodfacts.org/images/products/482/301/591/6359/front_ar.3.400.jpg,ar,
food,5011053024078,,,,,,,,,,,https://images.openfoodfacts.org/images/products/501/105/302/4078/front_en.3.400.jpg,en,
food,6224008913917,"Protein Bar Peanut Butter",,"Protein Bar Peanut Butter",,Lychee,Lychee,,,,,,en,
food,6222035227779,"protein crackers",,"protein crackers",,"EGYPT FOODS","EGYPT FOODS",,,,,https://images.openfoodfacts.org/images/products/622/203/522/7779/front_en.6.400.jpg,en,
food,6224011057059,,,,,,,,,,,https://images.openfoodfacts.org/images/products/622/401/105/7059/front_ar.5.400.jpg,ar,
food,4260646150583,,,,,,,,,,,,ar,
food,6223010040574,,,,,,,,,,,https://images.openfoodfacts.org/images/products/622/301/004/0574/front_ar.3.400.jpg,ar,
food,0001117096242,,,,,,,,,,,https://images.openfoodfacts.org/images/products/000/111/709/6242/front_ar.3.400.jpg,ar,
food,0223001872948,,,,,,,,,,,https://images.openfoodfacts.org/images/products/022/300/187/2948/front_ar.5.400.jpg,ar,
food,6221031490675,"Chips Chilli & Lemon",,"Chips Chilli & Lemon",,Lay's,lay-s,,,,,https://images.openfoodfacts.org/images/products/622/103/149/0675/front_en.3.400.jpg,en,
food,3664798036558,,,,,,,,,,,https://images.openfoodfacts.org/images/products/366/479/803/6558/front_ar.3.400.jpg,ar,
food,6211101168054,,,,,,,,,,,https://images.openfoodfacts.org/images/products/621/110/116/8054/front_ar.3.400.jpg,ar,
food,6224011439022,,6224011439022,,,,,,,,en:dairies|en:fermented-foods|en:fermented-milk-products|en:cheeses|en:Natural-white-cheese,https://images.openfoodfacts.org/images/products/622/401/143/9022/front_en.3.400.jpg,en,
food,6224010439184,,,,,,,,,,,https://images.openfoodfacts.org/images/products/622/401/043/9184/front_en.3.400.jpg,en,
food,6223006255555,"Protein Rings",,"Protein Rings",,"Haj Arafa","Haj Arafa",,,,,,en,
food,6224009352449,"Shredded Chili Tuna",,"Shredded Chili Tuna",,Dolphin,Dolphin,"170+30 gm",30,g,en:seafood|en:fishes-and-their-products|en:fishes|en:fatty-fishes|en:tunas,https://images.openfoodfacts.org/images/products/622/400/935/2449/front_en.3.400.jpg,en,
food,6223000663660,"Rice pasta",,"Rice pasta",,"Elmtbkh Elmasry","Elmtbkh Elmasry",400g,400,g,en:plant-based-foods-and-beverages|en:plant-based-foods|en:pastas,https://images.openfoodfacts.org/images/products/622/300/066/3660/front_en.3.400.jpg,en,
food,6225000616813,"Cream Soda",,"Cream Soda",,Willy’s,Willy’s,,,,,,en,
food,5053990101597,"Sour Cream & Onion",,"Sour Cream & Onion Potato Chips",,Pringles,pringles,"165 g",165,g,en:plant-based-foods-and-beverages|en:plant-based-foods|en:snacks|en:cereals-and-potatoes|en:salty-snacks|en:appetizers|en:chips-and-fries|en:potatoes-and-their-products|en:crisps|en:salty-snacks-made-from-potato|en:stacked-extruded-potato-crisps,https://images.openfoodfacts.org/images/products/505/399/010/1597/front_en.55.400.jpg,ro,"cora, intermarche"
food,0010700519528,"Fruit chews candy",,"Fruit chews candy","Jolly rancher chews","Jolly Rancher",jolly-rancher,"58 g",58,g,en:snacks|en:sweet-snacks|en:confectioneries|en:candies|en:Chews|en:Sugary,https://images.openfoodfacts.org/images/products/001/070/051/9528/front_en.31.400.jpg,en,"One The Run"
food,06407179,"Prince goût chocolat",,,"Biscuit au chocolat",lu,lu,"300 g",300,g,en:snacks|en:sweet-snacks|en:biscuits-and-cakes|en:biscuits-and-crackers|en:biscuits,https://images.openfoodfacts.org/images/products/000/000/640/7179/front_fr.3.400.jpg,fr,
food,0762111166968,"Casi Cielo",,"Casi Cielo",,Starbucks,Starbucks,"250 g",250,,,https://images.openfoodfacts.org/images/products/076/211/116/6968/front_en.3.400.jpg,en,
food,0776992055037,,,,,,,,,,,https://images.openfoodfacts.org/images/products/077/699/205/5037/front_ar.3.400.jpg,ar,
food,2000000021172,,,,,,,,,,,,en,
food,4008569024495,"WHITE OATS QUICK COOKING",,"WHITE OATS QUICK COOKING",,HAHNE,HAHNE,,,,,https://images.openfoodfacts.org/images/products/400/856/902/4495/front_ar.6.400.jpg,ar,
food,5000159031103,"Maltesers 175g",,"Maltesers cashier","Chocolates (73%) with crisp, light honeycombed centres (23%)",Maltesers,maltesers,175g,175,g,en:snacks|en:sweet-snacks|en:cocoa-and-its-products|en:confectioneries|en:chocolate-candies|en:bonbons,https://images.openfoodfacts.org/images/products/500/015/903/1103/front_en.68.400.jpg,fr,"Carrefour, Delhaize"
food,6221031493645,"شيبسي ","شيبسي ",,,شيبسي,شيبسي,١٠٢,,,,,ar,
food,6221031495625,Crunchy,,Crunchy,,Chibsy,Chibsy,1,,,en:snacks|en:salty-snacks|en:appetizers|en:chips-and-fries|en:crisps,https://images.openfoodfacts.org/images/products/622/103/149/5625/front_en.3.400.jpg,en,
food,6221031497933,"Chips Lays Saveur chili et citron",,"Chips Lays Saveur chili et citron",,Lay's,lay-s,,,,en:plant-based-foods-and-beverages|en:plant-based-foods|en:snacks|en:cereals-and-potatoes|en:salty-snacks|en:appetizers|en:chips-and-fries|en:potatoes-and-their-products|en:crisps|en:salty-snacks-made-from-potato|en:potato-crisps|en:flavoured-potato-crisps,https://images.openfoodfacts.org/images/products/622/103/149/7933/front_en.39.400.jpg,en,
food,6221048900150,"Faine Foods",,"Faine Foods","Knorr tomato paste",Knorr,knorr,"310 g",310,g,en:plant-based-foods-and-beverages|en:plant-based-foods|en:fruits-and-vegetables-based-foods|en:vegetable-based-foods-and-beverages|en:canned-foods|en:condiments|en:vegetables-based-foods|en:canned-plant-based-foods|en:tomatoes-and-their-products|en:canned-tomato-products|en:sauces|en:tomato-sauces|en:tomato-pastes|en:tomato-purees|en:Groceries,https://images.openfoodfacts.org/images/products/622/104/890/0150/front_en.7.400.jpg,en,Metro
food,6222014332814,"جهينه بيور","جهينه بيور",,,,,,,,,,ar,
food,6222014336126,"pomegranate    premium quality ",,"pomegranate    premium quality ",,juhayna,juhayna,"1 liter",1000,,,https://images.openfoodfacts.org/images/products/622/201/433/6126/front_en.3.400.jpg,en,
food,6223000413913,Break,,Break,,Break,Break,"20 g",20,,,https://images.openfoodfacts.org/images/products/622/300/041/3913/front_en.5.400.jpg,en,
food,6223000716021,"مياه معدنية حياة",,"مياه معدنية حياة",,hayat,hayat,"1 l",1000,,en:beverages-and-beverages-preparations|en:beverages|en:waters,https://images.openfoodfacts.org/images/products/622/300/071/6021/front_en.3.400.jpg,en,
food,6224007835203,Barazek,Barazek,,,Saida,Saida,,,,,,ar,
food,6224000702878,"Oat Choco",,"Oat Choco","Oat choco","Shanda for foodstuffs","Shanda for foodstuffs",1,,,en:snacks|en:sweet-snacks,https://images.openfoodfacts.org/images/products/622/400/070/2878/front_en.8.400.jpg,en,
food,6224000799496,,,"Bran crackers",,,,,,,"ar:Bran crackers",https://images.openfoodfacts.org/images/products/622/400/079/9496/front_ar.3.400.jpg,ar,
food,6224008575153,"Solo mix berries",,"Solo mix berries","Solo syrup mix berry",Solo,Solo,"1250 g",1250,,en:beverages-and-beverages-preparations|en:beverages|en:condiments|en:syrups|en:sauces|en:sweetened-beverages|en:Groceries|en:Sugary,https://images.openfoodfacts.org/images/products/622/400/857/5153/front_en.6.400.jpg,en,Grumart
food,6224009010059,"مايونيز بالثوم","مايونيز بالثوم","Sweet life garlic mayo","مايونيز بالثوم سويت لايف","Sweet Life, سويت لايف","Sweet Life|سويت لايف","250 ml",250,ml,en:condiments|en:sauces|en:mayonnaises|en:groceries,https://images.openfoodfacts.org/images/products/622/400/901/0059/front_en.7.400.jpg,ar,"Royal house"
food,6281006704725,,,,,Lipton,Lipton,,,,,https://images.openfoodfacts.org/images/products/628/100/670/4725/front_es.3.400.jpg,es,
food,7622210606044,"Borio jumbo",,,,Borio,Borio,9,,,,https://images.openfoodfacts.org/images/products/762/221/060/6044/front_fr.3.400.jpg,fr,
food,8714555000300,"Zwan Chicken Luncheon Meat",,"Chicken Luncheon Meat",,ZwanenbergZwan,ZwanenbergZwan,"340 g",340,g,en:plant-based-foods-and-beverages|en:plant-based-foods|en:meats-and-their-products|en:meats|en:pickles|en:chicken-and-its-products|en:poultries|en:chickens|en:chicken-meat-without-skin,https://images.openfoodfacts.org/images/products/871/455/500/0300/front_en.18.400.jpg,fr,
food,8690767714641,Labne,,Labne,"Labaneh Sütas",Sütaş,Sütaş,"400 g",400,g,en:dairies|en:fermented-foods|en:fermented-milk-products|en:cheeses|en:fresh-cheeses|en:cream-cheeses|en:Labneh,https://images.openfoodfacts.org/images/products/869/076/771/4641/front_en.29.400.jpg,en,"Oscar, Royal house"
food,8850124080202,"Coffee Mate Smooth Creamy 450GR","Coffee Mate Smooth Creamy 450GR",,,Nestlé,nestle,450g,450,g,en:plant-based-foods-and-beverages|en:plant-based-foods|en:coffees,https://images.openfoodfacts.org/images/products/885/012/408/0202/front_en.29.400.jpg,en,
food,8852111003751,"Light Meat Tuna",,,,"DWARF SKIPJACK","DWARF SKIPJACK",140g,140,g,en:seafood|en:fishes-and-their-products|en:canned-foods|en:fishes|en:fatty-fishes|en:canned-fishes|en:tunas|en:canned-tunas,https://images.openfoodfacts.org/images/products/885/211/100/3751/front_fr.9.400.jpg,fr,
food,6221024991714,"Vitrac Apricot","ڤيتراك مربى مشمش","Vitrac Apricot","Vitrac Apricot",Vitrac,Vitrac,450,0,,en:plant-based-foods-and-beverages|en:plant-based-foods|en:breakfasts|en:spreads|en:plant-based-spreads|en:sweet-spreads|en:fruit-and-vegetable-preserves|en:jams,https://images.openfoodfacts.org/images/products/622/102/499/1714/front_en.15.400.jpg,en,"Metro, Oscar, Royal house"
food,6224008265931,"Nino oats",,"Nino oats","Nino oats cereal",Foodprint,Foodprint,,,,en:plant-based-foods-and-beverages|en:plant-based-foods|en:cereals-and-potatoes|en:seeds|en:cereals-and-their-products|en:cereal-grains|en:oat,https://images.openfoodfacts.org/images/products/622/400/826/5931/front_en.23.400.jpg,en,Oscar
food,9557062321136,"Jbs qtw",,"Jbs qtw",,,,35gr,35,g,en:snacks|en:salty-snacks|en:appetizers|en:chips-and-fries|en:crisps,https://images.openfoodfacts.org/images/products/955/706/232/1136/front_en.34.400.jpg,en,
food,6221012040097,"Sweet flakes",,,,Temmy’s,Temmy’s,40g,40,,,https://images.openfoodfacts.org/images/products/622/101/204/0097/front_fr.3.400.jpg,fr,
food,6225000312920,"Trego Muesli",,"Trego Muesli","Trego Muesli",Trego,Trego,"300 g",300,,,,en,
food,6224007581483,,,,,,,,,,,https://images.openfoodfacts.org/images/products/622/400/758/1483/front_en.4.400.jpg,en,
food,6225000061521,,,,,,,,,,,https://images.openfoodfacts.org/images/products/622/500/006/1521/front_en.7.400.jpg,en,
food,6224008756293,"oat flakes",,"oat flakes",,kelly,kelly,,,,,https://images.openfoodfacts.org/images/products/622/400/875/6293/front_en.5.400.jpg,en,
food,08217189,"white chocolate & cranberry cookie",,"white chocolate & cranberry cookie",,merba,merba,"25 g",25,g,en:snacks|en:sweet-snacks|en:biscuits-and-cakes|en:biscuits-and-crackers|en:biscuits|en:chocolate-biscuits|en:drop-cookies|en:white-chocolate-biscuits,https://images.openfoodfacts.org/images/products/000/000/821/7189/front_en.4.400.jpg,en,
food,6035100280803,,,,,,,,,,,,ar,
food,6221007030027,,,,,"Nesquik, Nestlé",nesquik|nestle,,,,,https://images.openfoodfacts.org/images/products/622/100/703/0027/front_ar.3.400.jpg,ar,
food,6223000501610,,,,,,,,,,,https://images.openfoodfacts.org/images/products/622/300/050/1610/front_en.4.400.jpg,en,
food,9312631128468,,,,,,,,,,,,ar,
food,2019152002709,,,,,,,,,,,,en,
food,2000034001255,pastrami,,pastrami,,,,,,,,https://images.openfoodfacts.org/images/products/200/003/400/1255/front_en.4.400.jpg,en,
food,6221024270017,"Strawberry Jam",,"Strawberry Jam","Hero Strawberry Jam",HERO,HERO,350g,350,g,en:plant-based-foods-and-beverages|en:plant-based-foods|en:breakfasts|en:fruit-based-foods-and-beverages|en:fruits-and-vegetables-based-foods|en:spreads|en:fruit-based-foods|en:plant-based-spreads|en:sweet-spreads|en:fruit-and-vegetable-preserves|en:fruit-preserves|en:jams|en:fruit-jams|en:berry-jams|en:strawberry-jams,https://images.openfoodfacts.org/images/products/622/102/427/0017/front_en.28.400.jpg,en,"Best Market, Grumart, Metro, Oscar, Royal House"
food,06730185,,,,,,,,,,,,en,
food,6223000755945,,,,,,,,,,,https://images.openfoodfacts.org/images/products/622/300/075/5945/front_ar.4.400.jpg,ar,
food,6223003190460,"برانش ويتش ساندوتش بالجبنه البيضا","برانش ويتش ساندوتش بالجبنه البيضا",,برانش,,,,,,,https://images.openfoodfacts.org/images/products/622/300/319/0460/front_ar.4.400.jpg,ar,
food,6970212510045,"ولاعة بلاستيك سخان","ولاعة بلاستيك سخان",,,,,,,,,https://images.openfoodfacts.org/images/products/697/021/251/0045/front_ar.4.400.jpg,ar,
food,6221151000631,,,,,,,,,,,,en,
food,6221155047458,"شاي ليبتون","شاي ليبتون",,,Lipton,Lipton,"40 جرام",,,,https://images.openfoodfacts.org/images/products/622/115/504/7458/front_ar.4.400.jpg,ar,
food,6224008264347,Jola,,Jola,,"Eljoker dessert","Eljoker dessert",20g,20,g,en:plant-based-foods-and-beverages|en:plant-based-foods|en:snacks|en:sweet-snacks|en:cocoa-and-its-products|en:confectioneries|en:nuts-and-their-products|en:chocolate-candies|en:bars|en:bonbons|en:chocolate-covered-nuts-and-fruits|en:nut-confectioneries|en:candy-chocolate-bars|en:chocolate-covered-nuts|en:chocolate-covered-peanuts,https://images.openfoodfacts.org/images/products/622/400/826/4347/front_en.3.400.jpg,en,
food,6224007638804,,,,,,,,,,,https://images.openfoodfacts.org/images/products/622/400/763/8804/front_ar.4.400.jpg,en,
food,9614000735032,,,,,,,,,,,https://images.openfoodfacts.org/images/products/961/400/073/5032/front_fr.4.400.jpg,en,
food,6224000077495,اسبانجاه,اسبانجاه,,,1,1,1,,,ar:ض,https://images.openfoodfacts.org/images/products/622/400/007/7495/front_ar.4.400.jpg,ar,سوبر
food,7187916459245,"Tomato Paste",,"Tomato Paste",,Best,Best,320,,,en:Egypt,,ar,
food,0836137007113,"Leopold Bros Absinthe",,"Leopold Bros Absinthe",,,,1,,,,https://images.openfoodfacts.org/images/products/083/613/700/7113/front_en.4.400.jpg,en,
food,6224007675052,,,,,,,,,,,https://images.openfoodfacts.org/images/products/622/400/767/5052/front_en.6.400.jpg,en,
food,6224000531959,"Dried prunes",,"Dried prunes",,Zaghloul,Zaghloul,400g,400,,en:plant-based-foods-and-beverages|en:plant-based-foods|en:fruit-based-foods-and-beverages|en:fruits-and-vegetables-based-foods|en:fruit-based-foods|en:dried-products|en:dried-plant-based-foods|en:dried-fruits,https://images.openfoodfacts.org/images/products/622/400/053/1959/front_en.3.400.jpg,en,
food,6224008763765,,,,,,,,,,,,en,
food,6224009912018,,,,,"Moca coffee","Moca coffee","250 g",250,,en:plant-based-foods-and-beverages|en:plant-based-foods|en:coffees,https://images.openfoodfacts.org/images/products/622/400/991/2018/front_ar.6.400.jpg,ar,"moca coffee"
food,10738788,,,,,Storck,Storck,,,,,https://images.openfoodfacts.org/images/products/000/001/073/8788/front_en.4.400.jpg,en,
food,6224007772423,"FoX فوكس","FoX فوكس",,,KHagag,KHagag,1غرام,,,ar:بطاطس,https://images.openfoodfacts.org/images/products/622/400/777/2423/front_ar.5.400.jpg,ar,
food,5449000112217,,,,,Schweppes,Schweppes,,,,,,en,
food,4061458021951,"Schokolade Weisse Crisp",,"Weisse Crisp","Weiße Schokolade mit HaselnussStuckchen (12%) und Reis-Crisps (6%)",Choceur,Choceur,200g,200,g,en:snacks|en:sweet-snacks|en:cocoa-and-its-products|en:chocolates|en:white-chocolates,https://images.openfoodfacts.org/images/products/406/145/802/1951/front_de.34.400.jpg,de,aldi
dump,00000069,,,,,florette,xx:florette,"100 g",100,,,https://images.openfoodfacts.org/images/products/invalid/front_fr.19.400.jpg,,
dump,00001570,"Sonbolat Elforat gluten free",,"Sonbolat Elforat gluten free",,,,"500 g",500,,,https://images.openfoodfacts.org/images/products/000/000/000/1570/front_en.3.400.jpg,,
dump,0000211251041,Tartlet,,Tartlet,,,,,,,,https://images.openfoodfacts.org/images/products/000/021/125/1041/front_en.3.400.jpg,,
dump,0000333333333,ggg,,ggg,,,,,,,,https://images.openfoodfacts.org/images/products/000/033/333/3333/front_en.3.400.jpg,,
dump,0000431256312,ttt,,ttt,,qww,xx:qww,12,,,,https://images.openfoodfacts.org/images/products/000/043/125/6312/front_en.3.400.jpg,,
dump,0000502114991,,,,,,,,,,,https://images.openfoodfacts.org/images/products/000/050/211/4991/front_ar.4.400.jpg,,
dump,00005525,,,,,1,1,120,0,,en:٣,,,
dump,0000555577799,hello,,hello,,hello,xx:hello,44,,,,https://images.openfoodfacts.org/images/products/000/055/557/7799/front_en.3.400.jpg,,
dump,0000644054667,"لايت بايت جوز الهند",,"لايت بايت جوز الهند",,,,,,,,https://images.openfoodfacts.org/images/products/000/064/405/4667/front_en.3.400.jpg,,
dump,0000787878787,8777,,8777,,,,,,,,https://images.openfoodfacts.org/images/products/000/078/787/8787/front_en.3.400.jpg,,
dump,0000956219132,,,,,,,,,,,,,
dump,0001111296002,,,,,,,,,,,https://images.openfoodfacts.org/images/products/000/111/129/6002/front_ar.3.400.jpg,,
dump,0001112394469,"بيض الامانة",,"بيض الامانة",,,,,,,,https://images.openfoodfacts.org/images/products/000/111/239/4469/front_en.3.400.jpg,,
dump,0001414141412,trw,,trw,,,,,,,,,,
dump,0004020148025,"Refuel Protein Bar Crispy Caramel",,"Refuel Protein Bar Crispy Caramel",,REFUEL,refuel,,,,,,,
dump,0009800800018,"نوتيلا اند جو 25جرام",,"نوتيلا اند جو 25جرام",,,,,,,,,,
dump,0011006005449,,,,,,,,,,,https://images.openfoodfacts.org/images/products/001/100/600/5449/front_en.3.400.jpg,,
dump,0011110017314,"Nice 'n Cheesy Original",,"Nice 'n Cheesy Original",,Kroger,xx:kroger,"907 g",907,,en:dairies|en:fermented-foods|en:fermented-milk-products|en:cheeses,https://images.openfoodfacts.org/images/products/001/111/001/7314/front_en.16.400.jpg,,
dump,0014200017287,"لوتي معجون شيري",,"لوتي معجون شيري",,,,,,,,https://images.openfoodfacts.org/images/products/001/420/001/7287/front_en.3.400.jpg,,
dump,0014410126304,,,,,,,,,,,https://images.openfoodfacts.org/images/products/001/441/012/6304/front_en.3.400.jpg,,
dump,0014940191612,"Blue Cheese Dressing",,"Blue Cheese Dressing",,"Magic Chef",xx:magic-chef,,,,,,,
dump,00151036,عصير,,عصير,,,,,,,,https://images.openfoodfacts.org/images/products/000/000/015/1036/front_en.3.400.jpg,,
dump,0015203121285,,,,,,,,,,,https://images.openfoodfacts.org/images/products/001/520/312/1285/front_en.3.400.jpg,,
dump,0016500535362,"Citracal calcium cupplement",,"Citracal calcium cupplement",,Bayer,bayer,,,,,https://images.openfoodfacts.org/images/products/001/650/053/5362/front_en.6.400.jpg,,
dump,0016500593096,"adult triple immune support",,"adult triple immune support",,"one a day",one-a-day,,,,en:multivitamin,,,
dump,0020402148056,"بروتين بار ريفل زبده الفول السوداني",,"بروتين بار ريفل زبده الفول السوداني",,,,,,,,https://images.openfoodfacts.org/images/products/002/040/214/8056/front_en.3.400.jpg,,
dump,0024627005828,"Young Angus Beef",,"Young Angus Beef",,"Beef Stroganoff Mom",xx:beef-stroganoff-mom,,,,,,,
dump,0025077155934,t1,,t1,,,,,,,,https://images.openfoodfacts.org/images/products/002/507/715/5934/front_en.3.400.jpg,,
dump,0027424992575,"Citrus Honey",,"Citrus Honey",,Hero,hero,,,,,,,
dump,0027917019512,"Calcium Gummies",,"Calcium Gummies",,Vitafusion,xx:vitafusion,,,,,https://images.openfoodfacts.org/images/products/002/791/701/9512/front_en.3.400.jpg,,
dump,0030000411063,break,,break,,,,,,,,https://images.openfoodfacts.org/images/products/003/000/041/1063/front_en.3.400.jpg,,
dump,0032894018601,"Premuim fava beans",,"Premuim fava beans",,"California Garden",xx:california-garden,400g,400,,en:plant-based-foods-and-beverages|en:plant-based-foods,https://images.openfoodfacts.org/images/products/003/289/401/8601/front_en.9.400.jpg,,
dump,0032894018663,"Fava Beans With Tahina",,"Fava Beans With Tahina",,"California Gardens",xx:california-gardens,,,,,,,
dump,0032894018786,"Fava Beans",,"Fava Beans",,"California Gardens",xx:california-gardens,,,,,,,
dump,0032894018847,"Egyptian Foul",,"Egyptian Foul",,"حداءق كاليفورنيا",حداءق-كاليفورنيا,,,,,,,
dump,0032894018861,"Fava Beans Peeled with Chili",,"Fava Beans Peeled with Chili",,"California Garden",xx:california-garden,400g,400,,en:plant-based-foods-and-beverages|en:plant-based-foods|en:legumes-and-their-products|en:canned-foods|en:legumes|en:canned-plant-based-foods|en:canned-legumes|en:canned-common-beans,https://images.openfoodfacts.org/images/products/003/289/401/8861/front_fr.3.400.jpg,,
dump,0032894020642,"White Solid Tuna in water and salt",,"White Solid Tuna in water and salt",,"CALIFORNIA GARDEN",xx:california-garden,185g,185,,,https://images.openfoodfacts.org/images/products/003/289/402/0642/front_fr.10.400.jpg,,
dump,0032894022066,"Fava Beans With Olive Oil",,"Fava Beans With Olive Oil",,Americana,xx:americana,,,,,,,
dump,0032894022103,"Fava Beans - Oil, Lemon, And Cumin",,"Fava Beans - Oil, Lemon, And Cumin",,Americana,xx:americana,"400 g",400,,,https://images.openfoodfacts.org/images/products/003/289/402/2103/front_en.11.400.jpg,,
dump,0032894022189,"Peeled fava beans with chili",,"Peeled fava beans with chili",,Americana,americana,,,,,,,
dump,0032894022202,"Peeled fava beans with oil and tomato paste",,"Peeled fava beans with oil and tomato paste",,"Americana quality",americana-quality,,,,,,,
dump,0040720220081,nutelaB.ready,,nutelaB.ready,,,,,,,,https://images.openfoodfacts.org/images/products/004/072/022/0081/front_en.3.400.jpg,,
dump,0040999660328,,,,,,,,,,,https://images.openfoodfacts.org/images/products/004/099/966/0328/front_en.3.400.jpg,,
dump,0041396093306,"ساور ديب",,"ساور ديب",,,,,,,,https://images.openfoodfacts.org/images/products/004/139/609/3306/front_en.3.400.jpg,,
dump,00430601,,,,,,,,,,,,,
dump,0044000394004,"هاي بروتين شوكولاته",,"هاي بروتين شوكولاته",,,,,,,,https://images.openfoodfacts.org/images/products/004/400/039/4004/front_en.3.400.jpg,,
dump,0048107154189,"Advanced protein bar chocolate chip cookie dough",,"Advanced protein bar chocolate chip cookie dough",,Gnc,gnc,,,,,,,
dump,0054600556733,"ميني مولتو كينج",,"ميني مولتو كينج",,,,,,,,https://images.openfoodfacts.org/images/products/005/460/055/6733/front_en.3.400.jpg,,
dump,0054881007184,,,,,,,,,,,https://images.openfoodfacts.org/images/products/005/488/100/7184/front_en.3.400.jpg,,
dump,0054881013536,"Ahmed tea Black tea vanilla Tranquility",,"Ahmed tea Black tea vanilla Tranquility",,"Ahmed Tea",ahmed-tea,,,,,https://images.openfoodfacts.org/images/products/005/488/101/3536/front_en.6.400.jpg,,
dump,0060383064631,"Lamb T Bone Loin Steak",,"Lamb T Bone Loin Steak",,"Rich Cut",xx:rich-cut,,,,,,,
dump,0062200002024,"Cheddar & Sour Cream Protein Chips - Quest - Quest - Quest",,"Cheddar & Sour Cream Protein Chips - Quest - Quest - Quest",,,,,,,,,,
dump,0062210921018,"Cachews And Banana Protein Bar",,"Cachews And Banana Protein Bar",,Twevel,twevel,,,,,,,
dump,0062287612109,"Greek Feta Cheese",,"Greek Feta Cheese",,"Renee's Gourmet",xx:renee-s-gourmet,,,,en:condiments|en:sauces|en:salad-dressings,https://images.openfoodfacts.org/images/products/006/228/761/2109/front_en.3.400.jpg,,
dump,0062288000080,"Spark Energy, Mandarin Orange - Advocare - Advocare - Advocare - Advocare - Advocare - Advocare - Advocare",,"Spark Energy, Mandarin Orange - Advocare - Advocare - Advocare - Advocare - Advocare - Advocare - Advocare",,,,,,,,,,
dump,00653077,"Paradise strawberry sorbet",,"Paradise strawberry sorbet",,,,,,,,https://images.openfoodfacts.org/images/products/000/000/065/3077/front_en.3.400.jpg,,
dump,00659833,تركيا,,تركيا,,"من تركيا",من-تركيا,106g,106,,ar:092222,https://images.openfoodfacts.org/images/products/000/000/065/9833/front_fa.5.400.jpg,,"متجر مأكولات وحلويات واكل معلب"
dump,0066614600302,"جهينه عنب احمر",,"جهينه عنب احمر",,,,,,,,https://images.openfoodfacts.org/images/products/006/661/460/0302/front_en.3.400.jpg,,
dump,0070177173432,"Twigs Pure green tea 27/8/25",,"Twigs Pure green tea 27/8/25",,Twinings,xx:twinings,,,,,https://images.openfoodfacts.org/images/products/007/017/717/3432/front_fr.3.400.jpg,,
dump,0070221008680,"Chwin Gum",,"Chwin Gum",,"Mondelez group",xx:mondelez-group,14,,,en:snacks|en:sweet-snacks|en:confectioneries|en:chewing-gum,https://images.openfoodfacts.org/images/products/007/022/100/8680/front_en.13.400.jpg,,
dump,0071661120246,"Fruit of the earth aloevera gel",,"Fruit of the earth aloevera gel",,,,,,,,,,
dump,0072473004311,"Mastic paste",,"Mastic paste",,,,,,,,https://images.openfoodfacts.org/images/products/007/247/300/4311/front_en.3.400.jpg,,
dump,0072563720961,"Stab ice cream",,"Stab ice cream",,,,,,,,https://images.openfoodfacts.org/images/products/007/256/372/0961/front_en.5.400.jpg,,
dump,0072655000841,"Power bowl roasted red pepper & egg white shakshuka",,"Power bowl roasted red pepper & egg white shakshuka",,"Healthy choice",healthy-choice,,,,,,,
dump,0074410490041,"Dry Wakame",,"Dry Wakame",,"Shirakiku Brand",xx:shirakiku-brand,450g,450,,,https://images.openfoodfacts.org/images/products/007/441/049/0041/front_en.3.400.jpg,,
dump,0074892702861,APEX,,APEX,,ATHR,xx:athr,,,,,,,
dump,0076220144327,,,,,,,,,,,https://images.openfoodfacts.org/images/products/007/622/014/4327/front_en.3.400.jpg,,
dump,0076690899132,"لبان ترايدنت تروبيكال تويست",,"لبان ترايدنت تروبيكال تويست",,,,,,,,https://images.openfoodfacts.org/images/products/007/669/089/9132/front_en.3.400.jpg,,
dump,0078742090269,,,,,,,,,,,https://images.openfoodfacts.org/images/products/007/874/209/0269/front_en.3.400.jpg,,
dump,0086599302046,,,,,,,"250 g",250,,,https://images.openfoodfacts.org/images/products/008/659/930/2046/front_ar.3.400.jpg,,
dump,0089686171372,Indome,,Indome,,,,,,,en:plant-based-foods-and-beverages|en:plant-based-foods|en:dried-products|en:pastas|en:dried-products-to-be-rehydrated|en:noodles|en:instant-noodles,https://images.openfoodfacts.org/images/products/008/968/617/1372/front_en.6.400.jpg,,
dump,0091211113887,APEX,,APEX,,ATHR,xx:athr,,,,,,,
dump,0096477039599,,,,,,,,,,,https://images.openfoodfacts.org/images/products/009/647/703/9599/front_ar.4.400.jpg,,
dump,00990319,"Sandwich with crispy chicken",,"Sandwich with crispy chicken",,"SC ELA&ARIANA2019 SRL",xx:sc-ela-ariana2019-srl,160,0,,en:sandwiches|en:poultry-sandwiches|en:chicken-sandwiches,https://images.openfoodfacts.org/images/products/000/000/099/0319/front_en.17.400.jpg,,
dump,0123456789135,"Fully Cooked Chicken Breasts",,"Fully Cooked Chicken Breasts",,"Smoke House",smoke-house,,,,,,,
dump,0128601084004,الساعه,,الساعه,,,,,,,,,,
dump,0144403116026,"ريستاشيو شكلاته بالمانجا والفسدق الحلبي",,"ريستاشيو شكلاته بالمانجا والفسدق الحلبي",,,,,,,,https://images.openfoodfacts.org/images/products/014/440/311/6026/front_en.3.400.jpg,,
dump,0144488650101,,,,,,,,,,,https://images.openfoodfacts.org/images/products/014/448/865/0101/front_ar.3.400.jpg,,
dump,0151540505125,"استبليزر آيس كريم",,"استبليزر آيس كريم",,,,,,,,https://images.openfoodfacts.org/images/products/015/154/050/5125/front_en.3.400.jpg,,
dump,0170252100015,"Sweet corn",,"Sweet corn",,,,405g,405,,,https://images.openfoodfacts.org/images/products/017/025/210/0015/front_en.3.400.jpg,,
dump,0174604880921,,,,,,,,,,,https://images.openfoodfacts.org/images/products/017/460/488/0921/front_en.3.400.jpg,,
dump,0190401105005,,,,,,,,,,,,,
dump,0200406201807,"ثري شيفز هوت دوج بقري 1 كيلو",,"ثري شيفز هوت دوج بقري 1 كيلو",,,,,,,,https://images.openfoodfacts.org/images/products/020/040/620/1807/front_en.3.400.jpg,,
dump,0200407891144,"Grilled Chicken Wings",,"Grilled Chicken Wings",,Atyab,xx:atyab,,,,,,,
dump,0200414301315,"Greek Yogurt Oats & Flaxseeds",,"Greek Yogurt Oats & Flaxseeds",,Juhayna,juhayna,,,,,,,
dump,0200414310782,,,,,,,,,,,https://images.openfoodfacts.org/images/products/020/041/431/0782/front_en.3.400.jpg,,
dump,0200463700534,,,,,,,,,,,https://images.openfoodfacts.org/images/products/020/046/370/0534/front_fr.3.400.jpg,,
dump,0200550300869,"ديجستف مينز قمح",,"ديجستف مينز قمح",,,,,,,,https://images.openfoodfacts.org/images/products/020/055/030/0869/front_en.3.400.jpg,,
dump,0204100124165,"Scrunch cranberry",,"Scrunch cranberry",,,,,,,,https://images.openfoodfacts.org/images/products/020/410/012/4165/front_en.4.400.jpg,,
dump,0205652505235,قرفة,,قرفة,,SpicesWorld,spicesworld,500,0,,,https://images.openfoodfacts.org/images/products/020/565/250/5235/front_en.3.400.jpg,,
dump,0207476004406,"Uncooked fresh boneless skinless chicken breasts",,"Uncooked fresh boneless skinless chicken breasts",,Perdue,perdue,,,,,,,
dump,0209354018765,"Brie ermitage",,"Brie ermitage",,,,,,,,https://images.openfoodfacts.org/images/products/020/935/401/8765/front_fr.3.400.jpg,,
dump,0211435217837,,,,,,,,,,,https://images.openfoodfacts.org/images/products/021/143/521/7837/front_en.3.400.jpg,,
dump,0212433000988,"جود فرينس",,"جود فرينس",,,,,,,,,,
dump,0212452505228,"Spice World Cinnamon Power",,"Spice World Cinnamon Power",,,,270,,,en:plant-based-foods-and-beverages|en:plant-based-foods|en:condiments|en:spices,https://images.openfoodfacts.org/images/products/021/245/250/5228/front_en.3.400.jpg,,
dump,0212501486904,,,,,,,,,,,https://images.openfoodfacts.org/images/products/021/250/148/6904/front_ar.3.400.jpg,,
dump,0214100101967,,,,,,,,,,,https://images.openfoodfacts.org/images/products/021/410/010/1967/front_en.3.400.jpg,,
dump,0214401872672,,,,,,,,,,,https://images.openfoodfacts.org/images/products/021/440/187/2672/front_en.3.400.jpg,,
dump,0214401872931,"Natural Light Yoghurt",,"Natural Light Yoghurt",,Almarai,xx:almarai,,,,,https://images.openfoodfacts.org/images/products/021/440/187/2931/front_en.3.400.jpg,,
dump,0214402592647,"Hohos mix",,"Hohos mix",,,,,,,,https://images.openfoodfacts.org/images/products/021/440/259/2647/front_en.3.400.jpg,,
dump,0214403800024,"ديجستف مينز  دارك",,"ديجستف مينز  دارك",,,,,,,,https://images.openfoodfacts.org/images/products/021/440/380/0024/front_en.3.400.jpg,,
dump,0214403804640,"ديجستف اورجنال 250جم",,"ديجستف اورجنال 250جم",,,,,,,,https://images.openfoodfacts.org/images/products/021/440/380/4640/front_en.3.400.jpg,,
dump,0214404760945,"فشار ابو عوف كراميل وقرفه",,"فشار ابو عوف كراميل وقرفه",,,,,,,,https://images.openfoodfacts.org/images/products/021/440/476/0945/front_en.3.400.jpg,,
dump,0214406520554,,,,,,,,,,,https://images.openfoodfacts.org/images/products/021/440/652/0554/front_en.3.400.jpg,,
dump,0214411431838,"فشار ابو عوف شوكولاته وكرميل",,"فشار ابو عوف شوكولاته وكرميل",,,,,,,,https://images.openfoodfacts.org/images/products/021/441/143/1838/front_en.3.400.jpg,,
dump,0220810466111,"برو بروتين راسبري",,"برو بروتين راسبري",,,,,,,,https://images.openfoodfacts.org/images/products/022/081/046/6111/front_en.3.400.jpg,,
dump,0221203583071,"Kitkat rasberry blast",,"Kitkat rasberry blast",,,,,,,,https://images.openfoodfacts.org/images/products/022/120/358/3071/front_en.3.400.jpg,,
dump,0222222222222,vv,,vv,,vv,xx:vv,22,,,,,,
dump,0222371705371,,,,,,,"200 g",200,,,,,
dump,0222455002174,"Cream Of Mushroom Soup",,"Cream Of Mushroom Soup",,Knorr,xx:knorr,,,,,,,
dump,0223004391060,,,,,,,,,,,https://images.openfoodfacts.org/images/products/022/300/439/1060/front_ar.5.400.jpg,,
dump,0223600410097,Keshta,,Keshta,,,,,,,,https://images.openfoodfacts.org/images/products/022/360/041/0097/front_en.3.400.jpg,,
dump,0225403630887,"Adore Crispy",,"Adore Crispy",,,,,,,,https://images.openfoodfacts.org/images/products/022/540/363/0887/front_en.3.400.jpg,,
dump,0225444556351,,,,,,,,,,,https://images.openfoodfacts.org/images/products/022/544/455/6351/front_en.3.400.jpg,,
dump,0225452505235,"قرفه عود",,"قرفه عود",,,,,,,,https://images.openfoodfacts.org/images/products/022/545/250/5235/front_en.3.400.jpg,,
dump,0245522420428,"ميترا بذور ريحان أناناس",,"ميترا بذور ريحان أناناس",,,,,,,,https://images.openfoodfacts.org/images/products/024/552/242/0428/front_en.3.400.jpg,,
dump,0254000432235,"Fino Bread",,"Fino Bread",,"Rick Bake",xx:rick-bake,,,,,,,
dump,0268414310928,,,,,,,,,,,https://images.openfoodfacts.org/images/products/026/841/431/0928/front_en.3.400.jpg,,
dump,0270400335600,,,,,,,,,,,https://images.openfoodfacts.org/images/products/027/040/033/5600/front_en.3.400.jpg,,
dump,0270431003738,"كراتشي سجق حار",,"كراتشي سجق حار",,,,,,,,,,
dump,0272512121416,"فيتراك فراوله",,"فيتراك فراوله",,,,,,,,https://images.openfoodfacts.org/images/products/027/251/212/1416/front_en.3.400.jpg,,
dump,0273410521650,"كاي بروتين بافس هلابينو",,"كاي بروتين بافس هلابينو",,,,"32 g",32,,,https://images.openfoodfacts.org/images/products/027/341/052/1650/front_en.3.400.jpg,,
dump,0273698206058,,,,,"النيل الابيض white nile",xx:النيل-الابيض-white-nile,,,,en:عيش,https://images.openfoodfacts.org/images/products/027/369/820/6058/front_en.7.400.jpg,,
dump,0274800411568,"Og. بسكويت ويفر با شكولاته",,"Og. بسكويت ويفر با شكولاته",,,,,,,,https://images.openfoodfacts.org/images/products/027/480/041/1568/front_en.3.400.jpg,,
dump,0277504634073,,,,,,,,,,,https://images.openfoodfacts.org/images/products/027/750/463/4073/front_ar.3.400.jpg,,
dump,0285604360938,"فشار  ابو عوف كراميل",,"فشار  ابو عوف كراميل",,,,,,,,https://images.openfoodfacts.org/images/products/028/560/436/0938/front_en.3.400.jpg,,
dump,0286401929977,,,,,,,,,,,https://images.openfoodfacts.org/images/products/028/640/192/9977/front_en.3.400.jpg,,
dump,0289003004394,,,,,,,,,,,https://images.openfoodfacts.org/images/products/028/900/300/4394/front_ar.7.400.jpg,,
dump,0290401929318,"زيرو سبريد فسدق",,"زيرو سبريد فسدق",,,,,,,,https://images.openfoodfacts.org/images/products/029/040/192/9318/front_en.3.400.jpg,,
dump,0291402087366,,,,,,,,,,,https://images.openfoodfacts.org/images/products/029/140/208/7366/front_ar.3.400.jpg,,
dump,0294600495124,,,,,,,,,,,https://images.openfoodfacts.org/images/products/029/460/049/5124/front_ar.3.400.jpg,,
dump,0294602383375,HiPRO,,HiPRO,,,,,,,,https://images.openfoodfacts.org/images/products/029/460/238/3375/front_en.3.400.jpg,,
dump,0294611437236,"ابو عوف معمول فروله",,"ابو عوف معمول فروله",,,,,,,,https://images.openfoodfacts.org/images/products/029/461/143/7236/front_en.3.400.jpg,,
dump,0295995004274,"white Egyptian Rice",,"white Egyptian Rice",,Breadfast,breadfast,,,,,,,
dump,0296000430231,"High Protein Toast",,"High Protein Toast",,"Rich Bake",xx:rich-bake,,,,,,,
dump,0299241312427,"لبن لوز 1 لتر",,"لبن لوز 1 لتر",,,,,,,,https://images.openfoodfacts.org/images/products/029/924/131/2427/front_en.3.400.jpg,,
dump,0301528035100,,,,,,,,,,,https://images.openfoodfacts.org/images/products/030/152/803/5100/front_ar.3.400.jpg,,
dump,03098513,,,,,,,,,,,https://images.openfoodfacts.org/images/products/000/000/309/8513/front_en.3.400.jpg,,
dump,0310501802301,"ديم شوكولاته",,"ديم شوكولاته",,,,,,,,https://images.openfoodfacts.org/images/products/031/050/180/2301/front_en.3.400.jpg,,
dump,0311571500296,"فريز موجيتو فراوله",,"فريز موجيتو فراوله",,,,,,,,https://images.openfoodfacts.org/images/products/031/157/150/0296/front_en.3.400.jpg,,
dump,03120266,,,,,,,,,,,https://images.openfoodfacts.org/images/products/000/000/312/0266/front_ar.4.400.jpg,,
dump,0386054067016,,,,,,,,,,,https://images.openfoodfacts.org/images/products/038/605/406/7016/front_en.3.400.jpg,,
dump,0401436416906,"Bebto sour sticks",,"Bebto sour sticks",,,,,,,,https://images.openfoodfacts.org/images/products/040/143/641/6906/front_en.4.400.jpg,,
dump,0417455124623,كنور,,كنور,,,,,,,,,,
dump,0437344438457,"Oat Rings",,"Oat Rings",,Verde,verde,,,,,,,
dump,0437634440320,"لبن بخيره",,"لبن بخيره",,,,"نص لتر",,,,,,
dump,0457054116742,"Fini mures&framboises",,"Fini mures&framboises",,,,,,,,https://images.openfoodfacts.org/images/products/045/705/411/6742/front_en.3.400.jpg,,
dump,04840408,"milky fedt",,"milky fedt",,torku,torku,"200 pcs hard candy",0,,en:snacks|en:sweet-snacks|en:confectioneries|en:candies,,,
dump,0500519340043,,,,,,,,,,,,,
dump,0504445560407,"Smoochy strawberry",,"Smoochy strawberry",,,,,,,,https://images.openfoodfacts.org/images/products/050/444/556/0407/front_en.3.400.jpg,,
dump,0512484414124,Maamoul,,Maamoul,,"T'chew crew",xx:t-chew-crew,,,,,https://images.openfoodfacts.org/images/products/051/248/441/4124/front_en.3.400.jpg,,
dump,0515910555057,"Bake rolz ketchup",,"Bake rolz ketchup",,,,,,,,,,
dump,0531834848051,"ميترا بذور ريحان بطيخ",,"ميترا بذور ريحان بطيخ",,,,,,,,https://images.openfoodfacts.org/images/products/053/183/484/8051/front_en.3.400.jpg,,
dump,0533402921951,"لينا فارمز بستاشير",,"لينا فارمز بستاشير",,,,,,,,https://images.openfoodfacts.org/images/products/053/340/292/1951/front_en.3.400.jpg,,
dump,0537000451254,,,,,,,,,,,https://images.openfoodfacts.org/images/products/053/700/045/1254/front_ar.5.400.jpg,,
dump,0576552065311,,,,,,,,,,,https://images.openfoodfacts.org/images/products/057/655/206/5311/front_en.3.400.jpg,,
dump,0605459345261,"اوريو 5 قطع",,"اوريو 5 قطع",,,,,,,,https://images.openfoodfacts.org/images/products/060/545/934/5261/front_en.3.400.jpg,,
dump,0612101336560,,,,,,,,,,,https://images.openfoodfacts.org/images/products/061/210/133/6560/front_en.3.400.jpg,,
dump,0616050684918,"Sukkary Dates",,"Sukkary Dates",,"Al Yassin",xx:al-yassin,1kg,1000,,en:summary-dates,https://images.openfoodfacts.org/images/products/061/605/068/4918/front_en.3.400.jpg,,
dump,0622000060008,"Beurre d'érable - Bretelles",,"Beurre d'érable - Bretelles",,,,,,,,,,
dump,0622002111678,"Tortitas de arroz",,"Tortitas de arroz",,Auchan,auchan,,,,,,,
dump,0622004069076,"Ovomaltine Drink",,"Ovomaltine Drink",,Ovomaltine,ovomaltine,,,,,,,
dump,0622090584453,"Compal Manga Laranja",,"Compal Manga Laranja",,Compal,compal,,,,,https://images.openfoodfacts.org/images/products/062/209/058/4453/front_en.3.400.jpg,,
dump,0622127006620,"Fried calamari",,"Fried calamari",,Mama’schoice,mama-schoice,,,,,,,
dump,0622131914522,"Raclette Chili",,"Raclette Chili",,,,,,,,,,
dump,0622149034496,"Bolacha Diese",,"Bolacha Diese",,,,,,,,,,
dump,0622201010611,"Extra τυρογαριδάκια",,"Extra τυρογαριδάκια",,,,,,,,,,
dump,0622261129667,"Mozzarella Cheese Reduce Fat - String Cheese",,"Mozzarella Cheese Reduce Fat - String Cheese",,,,,,,,,,
dump,0622267559932,"Everything  Bagel Cashews",,"Everything  Bagel Cashews",,Giant,giant,,,,,,,
dump,0622300508824,,,,,,,,,,,,,
dump,0622314181970,"Hummus bio",,"Hummus bio",,Aerahova,aerahova,,,,,,,
dump,0622380000748,"Substitue de repas",,"Substitue de repas",,Promis,promis,,,,,,,
dump,0622428002185,"Crvena paprika namaz",,"Crvena paprika namaz",,Argeta,argeta,,,,,,,
dump,0622460060013,"Gruyère râpé",,"Gruyère râpé",,Migros,migros,,,,,,,
dump,0622493634175,"Fire roasted vegetables",,"Fire roasted vegetables",,,,,,,,,,
dump,0622504010189,FLORALP,,FLORALP,,,,,,,,,,
dump,0622559663392,"Rillettes saumon ciboulette",,"Rillettes saumon ciboulette",,Gastromer,gastromer,,,,en:seafood|en:fishes-and-their-products|en:fishes|en:spreads|en:salted-spreads|en:rillettes|en:fish-preparations|en:fish-rillettes|en:salmon-rillettes,,,
dump,0622580000784,"Natives olivenöl",,"Natives olivenöl",,,,,,,,,,
dump,0622590365521,"Cacahouète et caramel",,"Cacahouète et caramel",,Milka,milka,,,,,,,
dump,0622631000060,"Chaussée aux moines",,"Chaussée aux moines",,,,,,,,https://images.openfoodfacts.org/images/products/062/263/100/0060/front_en.3.400.jpg,,
dump,0622670139127,"Bj trail mix",,"Bj trail mix",,,,,,,,,,
dump,0622810120701,"Sub Bun",,"Sub Bun",,,,,,,,,,
dump,0622887921119,"Black Beans",,"Black Beans",,"Simple Truth",simple-truth,,,,,https://images.openfoodfacts.org/images/products/062/288/792/1119/front_en.3.400.jpg,,
dump,0622998316804,"West End Cuisine Chicken Skewers",,"West End Cuisine Chicken Skewers",,"West End Cuisine",xx:west-end-cuisine,,,,,,,
dump,0625273036022,,,,,,,,,,,,,
dump,0625273038255,Mélatonine,,Mélatonine,,,,,,,,https://images.openfoodfacts.org/images/products/062/527/303/8255/front_fr.3.400.jpg,,
dump,0633710170178,,,,,,,,,,,https://images.openfoodfacts.org/images/products/063/371/017/0178/front_ar.5.400.jpg,,
dump,0633710171366,,,,,,,,,,ar:عصائر-و-مشروبات,,,
dump,0634240031267,,,,,,,,,,,,,
dump,0634240129599,"Hydro Protein",,"Hydro Protein",,Marvelous,marvelous,,,,,,,
dump,0634240148798,,,,,,,,,,,https://images.openfoodfacts.org/images/products/063/424/014/8798/front_ar.3.400.jpg,,
dump,0651219102025,"Cheese sticks",,"Cheese sticks",,,,,,,,https://images.openfoodfacts.org/images/products/065/121/910/2025/front_fr.3.400.jpg,,
dump,0654542222330,6000614,,6000614,,"Start BROOK",start-brook,200g,200,,,https://images.openfoodfacts.org/images/products/065/454/222/2330/front_en.3.400.jpg,,
dump,0667550727711,"lily and green tea",,"lily and green tea",,,,,,,,,,
dump,0684417815671,"Lean Premium Protein Strawberry Shortcake",,"Lean Premium Protein Strawberry Shortcake",,,,,,,,https://images.openfoodfacts.org/images/products/068/441/781/5671/front_fr.3.400.jpg,,
dump,0690500081076,"ديجستف سنس",,"ديجستف سنس",,,,,,,,https://images.openfoodfacts.org/images/products/069/050/008/1076/front_en.3.400.jpg,,
dump,0690544550743,Hero,,Hero,,,,,,,,https://images.openfoodfacts.org/images/products/069/054/455/0743/front_en.4.400.jpg,,
dump,0692202258312,"Milka Noisette",,"Milka Noisette",,,,,,,,,,
dump,0692759311638,oreo,,oreo,,,,,,,,https://images.openfoodfacts.org/images/products/069/275/931/1638/front_en.3.400.jpg,,
dump,0692901282175,,,,,,,,,,,https://images.openfoodfacts.org/images/products/069/290/128/2175/front_en.3.400.jpg,,
dump,0707010731060,Tahina,,Tahina,,,,,,,,https://images.openfoodfacts.org/images/products/070/701/073/1060/front_en.3.400.jpg,,
dump,0707828405115,"Peanut Butter Creamy",,"Peanut Butter Creamy",,,,340g,340,,en:plant-based-foods-and-beverages|en:plant-based-foods|en:legumes-and-their-products|en:spreads|en:plant-based-spreads|en:oilseed-purees|en:legume-butters|en:peanut-butters,,,
dump,0710535625004,,,,,,,,,,,,,
dump,0710535625387,,,,,,,,,,,https://images.openfoodfacts.org/images/products/071/053/562/5387/front_en.3.400.jpg,,
dump,0721688848059,"Chocolate Brownie Protein Bar",,"Chocolate Brownie Protein Bar",,MR99,xx:mr99,"70 g",70,,,,,
dump,0724089202161,"Small Cat",,"Small Cat",,elanco,xx:elanco,0.014.oz.(0.4mL),0.4,,,,,
dump,0725765236852,"Fit Bar",,"Fit Bar",,Fit,xx:fit,,,,,https://images.openfoodfacts.org/images/products/072/576/523/6852/front_en.4.400.jpg,,
dump,0725765663191,"Superior Light Soy Sauce",,"Superior Light Soy Sauce",,Zumra,xx:zumra,,,,,,,
dump,0725765691033,"جيلي توت",,"جيلي توت",,,,,,,,https://images.openfoodfacts.org/images/products/072/576/569/1033/front_en.3.400.jpg,,
dump,0725765692207,"Big Tasty",,"Big Tasty",,"Healthy And Tasty",xx:healthy-and-tasty,,,,,,,
dump,0725765692245,"Spicy Mayonnaise",,"Spicy Mayonnaise",,"Healthy & Tasty",xx:healthy-tasty,,,,,,,
dump,0725765692252,"Honey Mustard",,"Honey Mustard",,Healthy&Tasty,xx:healthy-tasty,,,,,https://images.openfoodfacts.org/images/products/072/576/569/2252/front_en.4.400.jpg,,
dump,0725765692290,"Sweet Chilli",,"Sweet Chilli",,"Healthy & Tasty",xx:healthy-tasty,,,,,,,
dump,0725765695581,"Green Apple Cola",,"Green Apple Cola",,"Healthy & Tasty",xx:healthy-tasty,,,,,https://images.openfoodfacts.org/images/products/072/576/569/5581/front_en.3.400.jpg,,
dump,0725765711052,"فيردي اسبريد",,"فيردي اسبريد",,,,,,,,https://images.openfoodfacts.org/images/products/072/576/571/1052/front_en.3.400.jpg,,
dump,0725765711090,"Verde Sugar Free Digestive",,"Verde Sugar Free Digestive",,Verde,xx:verde,180g,180,,,https://images.openfoodfacts.org/images/products/072/576/571/1090/front_en.4.400.jpg,,
dump,0725765711731,moahe,,moahe,,mahmoud,mahmoud,70,,,,https://images.openfoodfacts.org/images/products/072/576/571/1731/front_en.3.400.jpg,,
dump,0728990387603,"AlKaif Arabic Coffee",,"AlKaif Arabic Coffee",AlKif,"The Coffee Boutique",xx:the-coffee-boutique,1,,,en:plant-based-foods-and-beverages|en:plant-based-foods|en:coffees|en:ground-coffees,https://images.openfoodfacts.org/images/products/072/899/038/7603/front_en.16.400.jpg,,
dump,0728990387627,Espresso,,Espresso,Espresso,"The Coffee Boutique",the-coffee-boutique,"250 g",250,,en:plant-based-foods-and-beverages|en:plant-based-foods|en:coffees|en:ground-coffees,https://images.openfoodfacts.org/images/products/072/899/038/7627/front_en.4.400.jpg,,
dump,0728990387634,Othmaneya,,Othmaneya,Othmaneya,"The Coffee Boutique",the-coffee-boutique,"250 g",250,,en:plant-based-foods-and-beverages|en:plant-based-foods|en:coffees|en:ground-coffees,https://images.openfoodfacts.org/images/products/072/899/038/7634/front_en.7.400.jpg,,
dump,0728990387641,Rivera,,Rivera,Rivera,"The Coffee Boutique",the-coffee-boutique,"250 g",250,,en:plant-based-foods-and-beverages|en:plant-based-foods|en:coffees|en:ground-coffees,https://images.openfoodfacts.org/images/products/072/899/038/7641/front_en.3.400.jpg,,
dump,0728990387740,"French Coffee Light",,"French Coffee Light","French Coffee Light","Alameed Coffee Roasters & Mills",alameed-coffee-roasters-mills,"250 g",250,,en:plant-based-foods-and-beverages|en:plant-based-foods|en:coffees|en:ground-coffees,https://images.openfoodfacts.org/images/products/072/899/038/7740/front_en.3.400.jpg,,
dump,0733603091785,"Hand Cooked Potato Chips Hot Chilli Peppers",,"Hand Cooked Potato Chips Hot Chilli Peppers",,"Hunter's Gourmet",xx:hunter-s-gourmet,,,,,https://images.openfoodfacts.org/images/products/073/360/309/1785/front_en.3.400.jpg,,
dump,0733603098371,,,,,,,,,,,https://images.openfoodfacts.org/images/products/073/360/309/8371/front_en.3.400.jpg,,
dump,0733603101002,"هنترز بطاطس جورميه بالفلفل الكوري",,"هنترز بطاطس جورميه بالفلفل الكوري",,هنترز,xx:هنترز,150جرام,150,,,https://images.openfoodfacts.org/images/products/073/360/310/1002/front_en.3.400.jpg,,
dump,0733603101064,"هنترز جورميه بطاطس بالفلفل الكوري",,"هنترز جورميه بطاطس بالفلفل الكوري",,هنترز,xx:هنترز,40جرام,40,,,https://images.openfoodfacts.org/images/products/073/360/310/1064/front_en.3.400.jpg,,
dump,0735202421123,Cashews,,Cashews,,Nutzzi,xx:nutzzi,,,,,,,
dump,0735745000229,"Double fudge brownie",,"Double fudge brownie",,Digs,xx:digs,,,,,https://images.openfoodfacts.org/images/products/073/574/500/0229/front_en.3.400.jpg,,
dump,0736542035506,protien,,protien,,"RIO PROFESSIONAL",rio-professional,"SIZE 1000 ML",1000,,,https://images.openfoodfacts.org/images/products/073/654/203/5506/front_ar.13.400.jpg,,
dump,0736832639827,"بطاطس نعمان بنكهة الفلفل الحار",,"بطاطس نعمان بنكهة الفلفل الحار","بطاطس نعمان","الشركة اليمنية لصناعة المواد الغذائية الخفيفة",الشركة-اليمنية-لصناعة-المواد-الغذائية-الخفيفة,وسط,0,,en:plant-based-foods-and-beverages|en:plant-based-foods|en:snacks|en:cereals-and-potatoes|en:salty-snacks|en:appetizers|en:chips-and-fries|en:crisps|en:potato-crisps|en:flavoured-potato-crisps,https://images.openfoodfacts.org/images/products/073/683/263/9827/front_en.3.400.jpg,,
dump,0736832639834,"بطاطس نعمان",,"بطاطس نعمان",,"الشركة اليمنية لصناعة المواد الغذائية",الشركة-اليمنية-لصناعة-المواد-الغذائية,"حجم وسط",0,,en:plant-based-foods-and-beverages|en:plant-based-foods|en:snacks|en:cereals-and-potatoes|en:salty-snacks|en:appetizers|en:chips-and-fries|en:crisps|en:potato-crisps|en:flavoured-potato-crisps,https://images.openfoodfacts.org/images/products/073/683/263/9834/front_en.3.400.jpg,,
dump,0736832639841,"بطاطس نعمان بنكهة الجبنة الفرنسية",,"بطاطس نعمان بنكهة الجبنة الفرنسية",,"الشركة اليمنية لصناعة المواد الغذائية",الشركة-اليمنية-لصناعة-المواد-الغذائية,medium,0,,en:plant-based-foods-and-beverages|en:plant-based-foods|en:snacks|en:cereals-and-potatoes|en:salty-snacks|en:appetizers|en:chips-and-fries|en:crisps|en:potato-crisps|en:flavoured-potato-crisps,https://images.openfoodfacts.org/images/products/073/683/263/9841/front_en.4.400.jpg,,
dump,0736832639896,"بطاطس نعمان بنكهة الملح والخا",,"بطاطس نعمان بنكهة الملح والخا",,"الشركة اليمنية لصناعة المواد الغذائية",الشركة-اليمنية-لصناعة-المواد-الغذائية,medium,0,,en:plant-based-foods-and-beverages|en:plant-based-foods|en:snacks|en:cereals-and-potatoes|en:salty-snacks|en:appetizers|en:chips-and-fries|en:crisps|en:potato-crisps|en:flavoured-potato-crisps,https://images.openfoodfacts.org/images/products/073/683/263/9896/front_en.3.400.jpg,,
dump,0740985227022,Sentry,,Sentry,,,,,,,,https://images.openfoodfacts.org/images/products/074/098/522/7022/front_en.6.400.jpg,,
dump,0743407325009,"bon cafe-colombia",,"bon cafe-colombia",,,,,,,,https://images.openfoodfacts.org/images/products/074/340/732/5009/front_en.3.400.jpg,,
dump,0745060003706,"Owo coconut vanilla",,"Owo coconut vanilla",,,,,,,,https://images.openfoodfacts.org/images/products/074/506/000/3706/front_en.3.400.jpg,,
dump,0745110276500,"Buckwheat Pasta",,"Buckwheat Pasta",,Nabtah,xx:nabtah,,,,,,,
dump,0745110402558,,,,,,,,,,,,,
dump,0745114565273,"bruz mango protein 10g",,"bruz mango protein 10g",,,,,,,,https://images.openfoodfacts.org/images/products/074/511/456/5273/front_en.3.400.jpg,,
dump,0745125149189,"Vanilla Be Pro Protein Shake",,"Vanilla Be Pro Protein Shake",,"Be Pro+",xx:be-pro,,,,,https://images.openfoodfacts.org/images/products/074/512/514/9189/front_en.3.400.jpg,,
dump,0745125149196,"Be Pro Coffee Protein Drink",,"Be Pro Coffee Protein Drink",,"Be Pro",xx:be-pro,,,,,https://images.openfoodfacts.org/images/products/074/512/514/9196/front_en.3.400.jpg,,
dump,0745125149202,"Be Pro +",,"Be Pro +",,"Be Pro",be-pro,,,,,,,
dump,0745125149257,"No Sugar Higher Protein Ice cream",,"No Sugar Higher Protein Ice cream",,Daniz,xx:daniz,,,,,,,
dump,0745125694030,,,,,,,,,,,https://images.openfoodfacts.org/images/products/074/512/569/4030/front_en.3.400.jpg,,
dump,0745125694047,,,,,,,,,,,https://images.openfoodfacts.org/images/products/074/512/569/4047/front_en.3.400.jpg,,
dump,0745125694054,"mirotella hazelnut",,"mirotella hazelnut",,,,,,,,https://images.openfoodfacts.org/images/products/074/512/569/4054/front_en.3.400.jpg,,
dump,0745125694207,,,,,,,,,,,https://images.openfoodfacts.org/images/products/074/512/569/4207/front_en.3.400.jpg,,
dump,0745125694498,,,,,,,,,,,https://images.openfoodfacts.org/images/products/074/512/569/4498/front_en.3.400.jpg,,
dump,0745178143424,"Matcha Rose Rice Crispy Square",,"Matcha Rose Rice Crispy Square",,"Granville ST Egypt",xx:granville-st-egypt,,,,,https://images.openfoodfacts.org/images/products/074/517/814/3424/front_en.3.400.jpg,,
dump,0745604856027,"Ranch Sauce",,"Ranch Sauce",,Primo's,xx:primo-s,,,,,,,
dump,0745760017003,"Own dates bar",,"Own dates bar",,,,,,,,https://images.openfoodfacts.org/images/products/074/576/001/7003/front_en.4.400.jpg,,
dump,0745760017010,"Own canberry bar",,"Own canberry bar",,,,,,,,https://images.openfoodfacts.org/images/products/074/576/001/7010/front_en.4.400.jpg,,
dump,0745760017034,"Own classic",,"Own classic",,,,,,,,https://images.openfoodfacts.org/images/products/074/576/001/7034/front_en.4.400.jpg,,
dump,0745760017706,"Coconut vanilla crisb",,"Coconut vanilla crisb",,,,,,,,https://images.openfoodfacts.org/images/products/074/576/001/7706/front_en.3.400.jpg,,
dump,0745760017713,"Almond caramel crisp",,"Almond caramel crisp",,own,xx:own,,,,,https://images.openfoodfacts.org/images/products/074/576/001/7713/front_en.6.400.jpg,,
dump,0745760017720,"Peanut caramel crisp",,"Peanut caramel crisp",,,,"35 g",35,,,https://images.openfoodfacts.org/images/products/074/576/001/7720/front_en.3.400.jpg,,
dump,0745760017874,"Own strawberry",,"Own strawberry",,Own,xx:own,"70 g",70,,,https://images.openfoodfacts.org/images/products/074/576/001/7874/front_en.10.400.jpg,,
dump,0745760017881,"Own apple pie",,"Own apple pie",,OWN,xx:own,70g,70,,,https://images.openfoodfacts.org/images/products/074/576/001/7881/front_en.15.400.jpg,,
dump,0745760017904,"Own Peanut carmel nut chunks",,"Own Peanut carmel nut chunks",,,,70g,70,,,https://images.openfoodfacts.org/images/products/074/576/001/7904/front_en.6.400.jpg,,
dump,0745760993833,شربات,,شربات,,,,,,,,https://images.openfoodfacts.org/images/products/074/576/099/3833/front_en.3.400.jpg,,
dump,0746248612864,"Candy can marshmallow",,"Candy can marshmallow",,,,,,,,https://images.openfoodfacts.org/images/products/074/624/861/2864/front_en.3.400.jpg,,
dump,0750258035315,Mojo,,Mojo,,,,"710 ml",710,,,https://images.openfoodfacts.org/images/products/075/025/803/5315/front_en.3.400.jpg,,
dump,0754444044112,"سنيكرز ويفر رول",,"سنيكرز ويفر رول",,,,,,,,https://images.openfoodfacts.org/images/products/075/444/404/4112/front_en.3.400.jpg,,
dump,0762571500135,"فريز ليتشي",,"فريز ليتشي",,,,,,,,https://images.openfoodfacts.org/images/products/076/257/150/0135/front_en.3.400.jpg,,
dump,0764460447026,"JUST FRUITS",,"JUST FRUITS",,"JUST FRUITS",just-fruits,110,0,,en:plant-based-foods-and-beverages|en:plant-based-foods|en:fruits-and-vegetables-based-foods|en:desserts|en:fruits-based-foods|en:compotes|en:apple-compotes|en:banana-apple-compotes|en:compotes-to-drink|en:mashed-fruits|en:puree-fruits,https://images.openfoodfacts.org/images/products/076/446/044/7026/front_en.13.400.jpg,,"Made in Egypt"
dump,0764460546675,"Isolate Pea Protein Powder",,"Isolate Pea Protein Powder",,"Ole Nutrients",xx:ole-nutrients,,,,,https://images.openfoodfacts.org/images/products/076/446/054/6675/front_en.3.400.jpg,,
dump,0769503575353,"Morceaux De Maquereaux À La Sauce Tomate",,"Morceaux De Maquereaux À La Sauce Tomate",,Marsa,xx:marsa,,,,en:seafood|en:fishes-and-their-products|en:fishes|en:fatty-fishes|en:fish-fillets|en:mackerels|en:mackerel-fillets|en:non-open-products-facts,https://images.openfoodfacts.org/images/products/076/950/357/5353/front_ar.5.400.jpg,,
dump,0769503880266,,,,,,,,,,,,,
dump,0776992500094,,,,,,,,,,,https://images.openfoodfacts.org/images/products/077/699/250/0094/front_en.3.400.jpg,,
dump,0779977997767,new,,new,,new,xx:new,,,,,,,
dump,0780627874894,,,,,,,,,,,https://images.openfoodfacts.org/images/products/078/062/787/4894/front_ar.5.400.jpg,,
dump,0787416423332,"سكويز برتقال جوافة  لتر",,"سكويز برتقال جوافة  لتر",,,,,,,,https://images.openfoodfacts.org/images/products/078/741/642/3332/front_en.4.400.jpg,,
dump,0787416423349,"سكويز برتقال جوافة ٢٥٠ ملي",,"سكويز برتقال جوافة ٢٥٠ ملي",,,,,,,,https://images.openfoodfacts.org/images/products/078/741/642/3349/front_en.5.400.jpg,,
dump,07878862,,,,,,,,,,,https://images.openfoodfacts.org/images/products/000/000/787/8862/front_en.3.400.jpg,,
dump,0795697031795,"Spicy Korean Popcorn",,"Spicy Korean Popcorn",,Chillout,xx:chillout,,,,,,,
dump,0795697031948,"Baked Oat Rings",,"Baked Oat Rings",,"Chill Out",xx:chill-out,,,,,,,
dump,0795697032082,"Sweet Chili Oat Chips",,"Sweet Chili Oat Chips",,"Chill Out",xx:chill-out,,,,,,,
dump,0795697046430,"دوبي كبسولات",,"دوبي كبسولات",,,,,,,,https://images.openfoodfacts.org/images/products/079/569/704/6430/front_en.3.400.jpg,,
dump,0795697052974,"لينتل بافس هاني موسترده",,"لينتل بافس هاني موسترده",,"Lite Bite",xx:lite-bite,,,,,https://images.openfoodfacts.org/images/products/079/569/705/2974/front_en.5.400.jpg,,
dump,0795697053049,"Whey Protein Bar Cookies and Cream",,"Whey Protein Bar Cookies and Cream",,"Lite Bite",lite-bite,,,,,,,
dump,0795697053056,"Protein Bar",,"Protein Bar",,"Lite Bite",xx:lite-bite,,,,,https://images.openfoodfacts.org/images/products/079/569/705/3056/front_en.4.400.jpg,,
dump,0795697093458,"ماسيمو ناتس بستاشيو",,"ماسيمو ناتس بستاشيو",,,,,,,,https://images.openfoodfacts.org/images/products/079/569/709/3458/front_en.3.400.jpg,,
dump,0795697102723,"شكلاته بيضه بالفسدق الحلبي",,"شكلاته بيضه بالفسدق الحلبي",,,,,,,,https://images.openfoodfacts.org/images/products/079/569/710/2723/front_en.3.400.jpg,,
dump,0795697136681,,,,,,,,,,,https://images.openfoodfacts.org/images/products/079/569/713/6681/front_en.3.400.jpg,,
dump,0795697136841,,,,,,,,,,,https://images.openfoodfacts.org/images/products/079/569/713/6841/front_en.3.400.jpg,,
dump,0795697136872,,,,,,,,,,,https://images.openfoodfacts.org/images/products/079/569/713/6872/front_en.3.400.jpg,,
dump,0795697296262,"Dr. Foods Natural Arabic Gum Powder – 75g",,"Dr. Foods Natural Arabic Gum Powder – 75g","Natural Arabic Gum Powder","DR. FOODS",xx:dr-foods,75g,75,,en:healthy-food,,,
dump,0796648171553,,,,,,,,,,en:snacks|en:sweet-snacks|en:confectioneries|en:chewing-gum|en:digest,,,
dump,0810044572285,preworkou,,preworkou,,"redcorn 1",redcorn-1,"about 14gm",14,,,https://images.openfoodfacts.org/images/products/081/004/457/2285/front_en.3.400.jpg,,
dump,0810113012735,"Prime red chill",,"Prime red chill",,,,,,,,https://images.openfoodfacts.org/images/products/081/011/301/2735/front_en.3.400.jpg,,
dump,0810116126682,PRlME,,PRlME,,,,,,,,https://images.openfoodfacts.org/images/products/081/011/612/6682/front_en.3.400.jpg,,
dump,0810116127696,"PRIME HYDRATION ORANGE",,"PRIME HYDRATION ORANGE",,,,,,,,https://images.openfoodfacts.org/images/products/081/011/612/7696/front_en.3.400.jpg,,
dump,0810116128037,"Prime future freeze",,"Prime future freeze",,,,,,,,https://images.openfoodfacts.org/images/products/081/011/612/8037/front_en.5.400.jpg,,
dump,0810116128044,PRIMEERLInGHAALAnO,,PRIMEERLInGHAALAnO,,,,,,,,https://images.openfoodfacts.org/images/products/081/011/612/8044/front_en.3.400.jpg,,
dump,0815195017128,"Power stick",,"Power stick",,,,,,,,,,
dump,0816907010369,"1234 deit drops",,"1234 deit drops",,,,,,,,https://images.openfoodfacts.org/images/products/081/690/701/0369/front_fr.3.400.jpg,,
dump,0820415402110,,,,,,,,,,,,,
dump,0853237000066,,,,,,,,,,,https://images.openfoodfacts.org/images/products/085/323/700/0066/front_en.3.400.jpg,,
dump,0854090046024,,,,,,,,,,,https://images.openfoodfacts.org/images/products/085/409/004/6024/front_en.3.400.jpg,,
dump,0859613220004,"جاري التحميل…",,"جاري التحميل…",,,,,,,,,,
dump,0884394001597,"Aloevera king Grape",,"Aloevera king Grape",,,,,,,,https://images.openfoodfacts.org/images/products/088/439/400/1597/front_en.3.400.jpg,,
dump,0884394001610,"Aloevera king mango",,"Aloevera king mango",,,,,,,,https://images.openfoodfacts.org/images/products/088/439/400/1610/front_en.3.400.jpg,,
dump,0888793803158,"Hp ink",,"Hp ink",,,,,,,,,,
dump,0892728706001,"Medjool dark chocolate almond 1/2 kg",,"Medjool dark chocolate almond 1/2 kg",,,,,,,,https://images.openfoodfacts.org/images/products/089/272/870/6001/front_en.3.400.jpg,,
dump,0900000064333,,,,,,,,,,,https://images.openfoodfacts.org/images/products/090/000/006/4333/front_en.3.400.jpg,,
dump,0927227875689,"Korea chili powder",,"Korea chili powder",,,,1kg,1000,,,https://images.openfoodfacts.org/images/products/092/722/787/5689/front_en.3.400.jpg,,
dump,0934000108063,"بروتين بار ريفل",,"بروتين بار ريفل",,,,,,,,https://images.openfoodfacts.org/images/products/093/400/010/8063/front_en.3.400.jpg,,
dump,0948394664128,"Omega-3 plus",,"Omega-3 plus",,,,"100 mg",0.1,,,https://images.openfoodfacts.org/images/products/094/839/466/4128/front_en.4.400.jpg,,
dump,0955092032722,"لينا فارمز بندق",,"لينا فارمز بندق",,,,,,,,https://images.openfoodfacts.org/images/products/095/509/203/2722/front_en.3.400.jpg,,
dump,0974800018797,"Og lemon",,"Og lemon",,,,,,,,https://images.openfoodfacts.org/images/products/097/480/001/8797/front_en.3.400.jpg,,
dump,0979342903297,"فريش ليمون",,"فريش ليمون",,,,,,,,https://images.openfoodfacts.org/images/products/097/934/290/3297/front_en.3.400.jpg,,
dump,1040500000079,سودانية,,سودانية,,"أبو عمر",xx:أبو-عمر,,,,,,,
dump,12972005,"Brown Rice",,"Brown Rice",,Imtenan,imtenan,,,,,https://images.openfoodfacts.org/images/products/000/001/297/2005/front_en.3.400.jpg,,
dump,13423353,"Dairy Milk Hazelnut",,"Dairy Milk Hazelnut",,,,,,,,https://images.openfoodfacts.org/images/products/000/001/342/3353/front_en.3.400.jpg,,
dump,14120930,سكوتش,,سكوتش,,نعناع,نعناع,"20 جرام",20,,en:snacks|en:sweet-snacks|en:confectioneries|en:candies,https://images.openfoodfacts.org/images/products/000/001/412/0930/front_ar.4.400.jpg,,جميعها
dump,16142110,Dead,,Dead,,Dead,dead,,,,,,,
dump,16809737,"لبنيتا 1 لتر كامل الدسم",,"لبنيتا 1 لتر كامل الدسم",,,,,,,,,,
dump,16929249,AGA,,AGA,,null,xx:null,1,,,,https://images.openfoodfacts.org/images/products/000/001/692/9249/front_xx.7.400.jpg,,
dump,1743796017898,"Own Cookies and cream protein bites",,"Own Cookies and cream protein bites",,,,,,,,https://images.openfoodfacts.org/images/products/174/379/601/7898/front_en.3.400.jpg,,
dump,18168594,"زيت شعر",,"زيت شعر",,,,,,,,,,
dump,18178715,"Cheetos balls",,"Cheetos balls",,Cheetos,cheetos,,,,,https://images.openfoodfacts.org/images/products/000/001/817/8715/front_fr.3.400.jpg,,
dump,1998320592512,,,,,,,,,,,https://images.openfoodfacts.org/images/products/199/832/059/2512/front_en.3.400.jpg,,
dump,2000000152562,"suna tuna",,"suna tuna","suna tuna",تونة,xx:تونة,10000,0,,,https://images.openfoodfacts.org/images/products/200/000/015/2562/front_en.3.400.jpg,,
dump,2001074000253,,,,,,,,,,,https://images.openfoodfacts.org/images/products/200/107/400/0253/front_ar.3.400.jpg,,
dump,2010080000034,"Fresh orange juice",,"Fresh orange juice",,,,,,,,https://images.openfoodfacts.org/images/products/201/008/000/0034/front_fr.3.400.jpg,,
dump,2012808000562,كشكول,,كشكول,,,,,,,,,,
dump,20806040,duplix,,duplix,,,,,,,,https://images.openfoodfacts.org/images/products/000/002/080/6040/front_en.3.400.jpg,,
dump,2114851004501,"Emmental Cheese NZ",,"Emmental Cheese NZ",,Emmentaler,xx:emmentaler,,,,,,,
dump,2163427004087,,,,,,,,,,,https://images.openfoodfacts.org/images/products/216/342/700/4087/front_ar.3.400.jpg,,
dump,2200010184013,Biscs,,Biscs,,"Artisan Republic Eatery",xx:artisan-republic-eatery,,,,,https://images.openfoodfacts.org/images/products/220/001/018/4013/front_en.3.400.jpg,,
dump,2204007733161,"Swiss fru almond",,"Swiss fru almond",,,,,,,,https://images.openfoodfacts.org/images/products/220/400/773/3161/front_en.3.400.jpg,,
dump,2227875077922,,,,,,,,,,,https://images.openfoodfacts.org/images/products/222/787/507/7922/front_it.3.400.jpg,,
dump,2274010465182,"مكرونه تيك تاك ماك تشيز",,"مكرونه تيك تاك ماك تشيز",,,,,,,,https://images.openfoodfacts.org/images/products/227/401/046/5182/front_en.3.400.jpg,,
dump,2286607392306,"توابل الشرق ٩٠٠ جرام كفته بقري",,"توابل الشرق ٩٠٠ جرام كفته بقري",,,,,,,,,,
dump,2313350002500,"chocolate corn flakes  chocolate corn flakes",,"chocolate corn flakes  chocolate corn flakes",,,,,,,,https://images.openfoodfacts.org/images/products/231/335/000/2500/front_en.3.400.jpg,,
dump,2397500015985,"Chicken Breasts",,"Chicken Breasts",,"دواجن الوفاء",دواجن-الوفاء,,,,en:meats-and-their-products|en:meats|en:chicken-and-its-products|en:poultries|en:chickens,https://images.openfoodfacts.org/images/products/239/750/001/5985/front_en.3.400.jpg,,
dump,2517283611161,"كيلو نودلز",,"كيلو نودلز",,,,كبيره,0,,,,,
dump,27114117,"fitness toasties",,"fitness toasties",,نستلة,نستلة,1,,,en:سناك,,,كارفور
dump,29597338,"Chipotle Salsa",,"Chipotle Salsa",,WAITROSE,waitrose,,,,,,,
dump,3006110480180,,,,,,,,,,,https://images.openfoodfacts.org/images/products/300/611/048/0180/front_en.3.400.jpg,,
dump,3033338074839,"Milka Biscuiți acoperiți cu ciocolată cu lapte alpin",,"Milka Biscuiți acoperiți cu ciocolată cu lapte alpin",,,,,,,,https://images.openfoodfacts.org/images/products/303/333/807/4839/front_en.3.400.jpg,,
dump,3052911423246,,,,,,,,,,,https://images.openfoodfacts.org/images/products/305/291/142/3246/front_ar.5.400.jpg,,
dump,3073781107302,"Creamy Spread",,"Creamy Spread",,Kiri,kiri,,,,,,,
dump,3073781129229,"Creamy Cheese Triangles",,"Creamy Cheese Triangles",,Kiri,xx:kiri,,,,,,,
dump,3073781153781,Kiri,,Kiri,,Kiri,xx:kiri,,,,en:dairies|en:fermented-foods|en:fermented-milk-products|en:cheeses,https://images.openfoodfacts.org/images/products/307/378/115/3781/front_fr.3.400.jpg,,
dump,3073781205121,Cheese,,Cheese,,"La Vach Qui Rit",xx:la-vach-qui-rit,,,,,,,
dump,3073781207088,"ابو الولد 8 قطع",,"ابو الولد 8 قطع",,,,,,,,https://images.openfoodfacts.org/images/products/307/378/120/7088/front_en.3.400.jpg,,
dump,3073781215298,"Cream Cheese",,"Cream Cheese",,Kiri,xx:kiri,,,,,,,
dump,3077310529191,"Extra Strong Dijon Mustard",,"Extra Strong Dijon Mustard",,"La Marne",la-marne,,,,,,,
dump,3077314921700,"Whole grain mustard",,"Whole grain mustard",,,,"350 g",350,,,https://images.openfoodfacts.org/images/products/307/731/492/1700/front_en.3.400.jpg,,
dump,3161711001971,"Fromage de France",,"Fromage de France",,"Caprice des Dieux",xx:caprice-des-dieux,300g,300,,en:dairies|en:fermented-foods|en:fermented-milk-products|en:cheeses|en:soft-cheeses|en:cow-cheeses|en:soft-cheeses-with-bloomy-rind|en:pasteurised-products|en:french-cheeses|en:pasteurized-cheeses|en:soft-cheese-with-a-natural-rind,https://images.openfoodfacts.org/images/products/316/171/100/1971/front_en.152.400.jpg,,"carrefour.fr,Carrefour,Auchan"
dump,3228021060040,Tub,,Tub,,"Higher,",higher,,,,en:cbgdj,,,
dump,3228021060460,"President cheese creamy and milky taste",,"President cheese creamy and milky taste","President Cheese - 32 Piece",,,"480 gm",480,,en:dairies|en:fermented-foods|en:fermented-milk-products|en:cheeses,https://images.openfoodfacts.org/images/products/322/802/106/0460/front_fr.3.400.jpg,,
dump,3228023000037,"President Triangle Cream Cheese 16 Pcs",,"President Triangle Cream Cheese 16 Pcs","President Triangle Cream Cheese 16 Pcs",President,president,240g,240,,en:dairies|en:fermented-foods|en:fermented-milk-products|en:cheeses,https://images.openfoodfacts.org/images/products/322/802/300/0037/front_fr.3.400.jpg,,
dump,3228023000044,,,,,President,president,360g,360,,en:dairies|en:fermented-foods|en:fermented-milk-products|en:cheeses,https://images.openfoodfacts.org/images/products/322/802/300/0044/front_en.3.400.jpg,,
dump,3228023060383,Président,,Président,,President,president,,,,,https://images.openfoodfacts.org/images/products/322/802/306/0383/front_fr.7.400.jpg,,
dump,3228023950172,"Président 8 Portions",,"Président 8 Portions","Président 8 Portions",President,president,,,,en:dairies|en:fermented-foods|en:fermented-milk-products|en:cheeses,https://images.openfoodfacts.org/images/products/322/802/395/0172/front_fr.4.400.jpg,,
dump,3389133000772,"Lime puree",,"Lime puree",,"Les vergers Boiron",xx:les-vergers-boiron,,,,,https://images.openfoodfacts.org/images/products/338/913/300/0772/front_en.3.400.jpg,,
dump,3460340023546,"Diet aroma",,"Diet aroma",,Memoviv,xx:memoviv,45g,45,,en:food-additives|en:flavors,,,
dump,3505000050538,"Chocolate Ice cream",,"Chocolate Ice cream",,"Gelato Factory",gelato-factory,,,,,,,
dump,3509227870689,"Korea Chili powder",,"Korea Chili powder",,,,1kg,1000,,,https://images.openfoodfacts.org/images/products/350/922/787/0689/front_en.3.400.jpg,,
dump,3512032020101,"Not beer burgers",,"Not beer burgers",,,,"2 x 113 g",226,,,https://images.openfoodfacts.org/images/products/351/203/202/0101/front_fr.3.400.jpg,,
dump,35432907,,,,,,,,,,,https://images.openfoodfacts.org/images/products/000/003/543/2907/front_ar.3.400.jpg,,
dump,3574661961187,,,,,,,,,,,,,
dump,3600551125114,,,,,,,,,,,https://images.openfoodfacts.org/images/products/360/055/112/5114/front_ar.3.400.jpg,,
dump,3608580797678,Confiture,,Confiture,,"Bonne Maman",bonne-maman,,,,,https://images.openfoodfacts.org/images/products/360/858/079/7678/front_fr.3.400.jpg,,
dump,3608580811558,Confiture,,Confiture,,"Bonne Maman",bonne-maman,,,,,https://images.openfoodfacts.org/images/products/360/858/081/1558/front_fr.3.400.jpg,,
dump,3660407045980,"Miroir plus",,"Miroir plus",,,,"17 lbs",7711.07029,,,https://images.openfoodfacts.org/images/products/366/040/704/5980/front_en.3.400.jpg,,
dump,36682201,"Steakhouse Fries",,"Steakhouse Fries",,FarmFrites,xx:farmfrites,,,,,https://images.openfoodfacts.org/images/products/000/003/668/2201/front_en.4.400.jpg,,
dump,3700134405005,"chili sauce",,"chili sauce",,,,800g,800,,,https://images.openfoodfacts.org/images/products/370/013/440/5005/front_en.3.400.jpg,,
dump,3800014289586,"фреш сок премиум апельсин",,"фреш сок премиум апельсин",,,,1л,1000,,,https://images.openfoodfacts.org/images/products/380/001/428/9586/front_en.4.400.jpg,,
dump,3800225340045,,,,,,,,,,,https://images.openfoodfacts.org/images/products/380/022/534/0045/front_en.3.400.jpg,,
dump,3937669302329,"شوكولاته ريسيس زبدة فول سوداني 2 قطعة",,"شوكولاته ريسيس زبدة فول سوداني 2 قطعة",,,,"42 g",42,,,https://images.openfoodfacts.org/images/products/393/766/930/2329/front_en.3.400.jpg,,
dump,4000038126013,,,,,,,,,,,https://images.openfoodfacts.org/images/products/400/003/812/6013/front_en.3.400.jpg,,
dump,4000415728106,"Schogetten chocolate dark cocoa bluberry pomgeranate",,"Schogetten chocolate dark cocoa bluberry pomgeranate",,Schogetten,schogetten,,,,,https://images.openfoodfacts.org/images/products/400/041/572/8106/front_fr.3.400.jpg,,
dump,4002996001029,Vollmilch,,Vollmilch,,"Schokolade Am Stiel",xx:schokolade-am-stiel,,,,,,,
dump,4003084840025,"ترولي ميني برجر",,"ترولي ميني برجر",,,,"70 g",70,,,https://images.openfoodfacts.org/images/products/400/308/484/0025/front_en.5.400.jpg,,
dump,4003148735212,"Hellma Betthupferl",,"Hellma Betthupferl",,,,"850 g",850,,,,,
dump,4005535070524,ترنكيتو,,ترنكيتو,,,,,,,,https://images.openfoodfacts.org/images/products/400/553/507/0524/front_en.3.400.jpg,,
dump,4008400400112,Nutella,,Nutella,,Ferrero,xx:ferrero,,,,,,,
dump,4010400040427,,,,,,,,,,,https://images.openfoodfacts.org/images/products/401/040/004/0427/front_en.3.400.jpg,,
dump,4011100037915,"Snickers Miniatures",,"Snickers Miniatures",,Snickers,snickers,150g,150,,,https://images.openfoodfacts.org/images/products/401/110/003/7915/front_en.16.400.jpg,,
dump,4013618063622,Haferflocken,,Haferflocken,,Donath,donath,,,,,,,
dump,4014400470055,Knoppers,,Knoppers,,"Knoppers, Storck",xx:knoppers|xx:storck,"25 g",25,,en:snacks|en:sweet-snacks|en:biscuits-and-cakes|en:biscuits-and-crackers|en:biscuits,https://images.openfoodfacts.org/images/products/401/440/047/0055/front_de.6.400.jpg,,مندرين
dump,4022104001802,,,,,,,,,,,https://images.openfoodfacts.org/images/products/402/210/400/1802/front_ar.5.400.jpg,,
dump,4065019004285,"coffee creamy",,"coffee creamy",,milsani,xx:milsani,400g,400,,en:plant-based-foods-and-beverages|en:plant-based-foods|en:coffees|en:non-open-products-facts,https://images.openfoodfacts.org/images/products/406/501/900/4285/front_ar.3.400.jpg,,
dump,4220469267097,,,,,,,,,,,https://images.openfoodfacts.org/images/products/422/046/926/7097/front_en.3.400.jpg,,
dump,4225466575046,"جوستو بروتين بافس عسل و مسترده",,"جوستو بروتين بافس عسل و مسترده",,,,,,,,https://images.openfoodfacts.org/images/products/422/546/657/5046/front_en.3.400.jpg,,
dump,4250031354023,Oatcake,,Oatcake,,,,,,,,https://images.openfoodfacts.org/images/products/425/003/135/4023/front_fr.3.400.jpg,,
dump,4260646291132,Mayoka,,Mayoka,,"Mayoka Juice",xx:mayoka-juice,,,,en:beverages-and-beverages-preparations|en:plant-based-foods-and-beverages|en:beverages|en:plant-based-beverages|en:fruit-based-beverages|en:juices-and-nectars|en:fruit-nectars,https://images.openfoodfacts.org/images/products/426/064/629/1132/front_ar.6.400.jpg,,
dump,4304230450175,Mandolin,,Mandolin,,,,,,,,https://images.openfoodfacts.org/images/products/430/423/045/0175/front_en.3.400.jpg,,
dump,4312563121234,ttt,,ttt,,qww,xx:qww,12,,,,,,
dump,4316268647007,"Feine Waffel Mischung",,"Feine Waffel Mischung",,,,"400 g",400,,en:snacks|en:sweet-snacks|en:biscuits-and-cakes|en:biscuits-and-crackers|en:cocoa-and-its-products|en:confectioneries|en:biscuits|en:chocolate-candies|en:pastries,https://images.openfoodfacts.org/images/products/431/626/864/7007/front_en.4.400.jpg,,Netto
dump,4330317034006,,,,,,,,,,,https://images.openfoodfacts.org/images/products/433/031/703/4006/front_ar.3.400.jpg,,
dump,4410479035407,"Gullon bizcochos",,"Gullon bizcochos",,,,,,,,,,
dump,4510637400372,,,,,,,,,,,https://images.openfoodfacts.org/images/products/451/063/740/0372/front_en.3.400.jpg,,
dump,4566234440013,"برو بروتين دونتس",,"برو بروتين دونتس",,,,,,,,https://images.openfoodfacts.org/images/products/456/623/444/0013/front_en.3.400.jpg,,
dump,4600495579362,konti,,konti,,"konti,",konti,,,,en:sweets-chocolate,,,
dump,4600680024851,,,,,"«Россия» — Щедрая Душа!, Maxibon",xx:maxibon|xx:россия-щедрая-душа,"198 г",198,,en:snacks|en:sweet-snacks|en:cocoa-and-its-products|en:confectioneries|en:chocolates|en:milk-chocolates|en:white-chocolates|en:food,https://images.openfoodfacts.org/images/products/460/068/002/4851/front_en.5.400.jpg,,Магнит
dump,4600823001015,,,,,,,,,,,https://images.openfoodfacts.org/images/products/460/082/300/1015/front_en.20.400.jpg,,
dump,4640033073617,"Multi Vitamins",,"Multi Vitamins",,"GLS Pharmaceuticals",xx:gls-pharmaceuticals,,,,,https://images.openfoodfacts.org/images/products/464/003/307/3617/front_en.4.400.jpg,,
dump,4670044346912,,,,,,,,,,,,,
dump,4710085207312,"مستر براون قهوه مثلجه",,"مستر براون قهوه مثلجه",,,,,,,,https://images.openfoodfacts.org/images/products/471/008/520/7312/front_en.3.400.jpg,,
dump,4711476617109,"Ice coffe",,"Ice coffe",,"Od gourmet",xx:od-gourmet,,,,,https://images.openfoodfacts.org/images/products/471/147/661/7109/front_en.3.400.jpg,,
dump,4711476617116,"Ice coffee",,"Ice coffee",,,,,,,,https://images.openfoodfacts.org/images/products/471/147/661/7116/front_fr.3.400.jpg,,
dump,4732016140772,,,,,,,,,,,https://images.openfoodfacts.org/images/products/473/201/614/0772/front_en.3.400.jpg,,
dump,4751027951078,"Milk Chocolate",,"Milk Chocolate",,"RED Delight",xx:red-delight,"1 bar 3.53 OZ (100g)",100.07381663125,,en:snacks|en:sweet-snacks|en:cocoa-and-its-products|en:chocolates|en:milk-chocolates|en:milk-chocolate-bar,https://images.openfoodfacts.org/images/products/475/102/795/1078/front_en.15.400.jpg,,
dump,4752050025781,,,,,,,,,,en:beverages-and-beverages-preparations|en:plant-based-foods-and-beverages|en:beverages|en:plant-based-beverages|en:smoothies,https://images.openfoodfacts.org/images/products/475/205/002/5781/front_en.3.400.jpg,,
dump,4810279000443,,,,,"mega chips",xx:mega-chips,,,,,,,
dump,4810279004830,"Mega chips hot",,"Mega chips hot",,"Mega Chips",xx:mega-chips,,,,en:snacks|en:salty-snacks|en:appetizers|en:chips-and-fries|en:crisps,https://images.openfoodfacts.org/images/products/481/027/900/4830/front_en.4.400.jpg,,
dump,4810279008449,"Mega chips",,"Mega chips",,,,"50 g",50,,en:snacks|en:salty-snacks|en:appetizers|en:chips-and-fries|en:crisps|sr:cris,https://images.openfoodfacts.org/images/products/481/027/900/8449/front_en.5.400.jpg,,
dump,4850580106533,"MoGu MoGu pINEAPPLE",,"MoGu MoGu pINEAPPLE",,,,,,,,https://images.openfoodfacts.org/images/products/485/058/010/6533/front_en.3.400.jpg,,
dump,4904647044860,"Protein Crisps Coconut & Cookies",,"Protein Crisps Coconut & Cookies",,"Go On",xx:go-on,,,,,,,
dump,4940472075488,"مكرونه تيك تاك بيستو",,"مكرونه تيك تاك بيستو",,,,,,,,https://images.openfoodfacts.org/images/products/494/047/207/5488/front_en.3.400.jpg,,
dump,4985869021006,Katsuobushi,,Katsuobushi,,,,100g,100,,,https://images.openfoodfacts.org/images/products/498/586/902/1006/front_en.3.400.jpg,,
dump,5000159558082,Bounty,,Bounty,,Mars,xx:mars,500g,500,,,https://images.openfoodfacts.org/images/products/500/015/955/8082/front_en.10.400.jpg,,
dump,5000159558440,6000231,,6000231,,Mars,xx:mars,500g,500,,,https://images.openfoodfacts.org/images/products/500/015/955/8440/front_en.3.400.jpg,,
dump,5000159558853,"SNICKERS Minis",,"SNICKERS Minis",,SNICKERS,xx:snickers,"approx 28",0,,,https://images.openfoodfacts.org/images/products/500/015/955/8853/front_en.3.400.jpg,,
dump,5000159561358,"super mini mix 650g",,"super mini mix 650g",,Mars,xx:mars,,,,,https://images.openfoodfacts.org/images/products/500/015/956/1358/front_en.3.400.jpg,,
dump,5000159603041,"M$m yellow",,"M$m yellow",,,,,,,,https://images.openfoodfacts.org/images/products/500/015/960/3041/front_en.5.400.jpg,,
dump,5000318003798,"Green's muhallabia",,"Green's muhallabia",,Green's,xx:green-s,85g,85,,,https://images.openfoodfacts.org/images/products/500/031/800/3798/front_en.4.400.jpg,,
dump,5000342000770,"MEAT FREE 8 Sausages",,"MEAT FREE 8 Sausages",,"HENRY DENNY & SONS",xx:henry-denny-sons,,,,en:meat-alternatives|en:meat-analogues|en:vegetarian-sausages,https://images.openfoodfacts.org/images/products/500/034/200/0770/front_en.22.400.jpg,,
dump,5001401101216,"Melody pops cola",,"Melody pops cola",,,,,,,,https://images.openfoodfacts.org/images/products/500/140/110/1216/front_en.3.400.jpg,,
dump,5011053022197,"Flip-n-dip 2yrs prod",,"Flip-n-dip 2yrs prod",,,,,,,,https://images.openfoodfacts.org/images/products/501/105/302/2197/front_fr.3.400.jpg,,
dump,5011061144003,,,,,,,,,,,https://images.openfoodfacts.org/images/products/501/106/114/4003/front_en.3.400.jpg,,
dump,5011061171061,"Water melon gumbans",,"Water melon gumbans",,,,,,,,,,
dump,5012529422893,,,,,,,,,,,https://images.openfoodfacts.org/images/products/501/252/942/2893/front_ar.3.400.jpg,,
dump,5014271798226,"St Dalfour Strawberry Jam",,"St Dalfour Strawberry Jam",,,,"284 g",284,,,https://images.openfoodfacts.org/images/products/501/427/179/8226/front_fr.3.400.jpg,,
dump,50157631,"Light mayonnaise",,"Light mayonnaise",,Heinz,heinz,,,,,,,
dump,5017162007605,"Caramel Fudge Biscuits",,"Caramel Fudge Biscuits",,"Farmhouse Biscuits",xx:farmhouse-biscuits,,,,,https://images.openfoodfacts.org/images/products/501/716/200/7605/front_fr.3.400.jpg,,
dump,5030520170018,تين,,تين,,,,,,,,,,
dump,5053827162357,"Coco pops Roll",,"Coco pops Roll",,Kellogg's,kellogg-s,,,,,https://images.openfoodfacts.org/images/products/505/382/716/2357/front_fr.3.400.jpg,,
dump,5053827181341,"Barre de cereales coco pops",,"Barre de cereales coco pops",,"Kellogg's, Coco Pops",xx:kellogg-s|xx:coco-pops,,,,en:snacks|en:sweet-snacks|en:bars|en:cereal-bars,https://images.openfoodfacts.org/images/products/505/382/718/1341/front_fr.12.400.jpg,,
dump,5055566971603,"Strawberry Extra Jam",,"Strawberry Extra Jam",,"Gourmet kitchen",xx:gourmet-kitchen,500g,500,,en:plant-based-foods-and-beverages|en:plant-based-foods|en:breakfasts|en:spreads|en:plant-based-spreads|en:sweet-spreads|en:fruit-and-vegetable-preserves|en:jams|en:berry-jams|en:strawberry-jams,https://images.openfoodfacts.org/images/products/505/556/697/1603/front_en.3.400.jpg,,poundstretcher
dump,5056036501559,Semolina,,Semolina,,Green's,green-s,,,,,https://images.openfoodfacts.org/images/products/505/603/650/1559/front_fr.3.400.jpg,,
dump,5059883480343,"ORIGIN PROTEIN CINNAMON SWIRL FLAVOUR",,"ORIGIN PROTEIN CINNAMON SWIRL FLAVOUR",,MYPROTEIN,xx:myprotein,,,,,https://images.openfoodfacts.org/images/products/505/988/348/0343/front_en.8.400.jpg,,
dump,5060626400429,"Plant based 6 sausages",,"Plant based 6 sausages",,,,,,,en:meat-alternatives|en:meat-analogues|en:vegetarian-sausages,https://images.openfoodfacts.org/images/products/506/062/640/0429/front_fr.3.400.jpg,,
dump,5060751219408,Monster,,Monster,,Monster,monster,,,,,https://images.openfoodfacts.org/images/products/506/075/121/9408/front_en.4.400.jpg,,
dump,5060769346905,"Stuffed Vine Leaves",,"Stuffed Vine Leaves",,Sofra,xx:sofra,280g,280,,en:canned-foods,https://images.openfoodfacts.org/images/products/506/076/934/6905/front_en.3.400.jpg,,
dump,5065014665244,"لولي بوب مصاصات خاتم",,"لولي بوب مصاصات خاتم",,,,,,,,https://images.openfoodfacts.org/images/products/506/501/466/5244/front_en.3.400.jpg,,
dump,5099466176942,"Mint crunch dark chocolate",,"Mint crunch dark chocolate",,Butlers,butlers,"100 g",100,,,https://images.openfoodfacts.org/images/products/509/946/617/6942/front_fr.3.400.jpg,,
dump,5200314327205,"Greek chewing gum",,"Greek chewing gum",,,,,,,,,,
dump,5200352981230,"Fos ilove olive",,"Fos ilove olive",,,,,,,,,,
dump,5201049228119,"Sesame oil",,"Sesame oil",,,,,,,,https://images.openfoodfacts.org/images/products/520/104/922/8119/front_en.3.400.jpg,,
dump,5201120620016,,,,,,,"820 g",820,,,https://images.openfoodfacts.org/images/products/520/112/062/0016/front_en.3.400.jpg,,
dump,5205572999911,"Olympias black mussels",,"Olympias black mussels",,,,1kg,1000,,,https://images.openfoodfacts.org/images/products/520/557/299/9911/front_en.3.400.jpg,,
dump,5222420106635,"ديجستف جوي بندق فادج",,"ديجستف جوي بندق فادج",,,,,,,,https://images.openfoodfacts.org/images/products/522/242/010/6635/front_en.3.400.jpg,,
dump,5224408925887,"زيرو سبريد  بروتين",,"زيرو سبريد  بروتين",,,,,,,,https://images.openfoodfacts.org/images/products/522/440/892/5887/front_en.3.400.jpg,,
dump,5240024021260,"بروتين بار ريفل كرسبي كريم",,"بروتين بار ريفل كرسبي كريم",,,,,,,,https://images.openfoodfacts.org/images/products/524/002/402/1260/front_en.3.400.jpg,,
dump,5281010941452,"Ranch Dressing",,"Ranch Dressing",,Puidor,xx:puidor,,,,,,,
dump,5281018006047,Beesline,,Beesline,,,,,,,,https://images.openfoodfacts.org/images/products/528/101/800/6047/front_en.3.400.jpg,,
dump,5285000391616,"indomie لحمه صغيره",,"indomie لحمه صغيره",اندومي,indomie,xx:indomie,"1 قطعه",,,,https://images.openfoodfacts.org/images/products/528/500/039/1616/front_ar.3.400.jpg,,
dump,5285000391746,"Hot & Spicy Instant Noodles",,"Hot & Spicy Instant Noodles",,Indome,xx:indome,,,,,https://images.openfoodfacts.org/images/products/528/500/039/1746/front_en.3.400.jpg,,
dump,5285000391760,"Hot & Spicy Vegetables",,"Hot & Spicy Vegetables",,Indomie,xx:indomie,,,,en:plant-based-foods-and-beverages|en:plant-based-foods|en:pastas|ar:شعريه,https://images.openfoodfacts.org/images/products/528/500/039/1760/front_ar.16.400.jpg,,
dump,5285000397489,"indomie instant noodles balady chicken",,"indomie instant noodles balady chicken",,Indomie,indomie,,,,en:plant-based-foods-and-beverages|en:plant-based-foods|en:cereals-and-potatoes|en:cereals-and-their-products|en:dried-products|en:pastas|en:dried-products-to-be-rehydrated|en:noodles|en:instant-noodles,https://images.openfoodfacts.org/images/products/528/500/039/7489/front_en.5.400.jpg,,
dump,5301000230400,Molto,,Molto,,Belino,xx:belino,,,,it:a,https://images.openfoodfacts.org/images/products/530/100/023/0400/front_it.6.400.jpg,,
dump,53037428,,,,,,,,,,,https://images.openfoodfacts.org/images/products/000/005/303/7428/front_ar.3.400.jpg,,
dump,5315123123233,helloh,,helloh,,,,,,,,https://images.openfoodfacts.org/images/products/531/512/312/3233/front_en.4.400.jpg,,
dump,5319473425322,,,,,,,,,,,,,
dump,5410522231052,"Belcolade choco milk",,"Belcolade choco milk",,,,,,,,https://images.openfoodfacts.org/images/products/541/052/223/1052/front_en.3.400.jpg,,
dump,5413149637924,5413149637924,,5413149637924,,,,,,,,https://images.openfoodfacts.org/images/products/541/314/963/7924/front_en.3.400.jpg,,
dump,5415150353619,"Belmio  esp. comptblhlnut caps",,"Belmio  esp. comptblhlnut caps",,,,,,,,https://images.openfoodfacts.org/images/products/541/515/035/3619/front_en.3.400.jpg,,
dump,5425030790052,"HANNIBAL MAMMOUTH",,"HANNIBAL MAMMOUTH",,,,,,,,https://images.openfoodfacts.org/images/products/542/503/079/0052/front_fr.3.400.jpg,,
dump,5449000006653,,,,,,,,,,,https://images.openfoodfacts.org/images/products/544/900/000/6653/front_en.3.400.jpg,,
dump,5449000006929,,,,,,,,,,,https://images.openfoodfacts.org/images/products/544/900/000/6929/front_en.3.400.jpg,,
dump,5449000040329,"Schweppes Tangerine",,"Schweppes Tangerine",,Schweppes,schweppes,,,,,,,
dump,5449000136947,"Schweppes Apple Blend",,"Schweppes Apple Blend",,Schweppes,xx:schweppes,,,,,https://images.openfoodfacts.org/images/products/544/900/013/6947/front_lb.3.400.jpg,,
dump,5449000295569,,,,,Fanta,fanta,,,,,https://images.openfoodfacts.org/images/products/544/900/029/5569/front_en.3.400.jpg,,
dump,5449000295583,,,,,,,,,,,https://images.openfoodfacts.org/images/products/544/900/029/5583/front_en.3.400.jpg,,
dump,5449000295590,,,,,,,,,,en:calroies-free|en:soft-drink|en:zero-calroies|en:zero-sugar,https://images.openfoodfacts.org/images/products/544/900/029/5590/front_en.3.400.jpg,,
dump,5449000331045,"هاى سبورت",,"هاى سبورت",,,,,,,,,,
dump,5449000331069,"كندا دارى",,"كندا دارى",,,,,,,,,,
dump,5449000339546,"Virgin Mojito",,"Virgin Mojito",,Schweppes,xx:schweppes,,,,en:beverages-and-beverages-preparations|en:beverages|en:carbonated-drinks|en:sodas,https://images.openfoodfacts.org/images/products/544/900/033/9546/front_ar.14.400.jpg,,
dump,5449000340825,"Fanta Red Apple",,"Fanta Red Apple",,"Coca Cola",xx:coca-cola,,,,,https://images.openfoodfacts.org/images/products/544/900/034/0825/front_en.14.400.jpg,,
dump,5606439000199,"Biscottina tomato & Oregano IMP",,"Biscottina tomato & Oregano IMP",,Rialto,xx:rialto,100g,100,,en:plant-based-foods-and-beverages|en:plant-based-foods|en:cereals-and-potatoes|en:cereals-and-their-products|en:breads|en:croutons,https://images.openfoodfacts.org/images/products/560/643/900/0199/front_fr.13.400.jpg,,
dump,5660916521645,"كاي بروتين بافس رانش",,"كاي بروتين بافس رانش",,,,,,,,https://images.openfoodfacts.org/images/products/566/091/652/1645/front_en.3.400.jpg,,
dump,5711953117510,"Natural cream cheese",,"Natural cream cheese",,,,,,,en:dairies|en:fermented-foods|en:fermented-milk-products|en:cheeses,https://images.openfoodfacts.org/images/products/571/195/311/7510/front_en.6.400.jpg,,
dump,5711953126413,,,,,,,,,,,,,
dump,5744002280323,"Nuii Caramelised Salted Almond & New Zealand Honey 204g",,"Nuii Caramelised Salted Almond & New Zealand Honey 204g",,Nuii,xx:nuii,,,,,,,
dump,5773006592576,"CR7 Sports Drink — 710ml",,"CR7 Sports Drink — 710ml",,CR7,xx:cr7,,,,,https://images.openfoodfacts.org/images/products/577/300/659/2576/front_en.3.400.jpg,,
dump,5796424211034,"Baladi eggs",,"Baladi eggs",,"Organic company",xx:organic-company,"10 eggs",0,,en:farming-products|en:eggs|en:chicken-eggs,https://images.openfoodfacts.org/images/products/579/642/421/1034/front_en.5.400.jpg,,
dump,5900100464663,"هالو سيراتشا",,"هالو سيراتشا",,,,,,,,https://images.openfoodfacts.org/images/products/590/010/046/4663/front_en.3.400.jpg,,
dump,5900498024937,"لو فيك محسوق غسالة الأطباق 1ك",,"لو فيك محسوق غسالة الأطباق 1ك",,Ludwik,ludwik,1k,0,,,https://images.openfoodfacts.org/images/products/590/049/802/4937/front_en.3.400.jpg,,
dump,5900617000675,"Peanut & Caramel",,"Peanut & Caramel",,,,,,,,,,
dump,5900617007919,"sante fruit musli",,"sante fruit musli",,,,,,,,https://images.openfoodfacts.org/images/products/590/061/700/7919/front_en.3.400.jpg,,
dump,5900617037626,"Santé active flakes",,"Santé active flakes",,,,"225 g",225,,,https://images.openfoodfacts.org/images/products/590/061/703/7626/front_fr.3.400.jpg,,
dump,5901126011404,"Cheddar Slices",,"Cheddar Slices",,Lactima,xx:lactima,,,,,,,
dump,5902431567617,,,,,,,"120 g",120,,,https://images.openfoodfacts.org/images/products/590/243/156/7617/front_en.3.400.jpg,,
dump,5902448296104,"Whey Isolate",,"Whey Isolate",,"Bad Ass",xx:bad-ass,,,,,,,
dump,5903719249829,"Whey Protein",,"Whey Protein",,"Kevin Levrone",xx:kevin-levrone,,,,,,,
dump,5914286271182,"Fini mochis",,"Fini mochis",,,,,,,,https://images.openfoodfacts.org/images/products/591/428/627/1182/front_en.3.400.jpg,,
dump,5932233994328,"لبن بخيره 1 لتر",,"لبن بخيره 1 لتر",,,,,,,,https://images.openfoodfacts.org/images/products/593/223/399/4328/front_en.3.400.jpg,,
dump,5942328300590,"aloe vera zERo",,"aloe vera zERo",,,,,,,en:beverages-and-beverages-preparations|en:plant-based-foods-and-beverages|en:beverages|en:plant-based-beverages|en:fruit-based-beverages|en:aloe-vera-drinks,https://images.openfoodfacts.org/images/products/594/232/830/0590/front_en.3.400.jpg,,
dump,5942328300606,"aIoe vera mango",,"aIoe vera mango",,,,,,,,https://images.openfoodfacts.org/images/products/594/232/830/0606/front_en.3.400.jpg,,
dump,5942328300613,"aloe vera afine",,"aloe vera afine",,,,,,,,https://images.openfoodfacts.org/images/products/594/232/830/0613/front_en.3.400.jpg,,
dump,5942328300804,"NATA DE CoCO mango",,"NATA DE CoCO mango",,,,,,,,https://images.openfoodfacts.org/images/products/594/232/830/0804/front_en.3.400.jpg,,
dump,5997380351400,,,,,,,,,,,https://images.openfoodfacts.org/images/products/599/738/035/1400/front_en.3.400.jpg,,
dump,5999565620882,"Whey Core Beef",,"Whey Core Beef",,,,,,,,,,
dump,5999860880721,"100% Hydro Whey Protein",,"100% Hydro Whey Protein",,"Superior 14",xx:superior-14,,,,,,,
dump,5999886994426,"Whey Protein",,"Whey Protein",,"Whey Core By Superior 14",whey-core-by-superior-14,,,,,,,
dump,6011250570674,,,,,,,,,,,,,
dump,6016575133504,"Fini fizz strips",,"Fini fizz strips",,,,,,,,https://images.openfoodfacts.org/images/products/601/657/513/3504/front_en.3.400.jpg,,
dump,6026804983657,,,,,,,,,,,https://images.openfoodfacts.org/images/products/602/680/498/3657/front_ar.3.400.jpg,,
dump,6034000176896,,,,,,,,,,,https://images.openfoodfacts.org/images/products/603/400/017/6896/front_ar.5.400.jpg,,
dump,6040391211726,"Royal Herbs Hibiscus 12 bags",,"Royal Herbs Hibiscus 12 bags",,"Royal Herbs",xx:royal-herbs,24g,24,,en:beverages-and-beverages-preparations|en:beverage-preparations|en:herbal-teas|en:hibiscus,https://images.openfoodfacts.org/images/products/604/039/121/1726/front_en.4.400.jpg,,Carrefour
dump,6040391212686,"Lemon & Ginger",,"Lemon & Ginger",,Royal,royal,"20 Bags",0,,,https://images.openfoodfacts.org/images/products/604/039/121/2686/front_en.3.400.jpg,,
dump,6043252000002,"Salted Caramel & peanuts",,"Salted Caramel & peanuts",,,,,,,,https://images.openfoodfacts.org/images/products/604/325/200/0002/front_fr.3.400.jpg,,
dump,6043288000007,"Chia Seeds",,"Chia Seeds",,,,,,,en:plant-based-foods-and-beverages|en:plant-based-foods|en:cereals-and-potatoes|en:seeds|en:cereals-and-their-products|en:cereal-grains|en:chia,https://images.openfoodfacts.org/images/products/604/328/800/0007/front_fr.3.400.jpg,,
dump,6044061000009,Tahini,,Tahini,,"Gourmet,ElRashidi,ElMizan",xx:elmizan|xx:elrashidi|xx:gourmet,320g,320,,en:plant-based-foods-and-beverages|en:plant-based-foods|en:cereals-and-potatoes|en:spreads|en:cereals-and-their-products|en:plant-based-spreads|en:oilseed-purees|en:cereal-butters|en:tahini,https://images.openfoodfacts.org/images/products/604/406/100/0009/front_de.4.400.jpg,,
dump,6084010992115,Falafel,,Falafel,,,,,,,,https://images.openfoodfacts.org/images/products/608/401/099/2115/front_fr.3.400.jpg,,
dump,6084011241083,,,,,,,,,,,https://images.openfoodfacts.org/images/products/608/401/124/1083/front_en.3.400.jpg,,
dump,6111004010866,,,,,,,,,,,https://images.openfoodfacts.org/images/products/611/100/401/0866/front_ar.3.400.jpg,,
dump,6111046002461,,,,,,,,,,,https://images.openfoodfacts.org/images/products/611/104/600/2461/front_ar.9.400.jpg,,
dump,6111069001366,,,,,,,,,,ar:mido,,,
dump,6111180000989,,,,,,,,,,,,,
dump,6111232004545,"Choco Man",,"Choco Man",,,,,,,,https://images.openfoodfacts.org/images/products/611/123/200/4545/front_ar.4.400.jpg,,
dump,6111242881631,,,,,,,,,,,https://images.openfoodfacts.org/images/products/611/124/288/1631/front_ar.6.400.jpg,,
dump,6111243557016,,,,,,,,,,,https://images.openfoodfacts.org/images/products/611/124/355/7016/front_ar.3.400.jpg,,
dump,6111244004137,,,,,,,,,,,,,
dump,6111246721933,,,,,,,,,,,,,
dump,6111246722176,,,,,,,,,,,https://images.openfoodfacts.org/images/products/611/124/672/2176/front_ar.9.400.jpg,,
dump,6111249192693,,,,,,,,,,,,,
dump,6111249911331,,,,,,,,,,,https://images.openfoodfacts.org/images/products/611/124/991/1331/front_ar.10.400.jpg,,
dump,6111250478182,,,,,,,,,,en:plant-based-foods-and-beverages|en:plant-based-foods|en:fats|en:vegetable-fats|en:olive-tree-products|en:vegetable-oils|en:olive-oils,,,
dump,6111252860053,,,,,,,,,,,,,
dump,6111259346123,,,,,Be,xx:be,,,,en:snacks|en:sweet-snacks|en:biscuits-and-cakes|en:biscuits-and-crackers|en:biscuits,https://images.openfoodfacts.org/images/products/611/125/934/6123/front_ar.7.400.jpg,,
dump,6111261060550,,,,,,,,,,,https://images.openfoodfacts.org/images/products/611/126/106/0550/front_fr.5.400.jpg,,
dump,6111266680814,,,,,,,,,,,,,
dump,6111266963207,كيفير,,كيفير,,Jaouda,xx:jaouda,320g,320,,en:beverages-and-beverages-preparations|en:beverages|en:dairies|en:fermented-foods|en:fermented-milk-products|en:desserts|en:dairy-desserts|en:dairy-drinks|en:fermented-dairy-desserts|en:fermented-drinks|en:fermented-milk-drinks|en:yogurts|en:kefir,https://images.openfoodfacts.org/images/products/611/126/696/3207/front_en.42.400.jpg,,
dump,6111273680005,,,,,,,,,,,https://images.openfoodfacts.org/images/products/611/127/368/0005/front_ar.3.400.jpg,,
dump,6118000290087,,,,,,,,,,,https://images.openfoodfacts.org/images/products/611/800/029/0087/front_ar.6.400.jpg,,
dump,6130093068466,,,,,,,,,,en:beverages-and-beverages-preparations|en:beverages,https://images.openfoodfacts.org/images/products/613/009/306/8466/front_ar.6.400.jpg,,
dump,6130093069388,,,,,,,,,,,https://images.openfoodfacts.org/images/products/613/009/306/9388/front_ar.3.400.jpg,,
dump,6130811000259,,,,,,,,,,,https://images.openfoodfacts.org/images/products/613/081/100/0259/front_ar.4.400.jpg,,
dump,6132522120028,,,,,,,,,,en:beverages-and-beverages-preparations|en:beverages|en:waters|en:spring-waters,,,
dump,6192401701045,,,,,,,,,,,,,
dump,6194005460243,فيدجي,,فيدجي,,,,,,,,https://images.openfoodfacts.org/images/products/619/400/546/0243/front_en.3.400.jpg,,
dump,6208702040322,,,,,,,,,,,https://images.openfoodfacts.org/images/products/620/870/204/0322/front_en.3.400.jpg,,
dump,6210244856514,,,,,,,,,,,https://images.openfoodfacts.org/images/products/621/024/485/6514/front_ar.3.400.jpg,,
dump,6210244866193,"Duura ketchup",,"Duura ketchup",,,,,,,en:condiments|en:sauces|en:tomato-sauces|en:ketchup,https://images.openfoodfacts.org/images/products/621/024/486/6193/front_fr.3.400.jpg,,
dump,6210458796781,,,,,,,,,,,https://images.openfoodfacts.org/images/products/621/045/879/6781/front_ar.6.400.jpg,,
dump,6211101156013,"Golden White Tuna Meat In Water Brine",,"Golden White Tuna Meat In Water Brine",,Tolido,xx:tolido,,,,,,,
dump,6211101193018,"Whole Mushroom",,"Whole Mushroom",,Tolido,xx:tolido,,,,,,,
dump,6213800962858,,,,,,,,,,,https://images.openfoodfacts.org/images/products/621/380/096/2858/front_ar.3.400.jpg,,
dump,6214961209257,"Pistachio Chocolate",,"Pistachio Chocolate",,Liliom,xx:liliom,,,,,,,
dump,6220100870875,"Choux végétariens - Picard",,"Choux végétariens - Picard",,,,,,,,,,
dump,6220100874903,"Dinos aventuriers",,"Dinos aventuriers",,,,,,,,,,
dump,6220105650779,"Muesli fruits rouges",,"Muesli fruits rouges",,Favrichon,favrichon,,,,,,,
dump,6220294950872,"Duo crème",,"Duo crème",,,,,,,,,,
dump,6220373703535,"Protein bar",,"Protein bar",,"White seeds",white-seeds,,,,,,,
dump,6220760005709,"Duo amandes grillées",,"Duo amandes grillées",,"Daco Bello",daco-bello,,,,,https://images.openfoodfacts.org/images/products/622/076/000/5709/front_en.3.400.jpg,,
dump,6220770004464,"La croquante",,"La croquante",,"Daco bello",daco-bello,,,,,,,
dump,6220790244000,"Amandes émondées",,"Amandes émondées",,"Dacco bello",dacco-bello,,,,,,,
dump,6220790300126,"Daco bello  formule boost",,"Daco bello  formule boost",,,,,,,,,,
dump,6220790402967,"Amandes grillées",,"Amandes grillées",,,,,,,,,,
dump,6220890005709,"Duo amandes grillées - Daco Bello - Daco Bello - Daco Bello",,"Duo amandes grillées - Daco Bello - Daco Bello - Daco Bello",,,,,,,,,,
dump,6221000006036,"ديلي فراولة",,"ديلي فراولة",,,,,,,,https://images.openfoodfacts.org/images/products/622/100/000/6036/front_en.4.400.jpg,,
dump,6221007001904,"Ice cream movenpick",,"Ice cream movenpick",,,,,,,,https://images.openfoodfacts.org/images/products/622/100/700/1904/front_en.3.400.jpg,,
dump,6221007001942,"Ice cream movenpick",,"Ice cream movenpick",,,,,,,,https://images.openfoodfacts.org/images/products/622/100/700/1942/front_en.3.400.jpg,,
dump,6221007002277,"Ice cream movenpick",,"Ice cream movenpick",,,,,,,,https://images.openfoodfacts.org/images/products/622/100/700/2277/front_en.3.400.jpg,,
dump,6221007016007,"SQUIZz Mango",,"SQUIZz Mango",,,,,,,,https://images.openfoodfacts.org/images/products/622/100/701/6007/front_en.5.400.jpg,,
dump,6221007025122,"Maggi Chicken Stock",,"Maggi Chicken Stock",Maggi,Maggi,xx:maggi,8,,,,https://images.openfoodfacts.org/images/products/622/100/702/5122/front_en.6.400.jpg,,
dump,6221007025597,,,,,,,"125 g",125,,,,,
dump,6221007026266,"Mega vanilla",,"Mega vanilla",,Nestlé,xx:nestle,,,,,https://images.openfoodfacts.org/images/products/622/100/702/6266/front_en.13.400.jpg,,
dump,6221007026280,"Mega choclate ice cream",,"Mega choclate ice cream",,Nestlé,nestle,,,,,https://images.openfoodfacts.org/images/products/622/100/702/6280/front_en.4.400.jpg,,
dump,6221007026556,"Nescafé gold cappuccino caramel single pack",,"Nescafé gold cappuccino caramel single pack",,Nescafe,nescafe,1,0,,en:plant-based-foods-and-beverages|en:beverages|en:plant-based-foods|en:coffees|en:instant-beverages|en:instant-coffees|en:drink-coffee-cappuccino-caramel,https://images.openfoodfacts.org/images/products/622/100/702/6556/front_en.8.400.jpg,,supermarket
dump,6221007026570,"Nescafé Gold Cappuccino caramel",,"Nescafé Gold Cappuccino caramel",,Nescafé,nescafe,,,,,https://images.openfoodfacts.org/images/products/622/100/702/6570/front_fr.3.400.jpg,,
dump,6221007026587,"Squizz up Mango",,"Squizz up Mango",,,,,,,,https://images.openfoodfacts.org/images/products/622/100/702/6587/front_fr.3.400.jpg,,
dump,6221007027904,"Chicken powder",,"Chicken powder",,,,,,,,,,
dump,6221007028093,Caramel,,Caramel,,,,,,,,https://images.openfoodfacts.org/images/products/622/100/702/8093/front_fr.3.400.jpg,,
dump,6221007028116,"nescafé caramel",,"nescafé caramel",,,,,,,,https://images.openfoodfacts.org/images/products/622/100/702/8116/front_fr.3.400.jpg,,
dump,6221007028277,"Oreo icecream",,"Oreo icecream",,,,,,,,https://images.openfoodfacts.org/images/products/622/100/702/8277/front_fr.3.400.jpg,,
dump,6221007028529,Mega,,Mega,,Nestlé,nestle,,,,,https://images.openfoodfacts.org/images/products/622/100/702/8529/front_fr.3.400.jpg,,
dump,6221007028826,"Brownie Icecream",,"Brownie Icecream",,Nestle,nestle,,,,,,,
dump,6221007028901,"Kit kat ice cream",,"Kit kat ice cream",,Oreo,oreo,,,,,https://images.openfoodfacts.org/images/products/622/100/702/8901/front_en.7.400.jpg,,
dump,6221007028925,"Dairy milk ice cream",,"Dairy milk ice cream",,,,,,,,https://images.openfoodfacts.org/images/products/622/100/702/8925/front_en.5.400.jpg,,
dump,6221007032700,Cerelac,,Cerelac,,Nestle,xx:nestle,250,0,,en:baby-foods|en:cereals-for-babies,https://images.openfoodfacts.org/images/products/622/100/703/2700/front_en.4.400.jpg,,
dump,6221007034933,"Coffee Mix",,"Coffee Mix",,Bonjorno,xx:bonjorno,,,,,,,
dump,6221007036586,"Maggi Cream Of Chicken Soup",,"Maggi Cream Of Chicken Soup",,Maggi,maggi,,,,,,,
dump,6221007038030,"خلطة حواوشي ماجي 35جم",,"خلطة حواوشي ماجي 35جم",,maggi,maggi,35gm,35,,,https://images.openfoodfacts.org/images/products/622/100/703/8030/front_en.3.400.jpg,,
dump,6221007038122,"Bashamel Cheese Mix",,"Bashamel Cheese Mix",,Maggi,maggi,,,,,https://images.openfoodfacts.org/images/products/622/100/703/8122/front_es.3.400.jpg,,
dump,6221007038290,3316993OH,,3316993OH,,,,,,,,,,
dump,6221007038757,"Cappuccino Double Shot",,"Cappuccino Double Shot",,Bonjorno,bonjorno,,,,,,,
dump,6221007040309,"خلطة البانية ماجي 35جم",,"خلطة البانية ماجي 35جم",,Maggi,maggi,35gm,35,,,https://images.openfoodfacts.org/images/products/622/100/704/0309/front_en.3.400.jpg,,
dump,6221007041870,"Ice Spanish Latte",,"Ice Spanish Latte",,Bonjorno,xx:bonjorno,,,,,,,
dump,6221007041900,"Cerelac, Wheat Without Milk",,"Cerelac, Wheat Without Milk",,Nestle,xx:nestle,,,,,https://images.openfoodfacts.org/images/products/622/100/704/1900/front_en.3.400.jpg,,
dump,6221007042198,"Oat Biscuits with Chocolate Flavored Bits",,"Oat Biscuits with Chocolate Flavored Bits",,"Nestlé Fitness",xx:nestle-fitness,,,,,https://images.openfoodfacts.org/images/products/622/100/704/2198/front_en.8.400.jpg,,
dump,6221007043508,"Cerelac Biscuits",,"Cerelac Biscuits",,Nestle,xx:nestle,,,,,,,
dump,6221012000053,"honey pops",,"honey pops",,temmy's,xx:temmy-s,500,0,,,https://images.openfoodfacts.org/images/products/622/101/200/0053/front_en.3.400.jpg,,
dump,6221012000275,"Kelloggs coco pops fills chocolate cream",,"Kelloggs coco pops fills chocolate cream",,,,,,,,https://images.openfoodfacts.org/images/products/622/101/200/0275/front_en.10.400.jpg,,
dump,6221012000657,"Choco Pops",,"Choco Pops",,Temmy’s,temmy-s,,,,,https://images.openfoodfacts.org/images/products/622/101/200/0657/front_en.3.400.jpg,,
dump,6221012000664,"Choco Pops",,"Choco Pops",,,,,,,,https://images.openfoodfacts.org/images/products/622/101/200/0664/front_fr.3.400.jpg,,
dump,6221012003047,"Breakfast cereals - crunchy chocolate flavour wheat cereal flakes",,"Breakfast cereals - crunchy chocolate flavour wheat cereal flakes",,"Coco pops, Kellog's",xx:coco-pops|xx:kellog-s,480g,480,,en:plant-based-foods-and-beverages|en:plant-based-foods|en:breakfasts|en:cereals-and-potatoes|en:cereals-and-their-products|en:breakfast-cereals,https://images.openfoodfacts.org/images/products/622/101/200/3047/front_en.9.400.jpg,,
dump,6221012003337,"Choco Pillow Cereal",,"Choco Pillow Cereal",,Temmy’s,xx:temmy-s,,,,,,,
dump,6221012003740,"fruit granola",,"fruit granola",,nutrifit,xx:nutrifit,"250 g",250,,,https://images.openfoodfacts.org/images/products/622/101/200/3740/front_en.3.400.jpg,,
dump,6221012003757,"fruit muesli",,"fruit muesli",,nutrifit,xx:nutrifit,"250 g",250,,,https://images.openfoodfacts.org/images/products/622/101/200/3757/front_en.3.400.jpg,,
dump,6221012003917,Temmys,,Temmys,,,,,,,,https://images.openfoodfacts.org/images/products/622/101/200/3917/front_en.3.400.jpg,,
dump,6221012030012,"temmy honey pop",,"temmy honey pop",,,,,,,,https://images.openfoodfacts.org/images/products/622/101/203/0012/front_fr.3.400.jpg,,
dump,6221012030043,"Choco Rice",,"Choco Rice",,,,,,,,https://images.openfoodfacts.org/images/products/622/101/203/0043/front_fr.3.400.jpg,,
dump,6221012030098,"تيميز سويت فليكس",,"تيميز سويت فليكس",,,,10,,,,https://images.openfoodfacts.org/images/products/622/101/203/0098/front_en.4.400.jpg,,
dump,6221012030241,"Temmy's Choco Scoops",,"Temmy's Choco Scoops",,,,,,,,https://images.openfoodfacts.org/images/products/622/101/203/0241/front_fr.3.400.jpg,,
dump,6221012100166,"nutri fit fruit muesli",,"nutri fit fruit muesli",,,,,,,,https://images.openfoodfacts.org/images/products/622/101/210/0166/front_en.3.400.jpg,,
dump,6221012251141,"Corn flakes",,"Corn flakes",,,,,,,en:plant-based-foods-and-beverages|en:plant-based-foods|en:breakfasts|en:cereals-and-potatoes|en:cereals-and-their-products|en:breakfast-cereals|en:flakes|en:cereal-flakes|en:extruded-cereals|en:extruded-flakes|en:corn-flakes,https://images.openfoodfacts.org/images/products/622/101/225/1141/front_fr.3.400.jpg,,
dump,6221012251158,"Raisin cereal,nutri fit",,"Raisin cereal,nutri fit",,Nutrifit,xx:nutrifit,,,,,https://images.openfoodfacts.org/images/products/622/101/225/1158/front_en.4.400.jpg,,
dump,6221012365015,"Honey pops",,"Honey pops",,,,"375 g",375,,,https://images.openfoodfacts.org/images/products/622/101/236/5015/front_fr.3.400.jpg,,
dump,6221012505183,"Nutrifit White Oats",,"Nutrifit White Oats",,Temmy's,xx:temmy-s,"500 g",500,,,https://images.openfoodfacts.org/images/products/622/101/250/5183/front_en.6.400.jpg,,
dump,6221022011858,"Rigatoni Classic",,"Rigatoni Classic",,"Golden Mills",xx:golden-mills,,,,,,,
dump,6221022110025,Spaghetti,,Spaghetti,,Regina,xx:regina,,,,,https://images.openfoodfacts.org/images/products/622/102/211/0025/front_en.10.400.jpg,,
dump,6221022110421,"مكرونة ريجينا خواتم",,"مكرونة ريجينا خواتم",,,,4,,,,https://images.openfoodfacts.org/images/products/622/102/211/0421/front_en.4.400.jpg,,
dump,6221022150403,"Small Rings Pasta",,"Small Rings Pasta",,Regina,xx:regina,,,,,,,
dump,6221022150533,Pasta,,Pasta,,Regina,regina,,,,,,,
dump,6221022151219,Pasta,,Pasta,,Masreya,masreya,,,,,,,
dump,6221022222414,"مكرونه شعريه(ستار)",,"مكرونه شعريه(ستار)",,,,"١ كيس",,,,https://images.openfoodfacts.org/images/products/622/102/222/2414/front_en.3.400.jpg,,
dump,6221022223183,Pasta,,Pasta,,Victoria,xx:victoria,,,,,,,
dump,6221023000073,Molukhia,,Molukhia,,Hana,hana,,,,,,,
dump,6221024120022,"فيتراك قمرالدين",,"فيتراك قمرالدين",,,,,,,,https://images.openfoodfacts.org/images/products/622/102/412/0022/front_en.3.400.jpg,,
dump,6221024120244,"فيتراك تمر هندي",,"فيتراك تمر هندي",,,,,,,,,,
dump,6221024120268,"Mint syrup",,"Mint syrup",,,,,,,,https://images.openfoodfacts.org/images/products/622/102/412/0268/front_en.3.400.jpg,,
dump,6221024280030,Confiture,,Confiture,,Hero,hero,,,,,https://images.openfoodfacts.org/images/products/622/102/428/0030/front_fr.3.400.jpg,,
dump,6221024990830,"Fig Jam",,"Fig Jam",,Vitrac,xx:vitrac,,,,,https://images.openfoodfacts.org/images/products/622/102/499/0830/front_en.3.400.jpg,,
dump,6221024992568,,,,,,,,,,,https://images.openfoodfacts.org/images/products/622/102/499/2568/front_en.3.400.jpg,,
dump,6221024992582,"هيرو عسل نحل زهور الربيع",,"هيرو عسل نحل زهور الربيع",,Hero,hero,,,,en:breakfasts|en:spreads|en:sweet-spreads|en:bee-products|en:farming-products|en:sweeteners|en:honeys,https://images.openfoodfacts.org/images/products/622/102/499/2582/front_en.6.400.jpg,,
dump,6221024992599,"Clover honey",,"Clover honey",,,,650g,650,,,https://images.openfoodfacts.org/images/products/622/102/499/2599/front_en.3.400.jpg,,
dump,6221024992612,"Spring Blossom Honey",,"Spring Blossom Honey",,Hero,hero,"500 g",500,,en:breakfasts|en:spreads|en:sweet-spreads|en:bee-products|en:farming-products|en:sweeteners|en:honeys,https://images.openfoodfacts.org/images/products/622/102/499/2612/front_fr.3.400.jpg,,
dump,6221024993237,Nn,,Nn,,,,,,,,https://images.openfoodfacts.org/images/products/622/102/499/3237/front_en.4.400.jpg,,
dump,6221024993398,,,,,,,,,,,https://images.openfoodfacts.org/images/products/622/102/499/3398/front_en.3.400.jpg,,
dump,6221024993435,"مربى فراولة",,"مربى فراولة",,Vitrac,xx:vitrac,,,,,,,
dump,6221024993763,"Peanut butter Crunchy",,"Peanut butter Crunchy",,Hero,xx:hero,,,,,https://images.openfoodfacts.org/images/products/622/102/499/3763/front_fr.8.400.jpg,,
dump,6221024994371,"Peanut Butter",,"Peanut Butter",,Hero,xx:hero,,,,,,,
dump,6221024997297,"Goodies sweet corn Puffs",,"Goodies sweet corn Puffs",,hero,xx:hero,,,,,https://images.openfoodfacts.org/images/products/622/102/499/7297/front_en.3.400.jpg,,
dump,6221025026545,Kerovit,,Kerovit,,,,,,,,https://images.openfoodfacts.org/images/products/622/102/502/6545/front_fr.3.400.jpg,,
dump,6221029000053,"Crunchy Chicken Tenders",,"Crunchy Chicken Tenders",,"Halwani Bros",xx:halwani-bros,,,,,https://images.openfoodfacts.org/images/products/622/102/900/0053/front_en.3.400.jpg,,
dump,6221029000060,"Crunch Spicy Strips",,"Crunch Spicy Strips",,Halawani,xx:halawani,,,,,,,
dump,6221029000138,"حلواني بيف برجر ١٦ قطعة",,"حلواني بيف برجر ١٦ قطعة",,,,"800 g",800,,,https://images.openfoodfacts.org/images/products/622/102/900/0138/front_en.3.400.jpg,,
dump,6221029020112,"حلواني سوسيس كوكتيل بقري ٣٥٠ جرام",,"حلواني سوسيس كوكتيل بقري ٣٥٠ جرام",,,,,,,,https://images.openfoodfacts.org/images/products/622/102/902/0112/front_en.3.400.jpg,,
dump,6221029020617,"حلواني سجق شرقي ٣٥٠ جرام",,"حلواني سجق شرقي ٣٥٠ جرام",,,,,,,,https://images.openfoodfacts.org/images/products/622/102/902/0617/front_en.4.400.jpg,,
dump,6221029040158,"حلواني اخوان لحم مفروم",,"حلواني اخوان لحم مفروم",,,,,,,,https://images.openfoodfacts.org/images/products/622/102/904/0158/front_en.3.400.jpg,,
dump,6221029040219,"حلواني كفتة بقري ٣٥٠ جرام",,"حلواني كفتة بقري ٣٥٠ جرام",,,,,,,,https://images.openfoodfacts.org/images/products/622/102/904/0219/front_en.3.400.jpg,,
dump,6221029060415,"حلواني سمبوسك لحم",,"حلواني سمبوسك لحم",,,,,,,,https://images.openfoodfacts.org/images/products/622/102/906/0415/front_en.3.400.jpg,,
dump,6221029060514,"حلواني سمبوسك جبن",,"حلواني سمبوسك جبن",,,,,,,,https://images.openfoodfacts.org/images/products/622/102/906/0514/front_en.3.400.jpg,,
dump,6221029100111,"حلواني بانيه الدجاج",,"حلواني بانيه الدجاج",,,,400g,400,,,https://images.openfoodfacts.org/images/products/622/102/910/0111/front_en.4.400.jpg,,
dump,6221029100159,"حلواني بانيه الدجاج الحار",,"حلواني بانيه الدجاج الحار",,,,"8 pcs",,,,https://images.openfoodfacts.org/images/products/622/102/910/0159/front_en.4.400.jpg,,
dump,6221029100210,"حلواني ناجتس الدجاج",,"حلواني ناجتس الدجاج",,,,,,,,https://images.openfoodfacts.org/images/products/622/102/910/0210/front_en.4.400.jpg,,
dump,6221029100319,"حلواني شيش طاووق",,"حلواني شيش طاووق",,,,400g,400,,,https://images.openfoodfacts.org/images/products/622/102/910/0319/front_en.4.400.jpg,,
dump,6221029170114,"حلواني هوت دوج بقري مبرد",,"حلواني هوت دوج بقري مبرد",,,,,,,,https://images.openfoodfacts.org/images/products/622/102/917/0114/front_en.4.400.jpg,,
dump,6221029170756,"حلواني سجق شرقي ٩٠٠ جرام",,"حلواني سجق شرقي ٩٠٠ جرام",,,,,,,,https://images.openfoodfacts.org/images/products/622/102/917/0756/front_en.3.400.jpg,,
dump,6221029170831,"حلواني هوت دوج بقري مجمد",,"حلواني هوت دوج بقري مجمد",,,,,,,,https://images.openfoodfacts.org/images/products/622/102/917/0831/front_en.4.400.jpg,,
dump,6221029210162,"حلواني ستيك برجر",,"حلواني ستيك برجر",,,,,,,,https://images.openfoodfacts.org/images/products/622/102/921/0162/front_en.3.400.jpg,,
dump,6221029210223,"ستريبس الدجاج",,"ستريبس الدجاج",,,,400g,400,,,https://images.openfoodfacts.org/images/products/622/102/921/0223/front_en.4.400.jpg,,
dump,6221029210230,"حلواني كرانشي أجنحة الدجاج",,"حلواني كرانشي أجنحة الدجاج",,,,,,,,https://images.openfoodfacts.org/images/products/622/102/921/0230/front_en.4.400.jpg,,
dump,6221029210254,"حلواني دبوس الدجاج ٧٠٠ جرام",,"حلواني دبوس الدجاج ٧٠٠ جرام",,,,,,,,https://images.openfoodfacts.org/images/products/622/102/921/0254/front_en.3.400.jpg,,
dump,6221029210261,"حلواني دبوس الدجاج الحار",,"حلواني دبوس الدجاج الحار",,,,,,,,https://images.openfoodfacts.org/images/products/622/102/921/0261/front_en.3.400.jpg,,
dump,6221029210278,"حلواني اصابع الدجاج",,"حلواني اصابع الدجاج",,,,400g,400,,,https://images.openfoodfacts.org/images/products/622/102/921/0278/front_en.4.400.jpg,,
dump,6221029210285,"حلواني هوت شوتس الدجاج",,"حلواني هوت شوتس الدجاج",,,,400g,400,,,https://images.openfoodfacts.org/images/products/622/102/921/0285/front_en.4.400.jpg,,
dump,6221029210315,"حلواني وجبة الدجاج",,"حلواني وجبة الدجاج",,,,,,,,https://images.openfoodfacts.org/images/products/622/102/921/0315/front_en.4.400.jpg,,
dump,6221029210322,"حلواني وجبة الدجاج الحارة",,"حلواني وجبة الدجاج الحارة",,,,,,,,https://images.openfoodfacts.org/images/products/622/102/921/0322/front_en.4.400.jpg,,
dump,6221029210339,"حلواني ستريبس الدجاج الحار",,"حلواني ستريبس الدجاج الحار",,,,,,,,https://images.openfoodfacts.org/images/products/622/102/921/0339/front_en.4.400.jpg,,
dump,6221029210674,"حلواني كوردن بلو",,"حلواني كوردن بلو",,,,400g,400,,,https://images.openfoodfacts.org/images/products/622/102/921/0674/front_en.4.400.jpg,,
dump,6221029210681,"حلواني تشيكن كييف",,"حلواني تشيكن كييف",,,,400g,400,,,https://images.openfoodfacts.org/images/products/622/102/921/0681/front_en.4.400.jpg,,
dump,6221029210865,"حلواني ناجتس",,"حلواني ناجتس",,,,,,,,https://images.openfoodfacts.org/images/products/622/102/921/0865/front_en.3.400.jpg,,
dump,6221029210872,"ستريبس الدجاج",,"ستريبس الدجاج",,"Halwani Broa",xx:halwani-broa,,,,,https://images.openfoodfacts.org/images/products/622/102/921/0872/front_en.4.400.jpg,,
dump,6221029210889,"حلواني ستريبس الدجاج الحار",,"حلواني ستريبس الدجاج الحار",,,,,,,,https://images.openfoodfacts.org/images/products/622/102/921/0889/front_en.4.400.jpg,,
dump,6221029210896,"حلواني تشيكن بوبس",,"حلواني تشيكن بوبس",,"Halawani Bros",halawani-bros,,,,,https://images.openfoodfacts.org/images/products/622/102/921/0896/front_en.4.400.jpg,,
dump,6221029211145,"حلواني اخوان جامبو برجر ١٥ قطعة",,"حلواني اخوان جامبو برجر ١٥ قطعة",,"Halwani Bros",halwani-bros,,,,,https://images.openfoodfacts.org/images/products/622/102/921/1145/front_en.4.400.jpg,,
dump,6221029211152,"Beef Kofta",,"Beef Kofta",,"Halwani Bros",xx:halwani-bros,"900 g",900,,,,,
dump,6221029670157,"Jam strawberry",,"Jam strawberry",,Halawany,xx:halawany,,,,,https://images.openfoodfacts.org/images/products/622/102/967/0157/front_en.4.400.jpg,,
dump,6221029700441,"حلوانى اخوان طحينه صافي ٤٧٥ جرام",,"حلوانى اخوان طحينه صافي ٤٧٥ جرام",,,,,,,,,,
dump,6221029700557,"طحينه حلوانى وزن صافي ١٢٠ جرام",,"طحينه حلوانى وزن صافي ١٢٠ جرام",,,,,,,,https://images.openfoodfacts.org/images/products/622/102/970/0557/front_en.3.400.jpg,,
dump,6221030000165,"البيا شمعدان",,"البيا شمعدان",,,,,,,,https://images.openfoodfacts.org/images/products/622/103/000/0165/front_en.3.400.jpg,,
dump,6221030002091,Nawaem,,Nawaem,,ELSHAMADAN,elshamadan,,,,,https://images.openfoodfacts.org/images/products/622/103/000/2091/front_en.3.400.jpg,,
dump,6221030002725,Extra,,Extra,,Katakito,katakito,,,,,https://images.openfoodfacts.org/images/products/622/103/000/2725/front_en.3.400.jpg,,
dump,6221030002916,Biscuit,,Biscuit,,,,,,,,https://images.openfoodfacts.org/images/products/622/103/000/2916/front_fr.3.400.jpg,,
dump,6221030003708,"Mini Katakito",,"Mini Katakito",,,,,,,,https://images.openfoodfacts.org/images/products/622/103/000/3708/front_fr.3.400.jpg,,
dump,6221030009984,"Mini kata-kito",,"Mini kata-kito",,,,,,,,,,
dump,6221030011734,"Wafer Biscuit Sugar Free White",,"Wafer Biscuit Sugar Free White",,Rave,xx:rave,,,,,,,
dump,6221030011758,"Wafer Biscuits Sugar Free",,"Wafer Biscuits Sugar Free",,Rave,xx:rave,,,,,,,
dump,6221030011987,"Sugar Free Wheat and Oat Biscuits",,"Sugar Free Wheat and Oat Biscuits",,"Bisk Light",xx:bisk-light,,,,,,,
dump,6221030012359,,,,,,,,,,,https://images.openfoodfacts.org/images/products/622/103/001/2359/front_ar.3.400.jpg,,
dump,6221030464141,"Wafer biscuits",,"Wafer biscuits",,Tasaly,tasaly,,,,,https://images.openfoodfacts.org/images/products/622/103/046/4141/front_en.3.400.jpg,,
dump,6221031000645,"Kabab potato ships",,"Kabab potato ships",,Chepsy,chepsy,,,,,,,
dump,6221031003868,"Karate - Kenana",,"Karate - Kenana",,,,,,,,,,
dump,6221031004278,,,,,,,,,,,https://images.openfoodfacts.org/images/products/622/103/100/4278/front_en.3.400.jpg,,
dump,6221031005398,"Tomatoes And Herbs Chips",,"Tomatoes And Herbs Chips",,"Forno Chipsy",xx:forno-chipsy,,,,,,,
dump,6221031490118,"Salt Chips",,"Salt Chips",,Chipsee,chipsee,,,,,,,
dump,6221031490767,,,,,Cheetos,xx:cheetos,,,,,https://images.openfoodfacts.org/images/products/622/103/149/0767/front_en.3.400.jpg,,
dump,6221031492051,"Doritos Nacho Cheese",,"Doritos Nacho Cheese",,Doritos,xx:doritos,,,,en:snacks|en:salty-snacks|en:appetizers|en:chips-and-fries|en:crisps|en:corn-chips,https://images.openfoodfacts.org/images/products/622/103/149/2051/front_en.21.400.jpg,,
dump,6221031492440,"Doritos Chips",,"Doritos Chips",,Doritos,doritos,,,,,https://images.openfoodfacts.org/images/products/622/103/149/2440/front_fr.3.400.jpg,,
dump,6221031492457,Doritos,,Doritos,,Doritos,doritos,,,,,https://images.openfoodfacts.org/images/products/622/103/149/2457/front_fr.3.400.jpg,,
dump,6221031492495,Doritos,,Doritos,,Doritos,xx:doritos,,,,,https://images.openfoodfacts.org/images/products/622/103/149/2495/front_en.4.400.jpg,,
dump,6221031493003,Sunbites,,Sunbites,,,,,,,,,,
dump,6221031494192,Lay's,,Lay's,,Lay’s,xx:lay-s,,,,en:plant-based-foods-and-beverages|en:plant-based-foods|en:snacks|en:cereals-and-potatoes|en:salty-snacks|en:appetizers|en:chips-and-fries|en:crisps|en:potato-crisps,https://images.openfoodfacts.org/images/products/622/103/149/4192/front_en.4.400.jpg,,
dump,6221031494369,"Crunchy flaming hot",,"Crunchy flaming hot",,,,,,,,https://images.openfoodfacts.org/images/products/622/103/149/4369/front_fr.3.400.jpg,,
dump,6221031496141,"Bread bites",,"Bread bites",,,,,,,,https://images.openfoodfacts.org/images/products/622/103/149/6141/front_fr.3.400.jpg,,
dump,6221032131522,"Flumox 500 cap",,"Flumox 500 cap",,,,1,,,,https://images.openfoodfacts.org/images/products/622/103/213/1522/front_en.3.400.jpg,,
dump,6221032220394,Dalacin,,Dalacin,,,,300,,,,,,
dump,6221033001510,"Cooking salsa",,"Cooking salsa",,Heinz,heinz,,,,,https://images.openfoodfacts.org/images/products/622/103/300/1510/front_en.3.400.jpg,,
dump,6221033001626,"Ketchup With Garlic And Oregano",,"Ketchup With Garlic And Oregano",,Heinz,xx:heinz,125g,125,,,https://images.openfoodfacts.org/images/products/622/103/300/1626/front_en.3.400.jpg,,
dump,6221033001633,"Ketchup Pickled",,"Ketchup Pickled",,Heinz,xx:heinz,125g,125,,,https://images.openfoodfacts.org/images/products/622/103/300/1633/front_en.3.400.jpg,,
dump,6221033101210,Ketchup,,Ketchup,,Heinz,heinz,"200 g",200,,en:condiments|en:sauces|en:tomato-sauces|en:ketchup|en:groceries,https://images.openfoodfacts.org/images/products/622/103/310/1210/front_fr.3.400.jpg,,
dump,6221033125384,"Tomato sauce",,"Tomato sauce",,Heinz,heinz,,,,,,,
dump,6221033177277,"Garlic mayo",,"Garlic mayo",,Heinz,heinz,,,,,https://images.openfoodfacts.org/images/products/622/103/317/7277/front_fr.3.400.jpg,,
dump,6221033177314,,,,,,,,,,,https://images.openfoodfacts.org/images/products/622/103/317/7314/front_en.3.400.jpg,,
dump,6221033177512,Mayonnaise,,Mayonnaise,,Heinz,heinz,,,,,https://images.openfoodfacts.org/images/products/622/103/317/7512/front_fr.3.400.jpg,,
dump,6221034831390,"66 caozelo dark chocolate with homemade hazelnut praline & crisp",,"66 caozelo dark chocolate with homemade hazelnut praline & crisp",,,,,,,,https://images.openfoodfacts.org/images/products/622/103/483/1390/front_fr.3.400.jpg,,
dump,6221034991001,"بالهنا 8 ق",,"بالهنا 8 ق",,,,,,,,https://images.openfoodfacts.org/images/products/622/103/499/1001/front_en.3.400.jpg,,
dump,6221046021710,"حليب إشطه كامل الدسم",,"حليب إشطه كامل الدسم",,,,,,,,https://images.openfoodfacts.org/images/products/622/104/602/1710/front_en.3.400.jpg,,
dump,6221046200139,"Full Cream Milk Eshta",,"Full Cream Milk Eshta",,Edafco,xx:edafco,,,,,https://images.openfoodfacts.org/images/products/622/104/620/0139/front_en.3.400.jpg,,
dump,6221048831645,"Demi glace",,"Demi glace",,Knorr,knorr,,,,,https://images.openfoodfacts.org/images/products/622/104/883/1645/front_en.3.400.jpg,,
dump,6221052505006,"Basil seeds",,"Basil seeds",,,,,,,,https://images.openfoodfacts.org/images/products/622/105/250/5006/front_en.5.400.jpg,,
dump,6221052505143,"Cardamom powder",,"Cardamom powder",,,,,,,,https://images.openfoodfacts.org/images/products/622/105/250/5143/front_en.3.400.jpg,,
dump,6221052505198,"Spice World Chilli Cruched",,"Spice World Chilli Cruched",,,,"200 g",200,,en:plant-based-foods-and-beverages|en:plant-based-foods|en:condiments|en:spices,https://images.openfoodfacts.org/images/products/622/105/250/5198/front_en.3.400.jpg,,
dump,6221052505235,قرفة,,قرفة,,,,"160 g",160,,,https://images.openfoodfacts.org/images/products/622/105/250/5235/front_en.3.400.jpg,,
dump,6221052505266,"Spice world cloves whole",,"Spice world cloves whole",,,,180g,180,,en:plant-based-foods-and-beverages|en:plant-based-foods|en:condiments|en:spices,https://images.openfoodfacts.org/images/products/622/105/250/5266/front_en.3.400.jpg,,
dump,6221052505303,"Spice World Cumin Seeds",,"Spice World Cumin Seeds",,,,260,0,,en:plant-based-foods-and-beverages|en:plant-based-foods|en:condiments|en:spices|en:cumin,https://images.openfoodfacts.org/images/products/622/105/250/5303/front_en.3.400.jpg,,
dump,6221052509240,Garam,,Garam,,SpicesWorld,spicesworld,500,0,,,https://images.openfoodfacts.org/images/products/622/105/250/9240/front_en.3.400.jpg,,
dump,6221053025558,"Beef Burger",,"Beef Burger",,Tazij,tazij,,,,,,,
dump,6221055003080,"مشروب ‏فاكهه ‏طبيعى",,"مشروب ‏فاكهه ‏طبيعى",,AGA,aga,١,,,,https://images.openfoodfacts.org/images/products/622/105/500/3080/front_xx.3.400.jpg,,
dump,6221065000918,,,,,,,,,,,https://images.openfoodfacts.org/images/products/622/106/500/0918/front_ar.4.400.jpg,,
dump,6221065004473,Tubes,,Tubes,,,,,,,,https://images.openfoodfacts.org/images/products/622/106/500/4473/front_fr.3.400.jpg,,
dump,6221065008303,جوليو,,جوليو,,,,,,,,https://images.openfoodfacts.org/images/products/622/106/500/8303/front_en.7.400.jpg,,
dump,6221065013666,,,,,,,,,,en:snacks|en:salty-snacks|en:appetizers|ar:chips,https://images.openfoodfacts.org/images/products/622/106/501/3666/front_ar.3.400.jpg,,
dump,6221068905760,Brufen,,Brufen,,,,600,,,,https://images.openfoodfacts.org/images/products/622/106/890/5760/front_en.3.400.jpg,,
dump,6221073000115,"Cocoa powder",,"Cocoa powder",,,,,,,,,,
dump,6221073001501,"Choco Max Mini",,"Choco Max Mini",,Bimbo,bimbo,,,,,,,
dump,6221073001877,"Mini Bimbo Choco Max",,"Mini Bimbo Choco Max",,Corona,xx:corona,,,,en:snacks|en:sweet-snacks|en:biscuits-and-cakes|en:biscuits-and-crackers|en:biscuits|en:biscuit-cookie-snack-w-chocolate-filling,,,
dump,6221073002577,"Dark Chocolate",,"Dark Chocolate",,Corona,corona,,,,,,,
dump,6221073002607,"Corona Dark",,"Corona Dark",,Corona,xx:corona,,,,,https://images.openfoodfacts.org/images/products/622/107/300/2607/front_en.4.400.jpg,,
dump,6221073004724,"Corona wafer",,"Corona wafer",,,,,,,,https://images.openfoodfacts.org/images/products/622/107/300/4724/front_fr.3.400.jpg,,
dump,6221073004939,,,,,,,,,,,https://images.openfoodfacts.org/images/products/622/107/300/4939/front_en.3.400.jpg,,
dump,6221073010343,"Crispy chocolate",,"Crispy chocolate",,Corona,xx:corona,1,0,,en:snacks|en:sweet-snacks|en:cocoa-and-its-products|en:chocolates,https://images.openfoodfacts.org/images/products/622/107/301/0343/front_en.3.400.jpg,,
dump,6221073010442,"كورونا اكسترا",,"كورونا اكسترا",,,,,,,,,,
dump,6221073011210,"Salted almond chocolate",,"Salted almond chocolate",,Corona,xx:corona,,,,,https://images.openfoodfacts.org/images/products/622/107/301/1210/front_en.4.400.jpg,,
dump,6221073011241,"كورونا ميلك",,"كورونا ميلك",,,,,,,,https://images.openfoodfacts.org/images/products/622/107/301/1241/front_en.3.400.jpg,,
dump,6221073011340,"كورونا لايت صغير",,"كورونا لايت صغير",,,,,,,en:snacks|en:sweet-snacks|en:cocoa-and-its-products|en:chocolates,https://images.openfoodfacts.org/images/products/622/107/301/1340/front_en.10.400.jpg,,
dump,6221073011791,"Corona Crisby Chocolate",,"Corona Crisby Chocolate",,,,,,,,https://images.openfoodfacts.org/images/products/622/107/301/1791/front_en.3.400.jpg,,
dump,6221073011821,"Milk Chocolate",,"Milk Chocolate",,Corona,corona,,,,,,,
dump,6221073011975,corona,,corona,,,,,,,,https://images.openfoodfacts.org/images/products/622/107/301/1975/front_en.3.400.jpg,,
dump,6221073011982,"Corona milk hazelnut",,"Corona milk hazelnut",,,,,,,,https://images.openfoodfacts.org/images/products/622/107/301/1982/front_en.3.400.jpg,,
dump,6221073012224,"Stevia Chocolate no sugar",,"Stevia Chocolate no sugar",,Corona,xx:corona,,,,,,,
dump,6221073012255,"Stevia Dark Almond",,"Stevia Dark Almond",,Corona,xx:corona,,,,,,,
dump,6221073029512,"Ona Sour Cream Protein Chips",,"Ona Sour Cream Protein Chips",,ONA,xx:ona,,,,,https://images.openfoodfacts.org/images/products/622/107/302/9512/front_en.3.400.jpg,,
dump,6221076011040,"Fastel 180",,"Fastel 180",,,,1,,,en:non-food-products,,,
dump,6221077020416,Newbezim,,Newbezim,,,,40,,,,https://images.openfoodfacts.org/images/products/622/107/702/0416/front_en.4.400.jpg,,
dump,6221078001957,"Creamy Peanut Butter",,"Creamy Peanut Butter",,Imtenan,xx:imtenan,,,,,,,
dump,6221078021184,"Bee honey",,"Bee honey",,,,,,,,https://images.openfoodfacts.org/images/products/622/107/802/1184/front_fr.3.400.jpg,,
dump,6221078022105,,,,,,,,,,,,,
dump,6221078065126,"Protein Bar With Coconut",,"Protein Bar With Coconut",,Imtenan,xx:imtenan,,,,,,,
dump,6221078107512,"Protein bar",,"Protein bar",,,,"20 g",20,,,https://images.openfoodfacts.org/images/products/622/107/810/7512/front_fr.7.400.jpg,,
dump,6221078134396,"Raw Brown Sugar",,"Raw Brown Sugar",,Imtenan,xx:imtenan,,,,,,,
dump,6221078762001,"Diet Support Tea Bag",,"Diet Support Tea Bag",,Imtenan,xx:imtenan,,,,,,,
dump,6221078762469,"Soy Protein Isolate",,"Soy Protein Isolate",,Imtenan,xx:imtenan,"250 g",250,,,https://images.openfoodfacts.org/images/products/622/107/876/2469/front_en.3.400.jpg,,
dump,6221078763428,"wheat germ oil",,"wheat germ oil",,IMTENAN,xx:imtenan,,,,,https://images.openfoodfacts.org/images/products/622/107/876/3428/front_en.6.400.jpg,,
dump,6221078768744,"Vanilla Whey Protein",,"Vanilla Whey Protein",,Imtenan,xx:imtenan,,,,,https://images.openfoodfacts.org/images/products/622/107/876/8744/front_en.3.400.jpg,,
dump,6221078768751,"Whey Protein",,"Whey Protein",,Imtenan,xx:imtenan,,,,,,,
dump,6221078768768,"Vanilla Whey Protein",,"Vanilla Whey Protein",,Imtenan,imtenan,,,,,,,
dump,6221078768973,"Imtenan Clover Blossom Honey",,"Imtenan Clover Blossom Honey",,,,,,,,https://images.openfoodfacts.org/images/products/622/107/876/8973/front_fr.3.400.jpg,,
dump,6221078771867,"chia seeds",,"chia seeds",,imtenan,xx:imtenan,,,,,https://images.openfoodfacts.org/images/products/622/107/877/1867/front_en.3.400.jpg,,
dump,6221078842253,"Wheat Germ",,"Wheat Germ",,Emtinan,emtinan,,,,,,,
dump,6221094011220,"شركه التيا",,"شركه التيا",,,,,,,,https://images.openfoodfacts.org/images/products/622/109/401/1220/front_en.3.400.jpg,,
dump,6221111882222,"Tortellini ricotta épinards",,"Tortellini ricotta épinards",,,,,,,,,,
dump,6221134000689,,,,,Galaxy,galaxy,,,,,https://images.openfoodfacts.org/images/products/622/113/400/0689/front_ar.3.400.jpg,,
dump,6221134005394,galaxy,,galaxy,,,,,,,,https://images.openfoodfacts.org/images/products/622/113/400/5394/front_en.3.400.jpg,,
dump,6221134010121,"Galaxy Chocolate",,"Galaxy Chocolate",,Galaxy,xx:galaxy,,,,,,,
dump,6221134010671,"تويكس ويفر رول",,"تويكس ويفر رول",,Wrigley,xx:wrigley,22.5g,22.5,,en:snacks|en:sweet-snacks|en:cocoa-and-its-products|en:confectioneries|en:chocolate-candies,https://images.openfoodfacts.org/images/products/622/113/401/0671/front_en.43.400.jpg,,
dump,6221134013016,Snickers×2,,Snickers×2,,Snickers,xx:snickers,,,,,https://images.openfoodfacts.org/images/products/622/113/401/3016/front_en.3.400.jpg,,
dump,6221134014457,"Bounty trio ×3",,"Bounty trio ×3",,,,,,,,,,
dump,6221134014532,"Bounty Bar 25G",,"Bounty Bar 25G","Bounty Bar 25G",Bounty,xx:bounty,25g,25,,,https://images.openfoodfacts.org/images/products/622/113/401/4532/front_ar.12.400.jpg,,
dump,6221134031188,,,,,,,,,,,https://images.openfoodfacts.org/images/products/622/113/403/1188/front_en.3.400.jpg,,
dump,6221155001252,,,,,,,,,,,https://images.openfoodfacts.org/images/products/622/115/500/1252/front_en.3.400.jpg,,
dump,6221155002174,"كنور كريمة فطر",,"كنور كريمة فطر",,,,,,,,,,
dump,6221155013064,"Green Tea",,"Green Tea",,Lipton,lipton,"25 baga",0,,,https://images.openfoodfacts.org/images/products/622/115/501/3064/front_en.3.400.jpg,,
dump,6221155063366,sunsilk,,sunsilk,,,,180,0,,,https://images.openfoodfacts.org/images/products/622/115/506/3366/front_en.3.400.jpg,,
dump,6221155072351,"GREEN TEA",,"GREEN TEA",,Lipton,lipton,,,,en:beverages|en:hot-beverages,https://images.openfoodfacts.org/images/products/622/115/507/2351/front_fr.3.400.jpg,,
dump,6221155108739,"gelatin powder",,"gelatin powder",,,,"1 kg",1000,,,https://images.openfoodfacts.org/images/products/622/115/510/8739/front_en.3.400.jpg,,
dump,6221155112453,"Knorr Vegetable Stock",,"Knorr Vegetable Stock",,Knorr,xx:knorr,,,,,https://images.openfoodfacts.org/images/products/622/115/511/2453/front_fr.5.400.jpg,,
dump,6221155123084,AXE,,AXE,,,,1,0,,,,,
dump,6221155146601,"منور خلطه شاورما سوري",,"منور خلطه شاورما سوري",,,,,,,,,,
dump,6221155214287,"خلطة كفتة سيخ كنور",,"خلطة كفتة سيخ كنور",,,,,,,,https://images.openfoodfacts.org/images/products/622/115/521/4287/front_en.5.400.jpg,,
dump,6221155214300,,,,,,,,,,,https://images.openfoodfacts.org/images/products/622/115/521/4300/front_en.3.400.jpg,,
dump,6221250041986,"Cuisses de poulet - Monoprix - Monoprix",,"Cuisses de poulet - Monoprix - Monoprix",,,,,,,,,,
dump,6221295004472,"Peanut Butter",,"Peanut Butter",,Breadfast,breadfast,,,,,,,
dump,6221295006186,,,,,,,,,,,,,
dump,6221295006216,"Hazelnut Fudge Protein Bar",,"Hazelnut Fudge Protein Bar",,BYLD,xx:byld,,,,,,,
dump,6221295006223,"Chocolate Brownies Protien Bar",,"Chocolate Brownies Protien Bar",,BYLD,xx:byld,,,,,,,
dump,6221295007718,"Wild Berry Iced Tea",,"Wild Berry Iced Tea",,Breadfast,breadfast,,,,,,,
dump,6221295009002,"Marshmallow Rice Krispy",,"Marshmallow Rice Krispy",,Breadfast,breadfast,,,,,https://images.openfoodfacts.org/images/products/622/129/500/9002/front_en.3.400.jpg,,
dump,6221295010138,Tortilla,,Tortilla,,Breakfast,breakfast,,,,,,,
dump,6221295012798,"Salsa Picante",,"Salsa Picante",,Breadfast,xx:breadfast,,,,,https://images.openfoodfacts.org/images/products/622/129/501/2798/front_es.3.400.jpg,,
dump,6221295012828,"Jalapeno Cheddar Sauce",,"Jalapeno Cheddar Sauce",,Breadfast,xx:breadfast,,,,,https://images.openfoodfacts.org/images/products/622/129/501/2828/front_en.3.400.jpg,,
dump,6221295013702,,,,,,,,,,en:dietary-supplements|en:bodybuilding-supplements|en:protein-bars,https://images.openfoodfacts.org/images/products/622/129/501/3702/front_en.3.400.jpg,,
dump,6221295013726,"Milk Caramel Crisp Protein Bar",,"Milk Caramel Crisp Protein Bar",,Byld,xx:byld,,,,,,,
dump,6221295038606,"Breadfast Premium Turkey Breast & Caramelized Onion Wrap",,"Breadfast Premium Turkey Breast & Caramelized Onion Wrap",,ReallyGood,xx:reallygood,,,,,,,
dump,6221333000046,"salt chips",,"salt chips",,,,,,,,https://images.openfoodfacts.org/images/products/622/133/300/0046/front_fr.3.400.jpg,,
dump,6221333000732,"Doritos flamin'hot أشكيف",,"Doritos flamin'hot أشكيف",,,,,,,,,,
dump,6221333001203,cheetos,,cheetos,,,,,,,,,,
dump,6221333002095,,,,,,,,,,en:snacks,https://images.openfoodfacts.org/images/products/622/133/300/2095/front_ar.3.400.jpg,,
dump,6221333002736,,,,,,,,,,,https://images.openfoodfacts.org/images/products/622/133/300/2736/front_en.3.400.jpg,,
dump,6221333002811,,,,,,,,,,,https://images.openfoodfacts.org/images/products/622/133/300/2811/front_en.3.400.jpg,,
dump,6221333002842,"Forno Fusion Mediterranean Greek Mix",,"Forno Fusion Mediterranean Greek Mix",,Chipsy,xx:chipsy,,,,,https://images.openfoodfacts.org/images/products/622/133/300/2842/front_en.4.400.jpg,,
dump,6221333002859,"Tomato And Herbs",,"Tomato And Herbs",,"Chipsy Forno",xx:chipsy-forno,,,,,,,
dump,6221333002903,,,,,,,,,,,https://images.openfoodfacts.org/images/products/622/133/300/2903/front_en.3.400.jpg,,
dump,6221333003016,"Cheetos Crunchy",,"Cheetos Crunchy",,Cheetos,xx:cheetos,,,,,,,
dump,6221333003030,,,,,,,,,,en:processed-food,https://images.openfoodfacts.org/images/products/622/133/300/3030/front_en.3.400.jpg,,
dump,6221333003801,"kettle cooked chicken soy glaze",,"kettle cooked chicken soy glaze",,chipsy,xx:chipsy,,,,,,,
dump,6221333005546,,,,,,,,,,,https://images.openfoodfacts.org/images/products/622/133/300/5546/front_en.3.400.jpg,,
dump,6221333006017,,,,,,,,,,,https://images.openfoodfacts.org/images/products/622/133/300/6017/front_en.3.400.jpg,,
dump,6221333006260,,,,,,,,,,,https://images.openfoodfacts.org/images/products/622/133/300/6260/front_en.3.400.jpg,,
dump,6221420028731,"Filets de poulet jaune",,"Filets de poulet jaune",,,,,,,,,,
dump,6221592143249,"Sugar Free Halawa",,"Sugar Free Halawa",,"Florentine Foods",xx:florentine-foods,,,,,,,
dump,6221592646269,"Sugar Free Halva",,"Sugar Free Halva",,Florentine,xx:florentine,,,,,,,
dump,62217927,Vkusnashka,,Vkusnashka,,Ovsanie,ovsanie,,,,,,,
dump,6222000300469,,,,,,,,,,en:beverages-and-beverages-preparations|en:beverage-preparations|en:syrups|en:flavoured-syrups|en:rose-syrups,,,
dump,6222000400169,"Frozen Bamya",,"Frozen Bamya",,Montana,montana,,,,,,,
dump,6222000431873,"Chopped spinach",,"Chopped spinach",,Luxor,luxor,,,,,https://images.openfoodfacts.org/images/products/622/200/043/1873/front_en.3.400.jpg,,
dump,6222000505291,,,,,,,,,,,,,
dump,6222000525756,"Corn oil",,"Corn oil",,,,2.2l,2200,,,https://images.openfoodfacts.org/images/products/622/200/052/5756/front_en.3.400.jpg,,
dump,6222000552455,"EL HAHIM",,"EL HAHIM",,,,,,,,,,
dump,6222000553445,كريستال,,كريستال,,,,,,,,,,
dump,6222000902540,,,,,,,,,,,https://images.openfoodfacts.org/images/products/622/200/090/2540/front_en.3.400.jpg,,
dump,6222001100341,"Biscuits With Coconut",,"Biscuits With Coconut",,"Bisco misr",bisco-misr,,,,,,,
dump,6222001103526,,,,,,,,,,,https://images.openfoodfacts.org/images/products/622/200/110/3526/front_en.3.400.jpg,,
dump,6222001103656,"Cocoa lovers biscuits fruits and nuts",,"Cocoa lovers biscuits fruits and nuts",,,,,,,,https://images.openfoodfacts.org/images/products/622/200/110/3656/front_fr.3.400.jpg,,
dump,6222001130133,Marie,,Marie,,"Bisco Luxe",xx:bisco-luxe,,,,,https://images.openfoodfacts.org/images/products/622/200/113/0133/front_ar.3.400.jpg,,
dump,6222003006528,"En-cas de date au sesame",,"En-cas de date au sesame",,,,,,,,https://images.openfoodfacts.org/images/products/622/200/300/6528/front_en.4.400.jpg,,
dump,6222003006771,"Brown Lentils",,"Brown Lentils",,Sekem,xx:sekem,,,,,https://images.openfoodfacts.org/images/products/622/200/300/6771/front_fr.3.400.jpg,,
dump,6222003009451,Isis,,Isis,,,,,,,,https://images.openfoodfacts.org/images/products/622/200/300/9451/front_fr.3.400.jpg,,
dump,6222003701966,Extrauma,,Extrauma,,,,,,,,https://images.openfoodfacts.org/images/products/622/200/370/1966/front_en.4.400.jpg,,
dump,6222004198017,,,,,,,,,,en:c,https://images.openfoodfacts.org/images/products/622/200/419/8017/front_en.3.400.jpg,,
dump,6222006200701,"ثري شيفز ناجتس الدجاج",,"ثري شيفز ناجتس الدجاج",,,,,,,,https://images.openfoodfacts.org/images/products/622/200/620/0701/front_en.3.400.jpg,,
dump,6222006201807,"ثري شيفز هوت دوج بقري ١ كيلو",,"ثري شيفز هوت دوج بقري ١ كيلو",,,,,,,,https://images.openfoodfacts.org/images/products/622/200/620/1807/front_en.3.400.jpg,,
dump,6222006201838,"ثري شيفز وجبة دجاج مقلي مع بطاطس",,"ثري شيفز وجبة دجاج مقلي مع بطاطس",,,,,,,,https://images.openfoodfacts.org/images/products/622/200/620/1838/front_en.4.400.jpg,,
dump,6222006201883,"Chicken Pane",,"Chicken Pane",,"Three Chefs",three-chefs,,,,,,,
dump,6222006202118,"ثري شيفز شيش كفتة ٩٠٠ جرام",,"ثري شيفز شيش كفتة ٩٠٠ جرام",,,,,,,,https://images.openfoodfacts.org/images/products/622/200/620/2118/front_en.4.400.jpg,,
dump,6222006502829,Bravamax,,Bravamax,,,,,,,,https://images.openfoodfacts.org/images/products/622/200/650/2829/front_en.3.400.jpg,,
dump,6222009519220,"Lambada Dark Wafer",,"Lambada Dark Wafer",,Lambada,xx:lambada,,,,,https://images.openfoodfacts.org/images/products/622/200/951/9220/front_en.3.400.jpg,,
dump,6222009565708,"Mini Chocolate Croissant",,"Mini Chocolate Croissant",,Lambada,xx:lambada,,,,,https://images.openfoodfacts.org/images/products/622/200/956/5708/front_fr.3.400.jpg,,
dump,6222010610992,adol,,adol,,,,500,,,,https://images.openfoodfacts.org/images/products/622/201/061/0992/front_en.3.400.jpg,,
dump,6222014300011,"Sour Cream",,"Sour Cream",,Juhayna,xx:juhayna,,,,,https://images.openfoodfacts.org/images/products/622/201/430/0011/front_en.4.400.jpg,,
dump,6222014300028,,,,,,,,,,,https://images.openfoodfacts.org/images/products/622/201/430/0028/front_en.3.400.jpg,,
dump,6222014300035,"Light Yogurt - Juhayna",,"Light Yogurt - Juhayna",,,,,,,,,,
dump,6222014300196,"Greek mix berries & oats drinkable yogurt",,"Greek mix berries & oats drinkable yogurt",,Juhayna,xx:juhayna,,,,en:dairies|en:fermented-foods|en:fermented-milk-products|en:desserts|en:dairy-desserts|en:fermented-dairy-desserts|en:yogurts,https://images.openfoodfacts.org/images/products/622/201/430/0196/front_en.6.400.jpg,,
dump,6222014300424,"Mixed Berries Yoghurt",,"Mixed Berries Yoghurt",,Juhayna,xx:juhayna,,,,,https://images.openfoodfacts.org/images/products/622/201/430/0424/front_en.3.400.jpg,,
dump,6222014301063,"Mix Chocolate 30% Less Sugar",,"Mix Chocolate 30% Less Sugar",,Juhayna,xx:juhayna,,,,,,,
dump,6222014301186,"Mon Cherry Fruit Drink",,"Mon Cherry Fruit Drink",,Juhayna,xx:juhayna,,,,,,,
dump,6222014301216,"Vanilla Pudding",,"Vanilla Pudding",,Juhayna,xx:juhayna,,,,,,,
dump,6222014301230,"Salted Caramel Pudding",,"Salted Caramel Pudding",,Juhayna,xx:juhayna,,,,,https://images.openfoodfacts.org/images/products/622/201/430/1230/front_en.4.400.jpg,,
dump,6222014301315,"Greek Yogurt Oats",,"Greek Yogurt Oats",,Juhayna,xx:juhayna,180,,,en:dairies|en:fermented-foods|en:fermented-milk-products|en:desserts|en:dairy-desserts|en:fermented-dairy-desserts|en:yogurts|en:greek-style-yogurts|en:زبادي-يوناني,https://images.openfoodfacts.org/images/products/622/201/430/1315/front_en.14.400.jpg,,
dump,6222014301322,"Greek Pineapple Yogurt",,"Greek Pineapple Yogurt",,Juhayna,xx:juhayna,,,,,https://images.openfoodfacts.org/images/products/622/201/430/1322/front_en.4.400.jpg,,
dump,6222014301346,"Greek Yogurt Apple Pie Yogurt",,"Greek Yogurt Apple Pie Yogurt",,Juhayna,xx:juhayna,,,,,https://images.openfoodfacts.org/images/products/622/201/430/1346/front_en.8.400.jpg,,
dump,6222014301360,"Diet Yogurt",,"Diet Yogurt",,Juhaina,xx:juhaina,,,,,,,
dump,6222014301599,"Rayeb (Mango & Coconut)",,"Rayeb (Mango & Coconut)",,Juhayna,xx:juhayna,,,,,https://images.openfoodfacts.org/images/products/622/201/430/1599/front_en.3.400.jpg,,
dump,6222014301605,"Juhayna Rayeb Sobia Mango",,"Juhayna Rayeb Sobia Mango",,Juhayna,xx:juhayna,,,,,https://images.openfoodfacts.org/images/products/622/201/430/1605/front_en.3.400.jpg,,
dump,6222014302565,"Turkish labneh Sundried tomatoes",,"Turkish labneh Sundried tomatoes",,Juhayna,xx:juhayna,,,,,,,
dump,6222014302602,"Dates Greek Yogurt",,"Dates Greek Yogurt",,Juhayna,xx:juhayna,,,,,,,
dump,6222014302619,"Fig and Raisins Greek Yogurt",,"Fig and Raisins Greek Yogurt",,Juhayna,xx:juhayna,,,,,,,
dump,6222014302640,"Rayeb Dates Almond",,"Rayeb Dates Almond",,Juhayna,xx:juhayna,,,,,https://images.openfoodfacts.org/images/products/622/201/430/2640/front_en.3.400.jpg,,
dump,6222014302657,"Rayeb Dates And Almonds",,"Rayeb Dates And Almonds",,Juhayna,xx:juhayna,,,,,,,
dump,6222014310294,"لبن خالى لاكتوز 1 لتر",,"لبن خالى لاكتوز 1 لتر",,,,,,,,https://images.openfoodfacts.org/images/products/622/201/431/0294/front_en.3.400.jpg,,
dump,6222014311123,,,,,جهينه,جهينه,,,,,https://images.openfoodfacts.org/images/products/622/201/431/1123/front_en.3.400.jpg,,
dump,6222014311284,"لبن خالى لاكتوز ودسم 1 لتر",,"لبن خالى لاكتوز ودسم 1 لتر",,Juhayna,xx:juhayna,,,,,https://images.openfoodfacts.org/images/products/622/201/431/1284/front_en.3.400.jpg,,
dump,6222014312410,"Oat Milk شوفان",,"Oat Milk شوفان",,,,,,,,https://images.openfoodfacts.org/images/products/622/201/431/2410/front_en.3.400.jpg,,
dump,6222014312441,"لبن جوزهند ا لتر",,"لبن جوزهند ا لتر",,Juhayna,xx:juhayna,,,,en:beverages-and-beverages-preparations|en:plant-based-foods-and-beverages|en:beverages|en:dairy-substitutes|en:milk-substitutes|en:plant-based-beverages|en:plant-based-milk-alternatives|en:coconut-based-drinks,https://images.openfoodfacts.org/images/products/622/201/431/2441/front_en.5.400.jpg,,
dump,6222014317019,"Whipping cream",,"Whipping cream",,Juhayna,xx:juhayna,,,,,https://images.openfoodfacts.org/images/products/622/201/431/7019/front_fr.3.400.jpg,,
dump,6222014318016,"Cooking Cream",,"Cooking Cream",,Juhayna,xx:juhayna,,,,,,,
dump,6222014330650,"Juhayna mango peach",,"Juhayna mango peach",,,,235ml,235,,en:plant-based-foods-and-beverages|en:beverages|en:plant-based-beverages|en:juices-and-nectars,https://images.openfoodfacts.org/images/products/622/201/433/0650/front_en.4.400.jpg,,
dump,6222014330667,"Jus d'orange",,"Jus d'orange",,,,,,,,https://images.openfoodfacts.org/images/products/622/201/433/0667/front_fr.3.400.jpg,,
dump,6222014330674,"Juhayna coctail",,"Juhayna coctail",,Juhayna,xx:juhayna,235ml,235,,en:plant-based-foods-and-beverages|en:beverages|en:plant-based-beverages|en:fruit-based-beverages|en:juices-and-nectars|en:fruit-juices|en:fruit-juices-from-concentrate,https://images.openfoodfacts.org/images/products/622/201/433/0674/front_en.5.400.jpg,,
dump,6222014335518,"Pure orange juice",,"Pure orange juice",,,,,,,,https://images.openfoodfacts.org/images/products/622/201/433/5518/front_fr.3.400.jpg,,
dump,6222014335563,"Pure Mango Peach juice",,"Pure Mango Peach juice",,,,,,,,https://images.openfoodfacts.org/images/products/622/201/433/5563/front_fr.3.400.jpg,,
dump,6222014335570,"Pure Guava Cocktail",,"Pure Guava Cocktail",,,,,,,,https://images.openfoodfacts.org/images/products/622/201/433/5570/front_fr.3.400.jpg,,
dump,6222014336768,"Hibiscus Juice",,"Hibiscus Juice",,Juhayna,xx:juhayna,,,,,,,
dump,6222014351723,"Rayeb Cinnamon",,"Rayeb Cinnamon",,Juhayna,xx:juhayna,,,,,,,
dump,6222014351877,"Juhayna skimmed yoghurt",,"Juhayna skimmed yoghurt",,,,,,,,https://images.openfoodfacts.org/images/products/622/201/435/1877/front_en.3.400.jpg,,
dump,6222014352010,6222014352010,,6222014352010,,Juhayna,xx:juhayna,,,,,https://images.openfoodfacts.org/images/products/622/201/435/2010/front_ar.4.400.jpg,,
dump,6222014352225,"Rayeb green tea with  limon",,"Rayeb green tea with  limon",,,,,,,,,,
dump,6222014352423,,,,,,,,,,,https://images.openfoodfacts.org/images/products/622/201/435/2423/front_it.3.400.jpg,,
dump,6222014353109,"Strawberry Greek yogurt",,"Strawberry Greek yogurt",,Juhayna,juhayna,,,,,https://images.openfoodfacts.org/images/products/622/201/435/3109/front_en.3.400.jpg,,
dump,6222014353130,"Greek Peach Yogurt",,"Greek Peach Yogurt",,Juhayna,xx:juhayna,,,,,https://images.openfoodfacts.org/images/products/622/201/435/3130/front_en.6.400.jpg,,
dump,6222014353147,"Vanilla Greek yogurt",,"Vanilla Greek yogurt",,Juhayna,xx:juhayna,,,,,https://images.openfoodfacts.org/images/products/622/201/435/3147/front_en.4.400.jpg,,
dump,6222014354298,,,,,جهينه,جهينه,"١٨٠ جرام",0,,en:dairies|en:fermented-foods|en:fermented-milk-products,https://images.openfoodfacts.org/images/products/622/201/435/4298/front_en.5.400.jpg,,
dump,6222014504976,"mink hair cream with balsam",,"mink hair cream with balsam",,,,,,,,,,
dump,6222014700774,Tourly,,Tourly,,"Green House",green-house,,,,,,,
dump,6222014701535,"Frozen Fig",,"Frozen Fig",,"Green House",green-house,,,,,,,
dump,6222016709454,,,,,,,"250 g",250,,en:beverages-and-beverages-preparations|en:beverages|en:caffeine,https://images.openfoodfacts.org/images/products/622/201/670/9454/front_en.3.400.jpg,,
dump,6222019612560,روج,,روج,,,,,,,,https://images.openfoodfacts.org/images/products/622/201/961/2560/front_en.3.400.jpg,,
dump,6222020800352,"Moro Ice Cream",,"Moro Ice Cream",,Cadbury,xx:cadbury,,,,,,,
dump,6222020800512,"Ice cream cone nestle",,"Ice cream cone nestle",,,,,,,,,,
dump,6222020802714,"Dairy milk ice cream",,"Dairy milk ice cream",,,,,,,,https://images.openfoodfacts.org/images/products/622/202/080/2714/front_en.4.400.jpg,,
dump,6222020802899,"Kitkat icecream",,"Kitkat icecream",,Nestle,xx:nestle,,,,,https://images.openfoodfacts.org/images/products/622/202/080/2899/front_en.4.400.jpg,,
dump,6222020803155,"Paradise sandwich ice cream",,"Paradise sandwich ice cream",,,,,,,en:desserts|en:frozen-foods|en:frozen-desserts|en:ice-creams-and-sorbets,https://images.openfoodfacts.org/images/products/622/202/080/3155/front_en.4.400.jpg,,
dump,6222020803490,"Oreo chocolate icecream",,"Oreo chocolate icecream",,,,,,,,https://images.openfoodfacts.org/images/products/622/202/080/3490/front_en.6.400.jpg,,
dump,6222020803513,"Oreo icecream",,"Oreo icecream",,,,,,,,https://images.openfoodfacts.org/images/products/622/202/080/3513/front_fr.3.400.jpg,,
dump,6222020803698,"Caramel ice cream",,"Caramel ice cream",,,,,,,,https://images.openfoodfacts.org/images/products/622/202/080/3698/front_fr.3.400.jpg,,
dump,6222020803766,"كرنفاليتا تويست",,"كرنفاليتا تويست",,Nestle,nestle,,,,,https://images.openfoodfacts.org/images/products/622/202/080/3766/front_en.3.400.jpg,,
dump,6222020804466,"Ice cream vanillia",,"Ice cream vanillia",,,,,,,,https://images.openfoodfacts.org/images/products/622/202/080/4466/front_fr.3.400.jpg,,
dump,6222020804558,"Paradise mango sorbet",,"Paradise mango sorbet",,,,,,,,https://images.openfoodfacts.org/images/products/622/202/080/4558/front_en.5.400.jpg,,
dump,6222020804848,,,,,,,,,,,https://images.openfoodfacts.org/images/products/622/202/080/4848/front_en.3.400.jpg,,
dump,6222020804947,"Vanilla Ice-cream",,"Vanilla Ice-cream",,Mega,mega,,,,,,,
dump,6222020804985,"Mega White Chocolate Ice-cream",,"Mega White Chocolate Ice-cream",,Nestle,xx:nestle,,,,,,,
dump,6222020805111,"Chocolate Vanilla Ice Cream Cone",,"Chocolate Vanilla Ice Cream Cone",,Nestle,xx:nestle,,,,,,,
dump,6222020805128,Vanilla,,Vanilla,,"Kimo Cono",xx:kimo-cono,,,,,,,
dump,6222020806705,"Caramelized Biscuits",,"Caramelized Biscuits",,KimoCono,xx:kimocono,,,,,,,
dump,6222020806910,"Squizz Berry Lemonade",,"Squizz Berry Lemonade",,Nestle,xx:nestle,,,,,https://images.openfoodfacts.org/images/products/622/202/080/6910/front_en.4.400.jpg,,
dump,6222020807276,"Chocolate Ice Cream",,"Chocolate Ice Cream",,"Dolce Sauce",dolce-sauce,,,,,,,
dump,6222020807344,"Vanilla With Chocolate Sauce",,"Vanilla With Chocolate Sauce",,Dolce,xx:dolce,,,,,,,
dump,6222020807351,"Squiz Twis",,"Squiz Twis",,Nestle,nestle,,,,,,,
dump,6222020807375,"Strawberry Vanilla Crunch",,"Strawberry Vanilla Crunch",,"Mega - Nestle",mega-nestle,,,,,,,
dump,6222020807474,"Twist Orange Pineapple Strawberry",,"Twist Orange Pineapple Strawberry",,Squizz,xx:squizz,,,,,,,
dump,6222020807887,"Oreo Ice Cream Sandwitch",,"Oreo Ice Cream Sandwitch","Oreo Ice Cream Sandwitch",Oreo,xx:oreo,,,,,https://images.openfoodfacts.org/images/products/622/202/080/7887/front_en.6.400.jpg,,
dump,6222020808068,"mega mango vanilla crunch",,"mega mango vanilla crunch",,Nestlé,xx:nestle,,,,,,,
dump,6222020808242,"Strawberry Cheesecake Icecream Sandwich",,"Strawberry Cheesecake Icecream Sandwich",,Dolce,xx:dolce,,,,,,,
dump,6222020808471,"BlackBerry Yoghurt",,"BlackBerry Yoghurt",,Mega,xx:mega,,,,,,,
dump,6222023700086,"Max Iso meal — Cookies",,"Max Iso meal — Cookies",,MaxMuscle,maxmuscle,,,,,,,
dump,6222023700178,Creatine,,Creatine,,Maxmuscle,xx:maxmuscle,,,,,https://images.openfoodfacts.org/images/products/622/202/370/0178/front_en.3.400.jpg,,
dump,6222023700208,"Quick Oats",,"Quick Oats",,"Organic Nation",xx:organic-nation,,,,,,,
dump,6222023700390,"Carb-Up Powder Pineapple Flavor",,"Carb-Up Powder Pineapple Flavor",,"Max Muscle",xx:max-muscle,,,,,https://images.openfoodfacts.org/images/products/622/202/370/0390/front_en.3.400.jpg,,
dump,6222023701236,"Vanilla Birthday Cake Protein Bar",,"Vanilla Birthday Cake Protein Bar",,"Organic Nation",xx:organic-nation,,,,,,,
dump,6222023701250,"Organic nation",,"Organic nation",,,,,,,,https://images.openfoodfacts.org/images/products/622/202/370/1250/front_en.3.400.jpg,,
dump,6222023701755,"Cashew Spread",,"Cashew Spread",,"Organic Nation",xx:organic-nation,,,,,,,
dump,6222023702059,"Guilt Free Chocolate Spread",,"Guilt Free Chocolate Spread",,"Organic Nation",xx:organic-nation,,,,,,,
dump,6222023702165,"Iso Complex Chocolate",,"Iso Complex Chocolate",,Maxmuscle,maxmuscle,,,,,,,
dump,6222023702196,"Snack Attack — Nacho Cheese",,"Snack Attack — Nacho Cheese",,"Organic Nation",organic-nation,,,,,https://images.openfoodfacts.org/images/products/622/202/370/2196/front_en.3.400.jpg,,
dump,6222023702257,"Snack Attack - Tomato & Basil",,"Snack Attack - Tomato & Basil",,"Organic Nation",xx:organic-nation,,,,,,,
dump,6222023702998,"Abu Auf Salted Rice Cake",,"Abu Auf Salted Rice Cake",,"Abu Auf",abu-auf,,,,,,,
dump,6222023703315,"Hot Barbecue",,"Hot Barbecue",,"Guilt Free",xx:guilt-free,,,,,,,
dump,6222023703759,"White Rice Cakes",,"White Rice Cakes",,"Organic Nation",xx:organic-nation,,,,,,,
dump,6222023703766,"Mini Rice Cakes Milk Chocolate",,"Mini Rice Cakes Milk Chocolate",,"Organic Nation",xx:organic-nation,,,,,https://images.openfoodfacts.org/images/products/622/202/370/3766/front_en.3.400.jpg,,
dump,6222024101462,Blox,,Blox,,,,,,,,,,
dump,6222024101967,"Mc VitiesNiBBLES MILK CHOCOLTE",,"Mc VitiesNiBBLES MILK CHOCOLTE",,,,,,,,https://images.openfoodfacts.org/images/products/622/202/410/1967/front_en.3.400.jpg,,
dump,6222024102346,Halley,,Halley,,Mcvities,xx:mcvities,,,,,,,
dump,6222024102407,"Finger Biscuits",,"Finger Biscuits",,Ulker,xx:ulker,,,,,,,
dump,6222024103060,,,,,,,,,,,https://images.openfoodfacts.org/images/products/622/202/410/3060/front_en.3.400.jpg,,
dump,6222024103121,"Oat biscuits",,"Oat biscuits",,Mcvitiee,mcvitiee,,,,,,,
dump,6222024103459,"Ulker teabiscuit",,"Ulker teabiscuit",,,,,,,,,,
dump,6222024103480,"Ulker date biscuits",,"Ulker date biscuits",,,,,,,,,,
dump,6222024103817,"McVitie NIBBLES Milk chocolate",,"McVitie NIBBLES Milk chocolate",,,,,,,,https://images.openfoodfacts.org/images/products/622/202/410/3817/front_en.3.400.jpg,,
dump,6222024104081,,,,,,,,,,,https://images.openfoodfacts.org/images/products/622/202/410/4081/front_en.3.400.jpg,,
dump,6222024104715,"Cocoa Cream Filled With Mango Flavor",,"Cocoa Cream Filled With Mango Flavor",,Biskrem,xx:biskrem,,,,,https://images.openfoodfacts.org/images/products/622/202/410/4715/front_en.5.400.jpg,,
dump,6222024104890,"ديجستف لايت مينز",,"ديجستف لايت مينز",,McVitie's,xx:mcvitie-s,,,,,https://images.openfoodfacts.org/images/products/622/202/410/4890/front_en.3.400.jpg,,
dump,6222024105163,Teabiscuits,,Teabiscuits,,Ülker,xx:ulker,,,,,https://images.openfoodfacts.org/images/products/622/202/410/5163/front_ar.3.400.jpg,,
dump,6222024106283,Tiramisu,,Tiramisu,,Biskrem,xx:biskrem,,,,,https://images.openfoodfacts.org/images/products/622/202/410/6283/front_en.3.400.jpg,,
dump,6222024106313,"Caramel Touch",,"Caramel Touch",,Biskrem,xx:biskrem,,,,,,,
dump,6222024106344,,,,,,,,,,,https://images.openfoodfacts.org/images/products/622/202/410/6344/front_en.3.400.jpg,,
dump,6222024106450,,,,,,,,,,,https://images.openfoodfacts.org/images/products/622/202/410/6450/front_en.3.400.jpg,,
dump,6222024106603,"Mcvities Raspberry Cheesecake",,"Mcvities Raspberry Cheesecake",,Mcvities,xx:mcvities,42g,42,,,https://images.openfoodfacts.org/images/products/622/202/410/6603/front_en.3.400.jpg,,
dump,6222024106726,"Hobnobs Minis",,"Hobnobs Minis",,McVities,xx:mcvities,,,,,https://images.openfoodfacts.org/images/products/622/202/410/6726/front_en.5.400.jpg,,
dump,6222024106788,"Tea Biscuits",,"Tea Biscuits",,Blox,xx:blox,,,,,,,
dump,6222024106900,,,,,,,,,,,https://images.openfoodfacts.org/images/products/622/202/410/6900/front_en.3.400.jpg,,
dump,6222024106931,,,,,Mcvities,xx:mcvities,,,,,https://images.openfoodfacts.org/images/products/622/202/410/6931/front_en.3.400.jpg,,
dump,6222024107365,"Biskrem duo",,"Biskrem duo",,,,,,,,https://images.openfoodfacts.org/images/products/622/202/410/7365/front_en.3.400.jpg,,
dump,6222024107747,Halley,,Halley,,Mcvities,xx:mcvities,,,,,,,
dump,6222027800034,"WHOLE KERNEL SWEET CORN",,"WHOLE KERNEL SWEET CORN",,"CALIFORNIA GARDEN",xx:california-garden,,,,,,,
dump,6222027800058,"Sweet corn",,"Sweet corn",,Americana,americana,,,,,,,
dump,6222027800102,"Al ameed broad beans",,"Al ameed broad beans",,Ameed,ameed,,,,,,,
dump,6222027800133,"Fava Beans Mashed Plain",,"Fava Beans Mashed Plain",,"California Garden",xx:california-garden,,,,,,,
dump,6222027800188,"Hommos americana",,"Hommos americana",,Americana,xx:americana,,,,en:plant-based-foods-and-beverages|en:plant-based-foods|en:condiments|en:spreads|en:plant-based-spreads|en:salted-spreads|en:sauces|en:dips|en:hummus,https://images.openfoodfacts.org/images/products/622/202/780/0188/front_en.3.400.jpg,,
dump,6222035201779,"Salt And Vinigar Chips",,"Salt And Vinigar Chips",,"Big Chips",xx:big-chips,,,,,,,
dump,6222035202929,Blazo,,Blazo,,,,,,,,https://images.openfoodfacts.org/images/products/622/203/520/2929/front_fr.6.400.jpg,,
dump,6222035205814,"Sea salt and balsamic vinegar",,"Sea salt and balsamic vinegar",,"Big chips",big-chips,,,,,,,
dump,6222035206088,Balance,,Balance,,"Egypt foods",egypt-foods,,,,,,,
dump,6222035206095,"Balance Protein Crackers",,"Balance Protein Crackers",,"Egypt Foods",egypt-foods,,,,,https://images.openfoodfacts.org/images/products/622/203/520/6095/front_en.3.400.jpg,,
dump,6222035206538,"Creations caramel",,"Creations caramel",,Jaguar,jaguar,,,,,,,
dump,6222035207627,Chipsticks,,Chipsticks,,,,,,,,https://images.openfoodfacts.org/images/products/622/203/520/7627/front_en.11.400.jpg,,
dump,6222035208693,"Sweet pepper",,"Sweet pepper",,"Big chips",big-chips,,,,,,,
dump,6222035210115,"balance protein crackers sour cream",,"balance protein crackers sour cream",,Balance,xx:balance,70g,70,,en:snacks|en:salty-snacks|en:appetizers|en:biscuits-and-crackers|en:crackers-appetizers,,,
dump,6222035211617,"Smoked Cheese Chips",,"Smoked Cheese Chips",,"Tiger Excellance",tiger-excellance,,,,,,,
dump,6222035221197,"Blazo Minis",,"Blazo Minis",,Novy,xx:novy,,,,,https://images.openfoodfacts.org/images/products/622/203/522/1197/front_en.3.400.jpg,,
dump,6222035224976,بليزو,,بليزو,,Novy,xx:novy,,,,,https://images.openfoodfacts.org/images/products/622/203/522/4976/front_en.4.400.jpg,,
dump,6222035227410,"Sweet Corn Puffs",,"Sweet Corn Puffs",,"Jaguar Prime",jaguar-prime,,,,,https://images.openfoodfacts.org/images/products/622/203/522/7410/front_en.3.400.jpg,,
dump,6222035227540,"Sweet Corn Protein Shots",,"Sweet Corn Protein Shots",,Balance,xx:balance,,,,,,,
dump,6222035227762,"Sweet lemon Protein crackers",,"Sweet lemon Protein crackers",,"EGYPT FOODS",xx:egypt-foods,,,,,https://images.openfoodfacts.org/images/products/622/203/522/7762/front_en.13.400.jpg,,
dump,6222035228240,"Fried Potato Chips",,"Fried Potato Chips",,"Tiger Excellence Lime and Coriander",tiger-excellence-lime-and-coriander,,,,,https://images.openfoodfacts.org/images/products/622/203/522/8240/front_en.3.400.jpg,,
dump,6222035228271,Chips,,Chips,,"Big chips",big-chips,,,,,https://images.openfoodfacts.org/images/products/622/203/522/8271/front_en.3.400.jpg,,
dump,6222035228295,"Spiced Cheese Chips",,"Spiced Cheese Chips",,"Big Chips",xx:big-chips,,,,,,,
dump,6222035229391,"Kettle Cooked Classic",,"Kettle Cooked Classic",,"Big Chips",xx:big-chips,,,,,,,
dump,6222035232438,"تايجر شطه",,"تايجر شطه",,,,,,,,https://images.openfoodfacts.org/images/products/622/203/523/2438/front_en.3.400.jpg,,
dump,6222035233343,"Wonder Pops Sweet Lemon",,"Wonder Pops Sweet Lemon",,Jaguar,xx:jaguar,,,,,,,
dump,6222035235309,"Protein Puffs",,"Protein Puffs",,Balance,xx:balance,,,,,https://images.openfoodfacts.org/images/products/622/203/523/5309/front_en.4.400.jpg,,
dump,6222035236450,"Chili Ranch Chips",,"Chili Ranch Chips",,"Tiger Excellence",tiger-excellence,,,,,,,
dump,6222035238294,"Kettle Cooked",,"Kettle Cooked",,"Big Chips",xx:big-chips,,,,,,,
dump,6222035238355,"Parmesan Truffle Premium Deep Ridged Potato Chips",,"Parmesan Truffle Premium Deep Ridged Potato Chips",,"TIGER Excellence",xx:tiger-excellence,10g,10,,en:chips,https://images.openfoodfacts.org/images/products/622/203/523/8355/front_en.3.400.jpg,,
dump,6222035238362,"Excellence Chips",,"Excellence Chips",,Tiger,xx:tiger,,,,,,,
dump,6222035238386,"Balsamic Vinegar And Salt",,"Balsamic Vinegar And Salt",,"Tiger Excellent",xx:tiger-excellent,,,,,,,
dump,6222035239017,"تورته ليرز",,"تورته ليرز",,Torta,xx:torta,,,,,https://images.openfoodfacts.org/images/products/622/203/523/9017/front_en.6.400.jpg,,
dump,6222035239079,"Delights Chocolate Cake Bar",,"Delights Chocolate Cake Bar",,Torta,xx:torta,,,,,,,
dump,6222035239147,,,,,,,,,,en:chips,https://images.openfoodfacts.org/images/products/622/203/523/9147/front_en.3.400.jpg,,
dump,6222035239208,"Mix Cheese Tiger Chips",,"Mix Cheese Tiger Chips",,Tiger,xx:tiger,,,,,,,
dump,6222035240068,"Baked Pretzels Chocolate",,"Baked Pretzels Chocolate",,"Roarz Jaguar",xx:roarz-jaguar,,,,,,,
dump,6222035241447,"Rice Chips",,"Rice Chips",,Balance,xx:balance,,,,,,,
dump,6222035243458,"Blazo Coconut",,"Blazo Coconut",,Novy,xx:novy,,,,,https://images.openfoodfacts.org/images/products/622/203/524/3458/front_en.5.400.jpg,,
dump,6222035247944,"بيج شيبسي",,"بيج شيبسي",,"Big Chips",xx:big-chips,,,,,https://images.openfoodfacts.org/images/products/622/203/524/7944/front_en.4.400.jpg,,
dump,6222035252450,"Korean Chicken Premium Ridged Potato Chips",,"Korean Chicken Premium Ridged Potato Chips",,Tiger,xx:tiger,,,,,,,
dump,6222035252467,"Kettle Cooked Salted Vinegar Fusion",,"Kettle Cooked Salted Vinegar Fusion",,Tiger,xx:tiger,,,,,,,
dump,6222035253396,"Light Popcorn Cheese",,"Light Popcorn Cheese",,Jaguar,xx:jaguar,,,,,,,
dump,6222035253419,"Double Chocolate Protein Bar",,"Double Chocolate Protein Bar",,Balance,xx:balance,,,,,,,
dump,6222035253440,"Crispy Caramel Protein Bar",,"Crispy Caramel Protein Bar",,Balance,xx:balance,,,,,,,
dump,6222035254805,,,,,,,,,,en:chips,https://images.openfoodfacts.org/images/products/622/203/525/4805/front_en.9.400.jpg,,
dump,6222035256946,,,,,,,,,,,https://images.openfoodfacts.org/images/products/622/203/525/6946/front_ar.3.400.jpg,,
dump,6222035259701,"Cookies and Cream Protein Bar",,"Cookies and Cream Protein Bar",,Balance,xx:balance,,,,,,,
dump,6222035259732,"Coffee & Chocolate Protein Bar",,"Coffee & Chocolate Protein Bar",,Balance,xx:balance,,,,,,,
dump,6222035262879,"Himalayan Salt & Vinegar",,"Himalayan Salt & Vinegar",,"Big Chips",xx:big-chips,,,,,,,
dump,6222580700017,"Brochettes aux pépites de chocolat",,"Brochettes aux pépites de chocolat",,THIRIET,thiriet,,,,,,,Thiriet
dump,6223000038512,"Mango Premium Drink",,"Mango Premium Drink",,Faragello,xx:faragello,"200 ml",200,,en:beverages-and-beverages-preparations|en:plant-based-foods-and-beverages|en:beverages|en:plant-based-beverages|en:fruit-based-beverages|en:juices-and-nectars|en:fruit-nectars|en:mango-nectars,https://images.openfoodfacts.org/images/products/622/300/003/8512/front_en.4.400.jpg,,
dump,6223000049020,"Chicken escalope pane - Americana",,"Chicken escalope pane - Americana",,,,,,,,,,
dump,6223000051818,Halawa,,Halawa,,,,,,,,https://images.openfoodfacts.org/images/products/622/300/005/1818/front_en.3.400.jpg,,
dump,6223000051863,"Plain Halawa On The Go",,"Plain Halawa On The Go",,"El Rashidi El Mizan",el-rashidi-el-mizan,,,,,,,
dump,6223000052563,"Molasses Rashidy",,"Molasses Rashidy",,,,,,,,https://images.openfoodfacts.org/images/products/622/300/005/2563/front_en.3.400.jpg,,
dump,6223000053331,"Spread Rashidy 300gm",,"Spread Rashidy 300gm",,,,,,,,https://images.openfoodfacts.org/images/products/622/300/005/3331/front_en.3.400.jpg,,
dump,6223000055960,"رشيدى الميزان كيس طحينه ٢٠ جرام",,"رشيدى الميزان كيس طحينه ٢٠ جرام",,,,,,,,,,
dump,6223000080030,"Pure malt lager",,"Pure malt lager",,,,,,,,https://images.openfoodfacts.org/images/products/622/300/008/0030/front_fr.3.400.jpg,,
dump,6223000080054,"بيريل شعير",,"بيريل شعير",,,,,,,,https://images.openfoodfacts.org/images/products/622/300/008/0054/front_en.4.400.jpg,,
dump,6223000082508,"Fayrouz apple",,"Fayrouz apple",,,,,,,,https://images.openfoodfacts.org/images/products/622/300/008/2508/front_fr.3.400.jpg,,
dump,6223000083536,Fayrouz,,Fayrouz,,,,,,,,https://images.openfoodfacts.org/images/products/622/300/008/3536/front_fr.3.400.jpg,,
dump,6223000191293,"SiIced green olives",,"SiIced green olives",,"Wadi Food",xx:wadi-food,,,,,,,
dump,6223000192061,"Sun Dried Tomatoes With Olive Oil",,"Sun Dried Tomatoes With Olive Oil",,"Wadi Food",xx:wadi-food,,,,,,,
dump,6223000199046,"Sweet Corn",,"Sweet Corn",,"Wadi Food",xx:wadi-food,,,,,,,
dump,6223000199626,"Low sugar ketchup",,"Low sugar ketchup",,"Wadi Foods",wadi-foods,,,,,,,
dump,6223000208694,"Panda Cheese Square Portions - 6P",,"Panda Cheese Square Portions - 6P",,Panda,panda,6P,0,,fr:square-portions,https://images.openfoodfacts.org/images/products/622/300/020/8694/front_en.3.400.jpg,,
dump,6223000208700,"Panda Cheese Square Portions - 8P",,"Panda Cheese Square Portions - 8P",,Panda,panda,8P,0,,fr:square-portions,https://images.openfoodfacts.org/images/products/622/300/020/8700/front_fr.3.400.jpg,,
dump,6223000208977,"Panda Cheese Square Portions 4P",,"Panda Cheese Square Portions 4P",,Panda,panda,"4 portions",0,,fr:square-portions,https://images.openfoodfacts.org/images/products/622/300/020/8977/front_fr.3.400.jpg,,
dump,6223000227084,,,,,,,,,,,https://images.openfoodfacts.org/images/products/622/300/022/7084/front_en.3.400.jpg,,
dump,6223000227220,,,,,,,,,,,https://images.openfoodfacts.org/images/products/622/300/022/7220/front_en.3.400.jpg,,
dump,6223000227282,"Sweet Pickle Sauce",,"Sweet Pickle Sauce",,Thio,thio,,,,,,,
dump,6223000227299,"Peri Peri Sauce",,"Peri Peri Sauce",,Thio,xx:thio,,,,,,,
dump,6223000227404,,,,,,,,,,,https://images.openfoodfacts.org/images/products/622/300/022/7404/front_en.3.400.jpg,,
dump,6223000227619,,,,,,,,,,,https://images.openfoodfacts.org/images/products/622/300/022/7619/front_en.3.400.jpg,,
dump,6223000227626,"Sweet Chilli",,"Sweet Chilli",,Thió,xx:thio,,,,,,,
dump,6223000227688,"Cheesy Spread",,"Cheesy Spread",,Thio,xx:thio,,,,,,,
dump,6223000227695,"Cheesy Jalapeño Spread",,"Cheesy Jalapeño Spread",,Thio,xx:thio,,,,,https://images.openfoodfacts.org/images/products/622/300/022/7695/front_en.3.400.jpg,,
dump,6223000227909,,,,,,,,,,,https://images.openfoodfacts.org/images/products/622/300/022/7909/front_en.3.400.jpg,,
dump,6223000227923,,,,,,,,,,,https://images.openfoodfacts.org/images/products/622/300/022/7923/front_en.3.400.jpg,,
dump,6223000228029,"Stroop wafel chocolate",,"Stroop wafel chocolate",,"Class A",class-a,,,,en:snacks|en:sweet-snacks|en:confectioneries,https://images.openfoodfacts.org/images/products/622/300/022/8029/front_en.8.400.jpg,,
dump,6223000228036,"Stroop Waffle",,"Stroop Waffle",,"Class A",class-a,,,,,,,
dump,6223000228296,"Stroop wafel chocolate coated",,"Stroop wafel chocolate coated",,,,"41 g",41,,,https://images.openfoodfacts.org/images/products/622/300/022/8296/front_en.4.400.jpg,,
dump,6223000228524,Ponky,,Ponky,,,,,,,,https://images.openfoodfacts.org/images/products/622/300/022/8524/front_fr.3.400.jpg,,
dump,6223000228531,,,,,,,,,,,https://images.openfoodfacts.org/images/products/622/300/022/8531/front_en.5.400.jpg,,
dump,6223000228654,,,,,,,,,,,https://images.openfoodfacts.org/images/products/622/300/022/8654/front_ar.4.400.jpg,,
dump,6223000228685,,,,,,,,,,,https://images.openfoodfacts.org/images/products/622/300/022/8685/front_en.7.400.jpg,,
dump,6223000229156,"High Protein Oat",,"High Protein Oat",,"Healthy Mill",xx:healthy-mill,,,,,,,
dump,6223000229354,"Dark Chocolate Sauce Sugar Free",,"Dark Chocolate Sauce Sugar Free",,"Magic Moments",xx:magic-moments,,,,,,,
dump,6223000231418,,,,,,,,,,,https://images.openfoodfacts.org/images/products/622/300/023/1418/front_en.3.400.jpg,,
dump,6223000231753,"كلوريل 2*1",,"كلوريل 2*1",,clorel,clorel,2kg,2000,,,https://images.openfoodfacts.org/images/products/622/300/023/1753/front_en.3.400.jpg,,
dump,6223000234549,"فلفيتا منعم ملابس 1 لتر",,"فلفيتا منعم ملابس 1 لتر",,Velveta,xx:velveta,1L,1000,,,https://images.openfoodfacts.org/images/products/622/300/023/4549/front_en.5.400.jpg,,
dump,6223000263648,"Afia corn oil",,"Afia corn oil",,,,,,,,https://images.openfoodfacts.org/images/products/622/300/026/3648/front_fr.3.400.jpg,,
dump,6223000274361,"Coffe Break",,"Coffe Break",,,,,,,,,,
dump,6223000274514,"Karak tea",,"Karak tea",,,,,,,,https://images.openfoodfacts.org/images/products/622/300/027/4514/front_fr.3.400.jpg,,
dump,6223000276532,Coffee+creamer,,Coffee+creamer,,"Coffee Break",xx:coffee-break,,,,,,,
dump,6223000277966,Vanilla,,Vanilla,,,,,,,,https://images.openfoodfacts.org/images/products/622/300/027/7966/front_fr.3.400.jpg,,
dump,6223000303771,"wafer rolls cocoa mini",,"wafer rolls cocoa mini",,,,,,,,https://images.openfoodfacts.org/images/products/622/300/030/3771/front_en.3.400.jpg,,
dump,6223000303795,"wafer rolls mini",,"wafer rolls mini",,,,,,,,https://images.openfoodfacts.org/images/products/622/300/030/3795/front_en.3.400.jpg,,
dump,6223000303825,"wafer rolls hazelnut",,"wafer rolls hazelnut",,,,,,,,https://images.openfoodfacts.org/images/products/622/300/030/3825/front_en.3.400.jpg,,
dump,6223000335130,"زبادو جهينه خوخ كبير",,"زبادو جهينه خوخ كبير",,,,,,,,,,
dump,6223000350027,"جهينة خالي الدسم 1.5 لتر",,"جهينة خالي الدسم 1.5 لتر",,,,,,,,,,
dump,6223000350072,"Half Cream Milk",,"Half Cream Milk",,Juhayna,xx:juhayna,,,,,,,
dump,6223000351321,"Plain yogurt",,"Plain yogurt",,Juhayna,xx:juhayna,,,,,https://images.openfoodfacts.org/images/products/622/300/035/1321/front_en.7.400.jpg,,
dump,6223000352526,"Zabado Mango",,"Zabado Mango",,Juhayna,juhayna,,,,,https://images.openfoodfacts.org/images/products/622/300/035/2526/front_en.3.400.jpg,,
dump,6223000356326,"Cooking Cream",,"Cooking Cream",,Juhayna,xx:juhayna,,,,,https://images.openfoodfacts.org/images/products/622/300/035/6326/front_en.5.400.jpg,,
dump,6223000370049,"Frozen Peas & Carrots",,"Frozen Peas & Carrots",,Basma,xx:basma,,,,,,,
dump,6223000370308,Strawberry,,Strawberry,,Basma,basma,,,,,https://images.openfoodfacts.org/images/products/622/300/037/0308/front_en.3.400.jpg,,
dump,6223000370322,"Frozen Mixed Vegetables",,"Frozen Mixed Vegetables",,Basma,xx:basma,,,,,https://images.openfoodfacts.org/images/products/622/300/037/0322/front_en.3.400.jpg,,
dump,6223000370445,Cauliflower,,Cauliflower,,Basma,xx:basma,,,,,https://images.openfoodfacts.org/images/products/622/300/037/0445/front_en.3.400.jpg,,
dump,6223000372142,"Sweet corn",,"Sweet corn",,,,,,,,,,
dump,6223000372289,"Spicy Falafel Chickpeas",,"Spicy Falafel Chickpeas",,"Bap Bites",xx:bap-bites,,,,,https://images.openfoodfacts.org/images/products/622/300/037/2289/front_en.7.400.jpg,,
dump,6223000372357,"Frozen Mixed Vegetables",,"Frozen Mixed Vegetables",,Basma,basma,,,,,,,
dump,6223000410004,"Plain Biscuits",,"Plain Biscuits",,Ahlawy,xx:ahlawy,,,,,,,
dump,6223000410110,"شيبس كباب Lion 44gm",,"شيبس كباب Lion 44gm",,,,,,,,https://images.openfoodfacts.org/images/products/622/300/041/0110/front_fr.3.400.jpg,,
dump,6223000411537,"Original Grandmas",,"Original Grandmas",,"Vanilla Flavor Wafer",xx:vanilla-flavor-wafer,,,,,,,
dump,6223000411568,"Chocolate Wafer",,"Chocolate Wafer",,OG,xx:og,,,,,,,
dump,6223000411612,"Og 3قطع سكولاته",,"Og 3قطع سكولاته",,,,,,,,https://images.openfoodfacts.org/images/products/622/300/041/1612/front_en.3.400.jpg,,
dump,6223000411797,,,,,,,,,,,https://images.openfoodfacts.org/images/products/622/300/041/1797/front_en.3.400.jpg,,
dump,6223000412763,"ليون فريسكا  بروتين بافس  جبنه",,"ليون فريسكا  بروتين بافس  جبنه",,,,,,,,https://images.openfoodfacts.org/images/products/622/300/041/2763/front_en.3.400.jpg,,
dump,6223000412770,"ليون فريسكا. زيتون",,"ليون فريسكا. زيتون",,,,,,,,https://images.openfoodfacts.org/images/products/622/300/041/2770/front_en.3.400.jpg,,
dump,6223000412787,"ليون فريسكا بروتين بافس سيرتشا",,"ليون فريسكا بروتين بافس سيرتشا",,,,,,,,https://images.openfoodfacts.org/images/products/622/300/041/2787/front_en.3.400.jpg,,
dump,6223000416037,"Chocolate Filled Tarte Biscuits",,"Chocolate Filled Tarte Biscuits",,"Original Grandma's - Americana",original-grandma-s-americana,,,,,,,
dump,6223000416112,"OG Tarte Chocolate",,"OG Tarte Chocolate",,"OG Original Grandma’s",xx:og-original-grandma-s,,,,,https://images.openfoodfacts.org/images/products/622/300/041/6112/front_it.6.400.jpg,,
dump,6223000417478,Lion,,Lion,,,,,,,,,,
dump,6223000418468,"Lion Salt Chips",,"Lion Salt Chips",,Lion,xx:lion,,,,,,,
dump,6223000418567,"Lemon Tart",,"Lemon Tart",,OG,xx:og,,,,,,,
dump,6223000419113,o.G,,o.G,,,,,,,,,,
dump,6223000420157,"Om Ali with Nuts",,"Om Ali with Nuts",,"Holw El Sham",xx:holw-el-sham,,,,en:desserts,https://images.openfoodfacts.org/images/products/622/300/042/0157/front_en.3.400.jpg,,
dump,6223000420416,"بسبوسه جوز هند",,"بسبوسه جوز هند",,,,,,,,https://images.openfoodfacts.org/images/products/622/300/042/0416/front_en.11.400.jpg,,
dump,6223000420508,"Cocoa powder - Glasco",,"Cocoa powder - Glasco",,,,,,,,,,
dump,6223000421383,"كيك فانيليا",,"كيك فانيليا",,,,,,,,https://images.openfoodfacts.org/images/products/622/300/042/1383/front_en.3.400.jpg,,
dump,6223000421390,"كيك شيكولاته",,"كيك شيكولاته",,"حلو الشام",حلو-الشام,,,,,https://images.openfoodfacts.org/images/products/622/300/042/1390/front_en.3.400.jpg,,
dump,6223000421710,"ام علي قشطه",,"ام علي قشطه",,,,,,,,https://images.openfoodfacts.org/images/products/622/300/042/1710/front_en.3.400.jpg,,
dump,6223000430033,"Focaccia Toast Bread",,"Focaccia Toast Bread",,"Rich Bake",xx:rich-bake,,,,,,,
dump,6223000430132,"Toast - Toast",,"Toast - Toast",,Toast,toast,,,,,,,
dump,6223000430156,"Whole Wheat Dry Toast",,"Whole Wheat Dry Toast",,"Rich Bake",xx:rich-bake,,,,,,,
dump,6223000430194,"Pan tostada",,"Pan tostada",,"Rick Bake",xx:rick-bake,,,,,https://images.openfoodfacts.org/images/products/622/300/043/0194/front_en.8.400.jpg,,
dump,6223000430224,"LOW CARB TOAST",,"LOW CARB TOAST",,"Rich Bake",xx:rich-bake,,,,,,,
dump,6223000430231,"high protein toast",,"high protein toast",,"Rich bake",xx:rich-bake,,,,,,,
dump,6223000430644,"Low Carb Bread",,"Low Carb Bread",,"Rich Bake",xx:rich-bake,,,,,,,
dump,6223000430712,"Glazed Soft Roll",,"Glazed Soft Roll",,"Rich Bake",xx:rich-bake,,,,,https://images.openfoodfacts.org/images/products/622/300/043/0712/front_en.3.400.jpg,,
dump,6223000432136,"Glazed Soft Bun",,"Glazed Soft Bun",,"Rich Bake",xx:rich-bake,,,,en:plant-based-foods-and-beverages|en:plant-based-foods|en:cereals-and-potatoes|en:breads,https://images.openfoodfacts.org/images/products/622/300/043/2136/front_es.3.400.jpg,,
dump,6223000432167,"BRAN TORTILLA",,"BRAN TORTILLA",,"Rich Bake",xx:rich-bake,,,,,https://images.openfoodfacts.org/images/products/622/300/043/2167/front_en.4.400.jpg,,
dump,6223000432242,"Multigrain Fino Bread",,"Multigrain Fino Bread",,"Rich  Bake",rich-bake,,,,en:plant-based-foods-and-beverages|en:plant-based-foods|en:cereals-and-potatoes|en:breads,,,
dump,6223000433089,"Crispy Premium Pane Mix",,"Crispy Premium Pane Mix",,"Rich Bake",rich-bake,,,,,,,
dump,6223000433133,"Barley & Whole Wheat Pita Bread",,"Barley & Whole Wheat Pita Bread",,"Rich Bake",xx:rich-bake,,,,,,,
dump,6223000434000,RBake,,RBake,,"Rich Bake",xx:rich-bake,,,,en:plant-based-foods-and-beverages|en:plant-based-foods|en:cereals-and-potatoes|en:breads,https://images.openfoodfacts.org/images/products/622/300/043/4000/front_en.4.400.jpg,,
dump,6223000434031,"Whole Wheat Sugar Free Pita Bread",,"Whole Wheat Sugar Free Pita Bread",,"Ritch Bake",xx:ritch-bake,,,,,,,
dump,6223000434048,"Balady Bread",,"Balady Bread",,"Rich Bake",rich-bake,,,,,,,
dump,6223000434109,"Arabic bread",,"Arabic bread",,"Rich bake",xx:rich-bake,,,,,,,
dump,6223000434505,"Whole wheat bread",,"Whole wheat bread",,,,,,,,https://images.openfoodfacts.org/images/products/622/300/043/4505/front_fr.3.400.jpg,,
dump,6223000470138,,,,,,,,,,,,,
dump,6223000477076,"Cinnamon Ginger",,"Cinnamon Ginger",,Isis,isis,"20 Bags",0,,,https://images.openfoodfacts.org/images/products/622/300/047/7076/front_en.3.400.jpg,,
dump,6223000477380,"Black-eyed Peas",,"Black-eyed Peas",,Sekem,xx:sekem,,,,,https://images.openfoodfacts.org/images/products/622/300/047/7380/front_en.3.400.jpg,,
dump,6223000490624,"Bake Rollz Nacho Cheese",,"Bake Rollz Nacho Cheese",,,,,,,,https://images.openfoodfacts.org/images/products/622/300/049/0624/front_fr.3.400.jpg,,
dump,6223000492161,"Chocolate Brownie Cake",,"Chocolate Brownie Cake",,TODO,xx:todo,55g,55,,en:snacks|en:sweet-snacks|en:biscuits-and-cakes|en:cakes|en:chocolate-cakes|en:brownies,https://images.openfoodfacts.org/images/products/622/300/049/2161/front_en.16.400.jpg,,
dump,6223000493649,hohos,,hohos,,edita,edita,,,,,https://images.openfoodfacts.org/images/products/622/300/049/3649/front_en.6.400.jpg,,
dump,6223000495452,"Choco sticks",,"Choco sticks",,,,,,,,https://images.openfoodfacts.org/images/products/622/300/049/5452/front_fr.3.400.jpg,,
dump,6223000495483,hohos,,hohos,,,,,,,,,,
dump,6223000495827,hohos,,hohos,,,,,,,,,,
dump,6223000496367,"Molto strawberry",,"Molto strawberry",,,,,,,,https://images.openfoodfacts.org/images/products/622/300/049/6367/front_fr.3.400.jpg,,
dump,6223000497210,HOHOS,,HOHOS,,,,,,,,https://images.openfoodfacts.org/images/products/622/300/049/7210/front_en.4.400.jpg,,
dump,6223000498316,Freska,,Freska,,,,,,,,https://images.openfoodfacts.org/images/products/622/300/049/8316/front_fr.3.400.jpg,,
dump,6223000499191,,,,,,,,,,,,,
dump,6223000499368,"edita Bake rolls tomato",,"edita Bake rolls tomato",,,,,,,,,,
dump,6223000500095,فورنجو,,فورنجو,,,,,,,,https://images.openfoodfacts.org/images/products/622/300/050/0095/front_en.3.400.jpg,,
dump,6223000500651,,,,,,,,,,,https://images.openfoodfacts.org/images/products/622/300/050/0651/front_en.3.400.jpg,,
dump,6223000506882,Chips,,Chips,,,,,,,,https://images.openfoodfacts.org/images/products/622/300/050/6882/front_fr.3.400.jpg,,
dump,6223000552087,"Wheat Snacks",,"Wheat Snacks",,"Bake Rolz",xx:bake-rolz,,,,,,,
dump,6223000552124,"Tomato rolls",,"Tomato rolls",,"Bake rollz",bake-rollz,,,,,,,
dump,6223000552674,"Yums apple cinamon",,"Yums apple cinamon",,Molto,molto,100g,100,,,https://images.openfoodfacts.org/images/products/622/300/055/2674/front_en.3.400.jpg,,
dump,6223000552698,"Yums casterd",,"Yums casterd",,Molto,molto,100g,100,,,https://images.openfoodfacts.org/images/products/622/300/055/2698/front_en.3.400.jpg,,
dump,6223000553077,"Bake Rolz",,"Bake Rolz",,"Bake Rolz",xx:bake-rolz,,,,,https://images.openfoodfacts.org/images/products/622/300/055/3077/front_en.3.400.jpg,,
dump,6223000553442,"Cupcake Chocolate",,"Cupcake Chocolate",,Todo,xx:todo,,,,,https://images.openfoodfacts.org/images/products/622/300/055/3442/front_en.4.400.jpg,,
dump,6223000553534,"Red velvet cupcale",,"Red velvet cupcale",,,,,,,,https://images.openfoodfacts.org/images/products/622/300/055/3534/front_en.4.400.jpg,,
dump,6223000553596,,,,,,,,,,,https://images.openfoodfacts.org/images/products/622/300/055/3596/front_en.3.400.jpg,,
dump,6223000553855,"Molto XXL- Chocolate And Hazelnut",,"Molto XXL- Chocolate And Hazelnut",,Molto,xx:molto,,,,,https://images.openfoodfacts.org/images/products/622/300/055/3855/front_en.3.400.jpg,,
dump,6223000553879,Magnum,,Magnum,,Molto,molto,,,,,,,
dump,6223000554050,"مولتو ميكس",,"مولتو ميكس",,,,,,,,,,
dump,6223000554142,"Twinkies Salted Caramel",,"Twinkies Salted Caramel",,Edita,edita,,,,,,,
dump,6223000554401,فريسكا,,فريسكا,,,,,,,,https://images.openfoodfacts.org/images/products/622/300/055/4401/front_en.3.400.jpg,,
dump,6223000554432,فريسكا,,فريسكا,,,,,,,,https://images.openfoodfacts.org/images/products/622/300/055/4432/front_en.3.400.jpg,,
dump,6223000555262,هوهوز,,هوهوز,,,,,,,,,,
dump,6223000555460,"Choco Lava",,"Choco Lava",,Oniro,oniro,,,,,,,
dump,6223000555491,,,,,,,,,,,https://images.openfoodfacts.org/images/products/622/300/055/5491/front_en.3.400.jpg,,
dump,6223000555590,,,,,,,,,,,,,
dump,6223000556184,KING,,KING,,Molto,xx:molto,,,,en:snacks|en:sweet-snacks|en:cocoa-and-its-products|en:chocolates|en:chocolates-with-hazelnuts,https://images.openfoodfacts.org/images/products/622/300/055/6184/front_en.3.400.jpg,,
dump,6223000556337,"ههوز فاميلي",,"ههوز فاميلي",,Hohos,xx:hohos,,,,,https://images.openfoodfacts.org/images/products/622/300/055/6337/front_en.5.400.jpg,,
dump,6223000556511,"Rolled golden cake with strawberry flavored jelly and cream filling",,"Rolled golden cake with strawberry flavored jelly and cream filling",,Hohos,xx:hohos,,,,,,,
dump,6223000556573,"Twinkies duo strawberry",,"Twinkies duo strawberry",,,,,,,,https://images.openfoodfacts.org/images/products/622/300/055/6573/front_en.3.400.jpg,,
dump,6223000556702,"Twinkies original super",,"Twinkies original super",,,,,,,,https://images.openfoodfacts.org/images/products/622/300/055/6702/front_en.3.400.jpg,,
dump,6223000556733,"Molto Mini King",,"Molto Mini King",,Edita,xx:edita,,,,,https://images.openfoodfacts.org/images/products/622/300/055/6733/front_en.4.400.jpg,,
dump,6223000556870,"Thyme Flavor",,"Thyme Flavor",,"Bake Rolz",xx:bake-rolz,,,,,,,
dump,6223000557037,"توينكز فروله",,"توينكز فروله",,,,,,,,https://images.openfoodfacts.org/images/products/622/300/055/7037/front_en.3.400.jpg,,
dump,6223000557280,,,,,,,,,,,https://images.openfoodfacts.org/images/products/622/300/055/7280/front_en.3.400.jpg,,
dump,6223000557341,"Todo Brownie Biscuit Spread",,"Todo Brownie Biscuit Spread",,Edita,xx:edita,,,,,,,
dump,6223000557525,"MOLTO KING  Bisco Spread 120gm",,"MOLTO KING  Bisco Spread 120gm","Bisco Spread 120gm",MOLTO,xx:molto,,,,,https://images.openfoodfacts.org/images/products/622/300/055/7525/front_en.4.400.jpg,,
dump,6223000559376,"Truffle And Italian Cheese Bake Rollz",,"Truffle And Italian Cheese Bake Rollz",,"Bake Rollz",xx:bake-rollz,,,,,,,
dump,6223000559918,"هوهوز كريمه",,"هوهوز كريمه",,,,,,,,https://images.openfoodfacts.org/images/products/622/300/055/9918/front_en.3.400.jpg,,
dump,6223000559932,"Chocolate Cookies",,"Chocolate Cookies",,Oniro,xx:oniro,,,,,,,
dump,6223000566190,"Dark Chocolate",,"Dark Chocolate",,Covertina,covertina,,,,,https://images.openfoodfacts.org/images/products/622/300/056/6190/front_ar.3.400.jpg,,
dump,6223000568439,ريتو,,ريتو,,,,,,,,https://images.openfoodfacts.org/images/products/622/300/056/8439/front_en.3.400.jpg,,
dump,6223000659298,"Johnson baby shambo",,"Johnson baby shambo",,,,"500 ml",500,,,https://images.openfoodfacts.org/images/products/622/300/065/9298/front_en.3.400.jpg,,
dump,6223000660027,"White rice",,"White rice",,"Egyptian Rice",egyptian-rice,,,,,,,
dump,6223000660034,,,,,,,,,,,https://images.openfoodfacts.org/images/products/622/300/066/0034/front_en.3.400.jpg,,
dump,6223000660065,,,,,,,,,,,https://images.openfoodfacts.org/images/products/622/300/066/0065/front_en.3.400.jpg,,
dump,6223000660157,"Easy Cook Rice with Vermicelli",,"Easy Cook Rice with Vermicelli",,Doha,doha,,,,,,,
dump,6223000660164,"Easy Rice",,"Easy Rice",,AlDoha,xx:aldoha,,,,,,,
dump,6223000660522,"Yellow lentils",,"Yellow lentils",,"Al Doha",al-doha,,,,,https://images.openfoodfacts.org/images/products/622/300/066/0522/front_en.3.400.jpg,,
dump,6223000660614,"Popcorn curnels",,"Popcorn curnels",,"El Doha",xx:el-doha,"500 g",500,,,https://images.openfoodfacts.org/images/products/622/300/066/0614/front_en.5.400.jpg,,
dump,6223000662199,,,,,الضحي,الضحي,,,,,,,
dump,6223000662700,"دقيق المطبخ",,"دقيق المطبخ",,,,,,,,,,
dump,6223000663233,"Italian red sauces pasta",,"Italian red sauces pasta",,"Al doha",al-doha,,,,,,,
dump,6223000663257,"Easy Pasta",,"Easy Pasta",,"El Doha",xx:el-doha,,,,,,,
dump,6223000663264,"Easy Pasta",,"Easy Pasta",,"Al Doha",xx:al-doha,,,,,,,
dump,6223000663653,Vermicelli,,Vermicelli,,"المطبخ المصري",المطبخ-المصري,,,,,https://images.openfoodfacts.org/images/products/622/300/066/3653/front_en.3.400.jpg,,
dump,6223000663844,Spaghetti,,Spaghetti,,"El Doha",xx:el-doha,,,,,,,
dump,6223000663981,"Lentil Pasta",,"Lentil Pasta",,"El Doha",el-doha,,,,,,,
dump,6223000663998,"Veggie Pasta",,"Veggie Pasta",,"Al Doha",xx:al-doha,,,,,,,
dump,6223000680018,"Found tortillas",,"Found tortillas",,,,,,,en:plant-based-foods-and-beverages|en:plant-based-foods,https://images.openfoodfacts.org/images/products/622/300/068/0018/front_fr.3.400.jpg,,
dump,6223000710012,"Lactose Free Milk",,"Lactose Free Milk",,Labanita,xx:labanita,,,,,https://images.openfoodfacts.org/images/products/622/300/071/0012/front_en.3.400.jpg,,
dump,6223000710074,"Tuna Slices",,"Tuna Slices",,Sunshine,xx:sunshine,,,,,,,
dump,6223000710135,"حليب لبنتيا ٤٥٠ ملي",,"حليب لبنتيا ٤٥٠ ملي",,,,,,,,https://images.openfoodfacts.org/images/products/622/300/071/0135/front_en.3.400.jpg,,
dump,6223000710647,"صن شاين ماكريل ١٤٥ جرام",,"صن شاين ماكريل ١٤٥ جرام",,,,,,,,https://images.openfoodfacts.org/images/products/622/300/071/0647/front_en.4.400.jpg,,
dump,6223000714034,Mango,,Mango,,YES!,yes,,,,,https://images.openfoodfacts.org/images/products/622/300/071/4034/front_en.3.400.jpg,,
dump,6223000718360,"بالهنا ٤٥٠ ملي",,"بالهنا ٤٥٠ ملي",,,,,,,,https://images.openfoodfacts.org/images/products/622/300/071/8360/front_en.5.400.jpg,,
dump,6223000718889,,,,,,,,,,,https://images.openfoodfacts.org/images/products/622/300/071/8889/front_en.3.400.jpg,,
dump,6223000750070,"دومتى جبن موتزاريلا",,"دومتى جبن موتزاريلا",,,,,,,,https://images.openfoodfacts.org/images/products/622/300/075/0070/front_en.4.400.jpg,,
dump,6223000751824,"Grated Cheese mix Mozzarella & Roumy",,"Grated Cheese mix Mozzarella & Roumy",,Domty,xx:domty,,,,,,,
dump,6223000752890,"Cheese Barameely",,"Cheese Barameely",,Domty,xx:domty,,,,,,,
dump,6223000752975,"White Cheese With Olive Flavor",,"White Cheese With Olive Flavor",,,,,,,,,,
dump,6223000752982,"Domty Light White",,"Domty Light White",,Domty,xx:domty,,,,,https://images.openfoodfacts.org/images/products/622/300/075/2982/front_en.8.400.jpg,,
dump,6223000753088,"Light Creamy Cheese",,"Light Creamy Cheese",,Domty,domty,,,,,,,
dump,6223000753101,"Creamy olive cheese dip",,"Creamy olive cheese dip",,Domty,domty,,,,,https://images.openfoodfacts.org/images/products/622/300/075/3101/front_en.3.400.jpg,,
dump,6223000753798,"mozzarella light",,"mozzarella light",,domty,domty,,,,,,,
dump,6223000754740,"بلتة دومتى ااجبنة الشيدر والكمون",,"بلتة دومتى ااجبنة الشيدر والكمون",,,,,,,,https://images.openfoodfacts.org/images/products/622/300/075/4740/front_en.3.400.jpg,,
dump,6223000754771,"دومتى الفلفل ااحار 2 بلتتين",,"دومتى الفلفل ااحار 2 بلتتين",,,,,,,,,,
dump,6223000756577,"دومتي جوافة",,"دومتي جوافة",,,,,,,,https://images.openfoodfacts.org/images/products/622/300/075/6577/front_en.3.400.jpg,,
dump,6223000756584,"دومتي تفاح",,"دومتي تفاح",,,,,,,,https://images.openfoodfacts.org/images/products/622/300/075/6584/front_en.3.400.jpg,,
dump,6223000756591,"دومتي برتقال",,"دومتي برتقال",,,,,,,,https://images.openfoodfacts.org/images/products/622/300/075/6591/front_en.3.400.jpg,,
dump,6223000756607,"دومتي كوكتيل",,"دومتي كوكتيل",,,,,,,,https://images.openfoodfacts.org/images/products/622/300/075/6607/front_en.3.400.jpg,,
dump,6223000756737,"دومتي خوخ",,"دومتي خوخ",,,,,,,,https://images.openfoodfacts.org/images/products/622/300/075/6737/front_en.5.400.jpg,,
dump,6223000757093,"12 بلتة دومتى plus",,"12 بلتة دومتى plus",,,,,,,,,,
dump,6223000757215,"Premium Feta Cheese",,"Premium Feta Cheese",,Domty,xx:domty,,,,,https://images.openfoodfacts.org/images/products/622/300/075/7215/front_en.6.400.jpg,,
dump,6223000757284,,,,,,,,,,,https://images.openfoodfacts.org/images/products/622/300/075/7284/front_en.3.400.jpg,,
dump,6223000757338,,,,,,,,,,,https://images.openfoodfacts.org/images/products/622/300/075/7338/front_en.3.400.jpg,,
dump,6223000757550,"Feta Cheese With Olive Flavor",,"Feta Cheese With Olive Flavor",,Domty,xx:domty,,,,,https://images.openfoodfacts.org/images/products/622/300/075/7550/front_en.3.400.jpg,,
dump,6223000758359,"دومتي مانجو جوافه",,"دومتي مانجو جوافه",,,,,,,,https://images.openfoodfacts.org/images/products/622/300/075/8359/front_en.3.400.jpg,,
dump,6223000758366,"Mango guava drink",,"Mango guava drink",,,,,,,,,,
dump,6223000758397,"Boisson kiwi citron menthe",,"Boisson kiwi citron menthe",,Domty,xx:domty,"1 L",1000,,en:beverages-and-beverages-preparations|en:plant-based-foods-and-beverages|en:beverages|en:plant-based-beverages|en:juices-and-nectars,https://images.openfoodfacts.org/images/products/622/300/075/8397/front_fr.12.400.jpg,,
dump,6223000758878,,,,,,,,,,,https://images.openfoodfacts.org/images/products/622/300/075/8878/front_en.3.400.jpg,,
dump,6223000758915,,,,,,,,,,,https://images.openfoodfacts.org/images/products/622/300/075/8915/front_en.3.400.jpg,,
dump,6223000758922,,,,,,,,,,,https://images.openfoodfacts.org/images/products/622/300/075/8922/front_en.3.400.jpg,,
dump,6223000758939,بلتة,,بلتة,,,,,,,,https://images.openfoodfacts.org/images/products/622/300/075/8939/front_en.3.400.jpg,,
dump,6223000759776,,,,,,,,,,,https://images.openfoodfacts.org/images/products/622/300/075/9776/front_en.3.400.jpg,,
dump,6223000760130,,,,"Halva with pistacchios","Harvest Foods",harvest-foods,,,,en:snacks|en:sweet-snacks|en:confectioneries|en:halva|en:sesame-halva,https://images.openfoodfacts.org/images/products/622/300/076/0130/front_ar.11.400.jpg,,
dump,6223000760154,"Halva with almonds",,"Halva with almonds",,"El Bawadi",el-bawadi,,,,en:snacks|en:sweet-snacks|en:confectioneries|en:halva,https://images.openfoodfacts.org/images/products/622/300/076/0154/front_en.13.400.jpg,,
dump,6223000760161,,,,,,,,,,,https://images.openfoodfacts.org/images/products/622/300/076/0161/front_en.3.400.jpg,,
dump,6223000760369,"Halawa choco hazelnut spread",,"Halawa choco hazelnut spread",,"El Bawadi",xx:el-bawadi,,,,en:breakfasts|en:spreads|en:sweet-spreads,https://images.openfoodfacts.org/images/products/622/300/076/0369/front_en.7.400.jpg,,
dump,6223000761748,,,,,,,,,,,https://images.openfoodfacts.org/images/products/622/300/076/1748/front_pl.3.400.jpg,,
dump,6223000762080,,,,,"El Bawadi",el-bawadi,,,,en:breakfasts|en:spreads|en:sweet-spreads|en:halva-spread,https://images.openfoodfacts.org/images/products/622/300/076/2080/front_en.9.400.jpg,,
dump,6223000762530,"عسل اسود البوادى",,"عسل اسود البوادى",,,,,,,,https://images.openfoodfacts.org/images/products/622/300/076/2530/front_en.3.400.jpg,,
dump,6223000762776,"Pistachio Bites Spread",,"Pistachio Bites Spread",,"El Bawadi",xx:el-bawadi,,,,,,,
dump,6223000764022,"عسل اسود وطحينه البوادى كبير",,"عسل اسود وطحينه البوادى كبير",,,,,,,,,,
dump,6223000840009,Classic,,Classic,,,,,,,,,,
dump,6223000840610,Biscuits,,Biscuits,,,,"750 g",750,,,https://images.openfoodfacts.org/images/products/622/300/084/0610/front_fr.3.400.jpg,,
dump,6223000841266,,,,,,,,,,,https://images.openfoodfacts.org/images/products/622/300/084/1266/front_ar.3.400.jpg,,
dump,6223000842003,Biscuits,,Biscuits,,Classic,xx:classic,,,,,,,
dump,6223000870495,"شاب لورد 250 جم",,"شاب لورد 250 جم",,,,,,,,,,
dump,6223000895566,"Bake rolz",,"Bake rolz",,,,,,,,https://images.openfoodfacts.org/images/products/622/300/089/5566/front_en.3.400.jpg,,
dump,6223000912867,"Mac & Cheese Powder",,"Mac & Cheese Powder",,Miller's,xx:miller-s,,,,,,,
dump,6223001030133,,,,,,,"80 g",80,,,,,
dump,6223001030263,"Corn starch",,"Corn starch",,,,240g,240,,,https://images.openfoodfacts.org/images/products/622/300/103/0263/front_en.3.400.jpg,,
dump,6223001030539,"كوكس فانيليا بالسكر",,"كوكس فانيليا بالسكر",,,,,,,,https://images.openfoodfacts.org/images/products/622/300/103/0539/front_en.3.400.jpg,,
dump,6223001036609,"corn starch",,"corn starch",,,,,,,,https://images.openfoodfacts.org/images/products/622/300/103/6609/front_en.3.400.jpg,,
dump,6223001055693,Honey,,Honey,,Meri,meri,,,,,https://images.openfoodfacts.org/images/products/622/300/105/5693/front_en.3.400.jpg,,
dump,6223001056331,,,,,,,,,,,,,
dump,6223001057109,"Confiture de figues",,"Confiture de figues",,Omnia,omnia,,,,,,,
dump,6223001057123,"Confiture Fraise",,"Confiture Fraise",,Omnia,xx:omnia,"800 g",800,,en:plant-based-foods-and-beverages|en:plant-based-foods|en:breakfasts|en:spreads|en:plant-based-spreads|en:sweet-spreads|en:fruit-and-vegetable-preserves|en:jams|en:berry-jams|en:strawberry-jams,https://images.openfoodfacts.org/images/products/622/300/105/7123/front_fr.3.400.jpg,,
dump,6223001060574,"Canned White Beans",,"Canned White Beans",,"Harvest Foods",xx:harvest-foods,,,,,,,
dump,6223001060581,"فاصوليا بيضاء",,"فاصوليا بيضاء",,هارفست,xx:هارفست,,,,,,,
dump,6223001060895,,,,,,,"375 g",375,,en:plant-based-foods-and-beverages|en:plant-based-foods|en:fruits-and-vegetables-based-foods|en:vegetable-based-foods-and-beverages|en:canned-foods|en:vegetables-based-foods|en:canned-plant-based-foods|en:tomatoes-and-their-products|en:canned-tomato-products|en:tomato-pastes,https://images.openfoodfacts.org/images/products/622/300/106/0895/front_en.3.400.jpg,,
dump,6223001060901,"Fava Beans With Salsa Or Onion S",,"Fava Beans With Salsa Or Onion S",,"Harvest Foods",xx:harvest-foods,,,,,,,
dump,6223001060932,"Fava Beans With Tahini S",,"Fava Beans With Tahini S",,"Harvest Foods",xx:harvest-foods,,,,,,,
dump,6223001062448,"Harvest Fava Beans Plain",,"Harvest Fava Beans Plain",,Harvest,xx:harvest,,,,,https://images.openfoodfacts.org/images/products/622/300/106/2448/front_en.3.400.jpg,,
dump,6223001062585,"Fava Beans Lebanese Mix",,"Fava Beans Lebanese Mix",,Harvest,harvest,,,,,,,
dump,6223001062639,"Peeled Fava Beans With Tomato Sauce",,"Peeled Fava Beans With Tomato Sauce",,"Harvest Foods",xx:harvest-foods,"400 g",400,,,,,
dump,6223001085263,"كريمر دريم",,"كريمر دريم",,,,,,,,,,
dump,6223001085423,,,,,,,,,,,https://images.openfoodfacts.org/images/products/622/300/108/5423/front_ar.3.400.jpg,,
dump,6223001086215,"Vanilla Dream",,"Vanilla Dream",,Dream,xx:dream,"2 gm",2,,,https://images.openfoodfacts.org/images/products/622/300/108/6215/front_en.4.400.jpg,,
dump,6223001160632,,,,,,,,,,,https://images.openfoodfacts.org/images/products/622/300/116/0632/front_en.3.400.jpg,,
dump,6223001200055,"Pretzo pretzels Mixy",,"Pretzo pretzels Mixy",,,,,,,,https://images.openfoodfacts.org/images/products/622/300/120/0055/front_fr.3.400.jpg,,
dump,6223001200086,"بريتزو ميكسي طماطم",,"بريتزو ميكسي طماطم",,,,,,,,https://images.openfoodfacts.org/images/products/622/300/120/0086/front_en.4.400.jpg,,
dump,6223001200239,Mixy,,Mixy,,,,,,,,https://images.openfoodfacts.org/images/products/622/300/120/0239/front_fr.3.400.jpg,,
dump,6223001200550,"بريتزو ميكسي شطة و ليمون",,"بريتزو ميكسي شطة و ليمون",,,,,,,,https://images.openfoodfacts.org/images/products/622/300/120/0550/front_en.4.400.jpg,,
dump,6223001200765,"بريتزو ستيكس طماطم",,"بريتزو ستيكس طماطم",,,,,,,,https://images.openfoodfacts.org/images/products/622/300/120/0765/front_en.4.400.jpg,,
dump,6223001200772,"بريتزو ستيكس شطة و ليمون",,"بريتزو ستيكس شطة و ليمون",,Pretzo,pretzo,,,,,https://images.openfoodfacts.org/images/products/622/300/120/0772/front_en.7.400.jpg,,
dump,6223001200789,"pretzo sticks",,"pretzo sticks",,,,,,,,https://images.openfoodfacts.org/images/products/622/300/120/0789/front_en.6.400.jpg,,
dump,6223001331803,"Cut Green Beans Forzen",,"Cut Green Beans Forzen",,Givrex,xx:givrex,,,,,,,
dump,6223001336006,"Frozen Strawberries",,"Frozen Strawberries",,Givrex,xx:givrex,,,,,,,
dump,6223001342809,,,,,,,,,,,https://images.openfoodfacts.org/images/products/622/300/134/2809/front_en.3.400.jpg,,
dump,6223001360339,Mirinda,,Mirinda,,"Mirinda,PepsiCo",xx:mirinda|xx:pepsico,"320 ml",320,,en:beverages-and-beverages-preparations|en:beverages|en:carbonated-drinks|en:carbonated-fruit-soft-drink,https://images.openfoodfacts.org/images/products/622/300/136/0339/front_en.3.400.jpg,,
dump,6223001361732,7up,,7up,,,,,,,,,,
dump,6223001363033,"Mirinda green Apple",,"Mirinda green Apple",,Mirinda,mirinda,,,,,https://images.openfoodfacts.org/images/products/622/300/136/3033/front_fr.3.400.jpg,,
dump,6223001364993,Sting,,Sting,,,,,,,,https://images.openfoodfacts.org/images/products/622/300/136/4993/front_fr.3.400.jpg,,
dump,6223001365686,"Sting Energy Drink",,"Sting Energy Drink",,,,,,,,https://images.openfoodfacts.org/images/products/622/300/136/5686/front_fr.6.400.jpg,,
dump,6223001366393,PEPS,,PEPS,,,,,,,,,,
dump,6223001380764,"Man look",,"Man look",,,,,,,,https://images.openfoodfacts.org/images/products/622/300/138/0764/front_en.3.400.jpg,,
dump,6223001384076,"Soy sauce",,"Soy sauce",,,,900g,900,,,https://images.openfoodfacts.org/images/products/622/300/138/4076/front_en.3.400.jpg,,
dump,6223001384793,"Cream one 40g",,"Cream one 40g",,,,,,,,,,
dump,6223001388234,"Rich bake",,"Rich bake",,,,,,,,https://images.openfoodfacts.org/images/products/622/300/138/8234/front_fr.3.400.jpg,,
dump,6223001510109,"Small Rings",,"Small Rings",,Italiano,xx:italiano,,,,,,,
dump,6223001510314,Pasta,,Pasta,,Italiano,italiano,,,,,,,
dump,6223001510819,Fusili,,Fusili,,Italiano,italiano,,,,,,,
dump,6223001510833,"Big Rings Pasta",,"Big Rings Pasta",,Italiano,italiano,,,,,,,
dump,6223001512257,Vermicelli,,Vermicelli,,ElMaleka,xx:elmaleka,,,,,https://images.openfoodfacts.org/images/products/622/300/151/2257/front_en.3.400.jpg,,
dump,6223001513445,Lasagna,,Lasagna,,Italiano,xx:italiano,,,,,,,
dump,6223001513919,"Pasta Small Rings",,"Pasta Small Rings",,Italiano,xx:italiano,,,,,,,
dump,6223001532538,"Frozen Mangos",,"Frozen Mangos",,Pico,xx:pico,"500 g",500,,,https://images.openfoodfacts.org/images/products/622/300/153/2538/front_en.3.400.jpg,,
dump,6223001532552,"Frozen Blueberries",,"Frozen Blueberries",,PICO,xx:pico,,,,,https://images.openfoodfacts.org/images/products/622/300/153/2552/front_en.4.400.jpg,,
dump,6223001532576,"Frozen Mixed Berries",,"Frozen Mixed Berries",,Pico,xx:pico,,,,,,,
dump,6223001532651,"Peeled & Frozen Lychee",,"Peeled & Frozen Lychee",,Pico,xx:pico,,,,,https://images.openfoodfacts.org/images/products/622/300/153/2651/front_en.3.400.jpg,,
dump,6223001648581,"Corn oil",,"Corn oil",,,,,,,en:plant-based-foods-and-beverages|en:plant-based-foods|en:cereals-and-potatoes|en:fats|en:cereals-and-their-products|en:vegetable-fats|en:vegetable-oils|en:cereal-oils|en:corn-oils,https://images.openfoodfacts.org/images/products/622/300/164/8581/front_en.3.400.jpg,,
dump,6223001687498,"Treats fresh strawberry yoghurt",,"Treats fresh strawberry yoghurt",,Almarai,almarai,,,,,https://images.openfoodfacts.org/images/products/622/300/168/7498/front_en.3.400.jpg,,
dump,6223001693932,"Pistachios Roasted & Salted",,"Pistachios Roasted & Salted",,"Abu Auf",xx:abu-auf,,,,,https://images.openfoodfacts.org/images/products/622/300/169/3932/front_en.3.400.jpg,,
dump,6223001693963,"Abu Auf Pistachios Roasted & Salted",,"Abu Auf Pistachios Roasted & Salted",,"Abu Auf",xx:abu-auf,,,,,,,
dump,6223001693970,"Cashews Roasteed And Salted",,"Cashews Roasteed And Salted",,"Abu Auf",xx:abu-auf,,,,,,,
dump,6223001752837,"Air Baked French Fries",,"Air Baked French Fries",,"Farm Frites",xx:farm-frites,,,,,,,
dump,6223001752844,"Farm Frites Thin",,"Farm Frites Thin",,"Farm Frites",xx:farm-frites,,,,,,,
dump,6223001752851,"Fries Crinckle",,"Fries Crinckle",,"Farm Frites",farm-frites,,,,,,,
dump,6223001752905,"Steakhouse Fries",,"Steakhouse Fries",,"Farm Frites",xx:farm-frites,,,,,,,
dump,6223001754916,"Spoonful Fries",,"Spoonful Fries",,"Farm Frites",xx:farm-frites,,,,,,,
dump,6223001754930,"Seasoned Wedges",,"Seasoned Wedges",,"Farm Frites",farm-frites,,,,,https://images.openfoodfacts.org/images/products/622/300/175/4930/front_en.3.400.jpg,,
dump,6223001812302,قطفه,,قطفه,,,,,,,,,,
dump,6223001820369,"كوكي اوراك الدجاج مع بطاطس",,"كوكي اوراك الدجاج مع بطاطس",,,,,,,,https://images.openfoodfacts.org/images/products/622/300/182/0369/front_en.3.400.jpg,,
dump,6223001822332,"كوكي ناجتس ٦٠ قطعه",,"كوكي ناجتس ٦٠ قطعه",,,,,,,,,,
dump,6223001822653,"كوكي ستريبس ٤٠٠ جرام علبة",,"كوكي ستريبس ٤٠٠ جرام علبة",,,,400g,400,,,https://images.openfoodfacts.org/images/products/622/300/182/2653/front_en.3.400.jpg,,
dump,6223001822660,,,,,,,,,,,https://images.openfoodfacts.org/images/products/622/300/182/2660/front_en.3.400.jpg,,
dump,6223001822851,"كوكي صدور دجاج بانيه ٨ قطع علبة",,"كوكي صدور دجاج بانيه ٨ قطع علبة",,,,,,,,https://images.openfoodfacts.org/images/products/622/300/182/2851/front_en.4.400.jpg,,
dump,6223001822875,"كوكي ناجتس ٢٠ قطعة علبة",,"كوكي ناجتس ٢٠ قطعة علبة",,,,,,,,https://images.openfoodfacts.org/images/products/622/300/182/2875/front_en.4.400.jpg,,
dump,6223001823360,"Chicken strips",,"Chicken strips",,Koki,koki,,,,,,,
dump,6223001823520,"كوكي دبوس الدجاج",,"كوكي دبوس الدجاج",,,,,,,,https://images.openfoodfacts.org/images/products/622/300/182/3520/front_en.6.400.jpg,,
dump,6223001823537,"كوكي وجبة الدجاج مع بطاطس",,"كوكي وجبة الدجاج مع بطاطس",,,,,,,,https://images.openfoodfacts.org/images/products/622/300/182/3537/front_en.3.400.jpg,,
dump,6223001823544,"أجنحة الدجاج حارة",,"أجنحة الدجاج حارة",,,,,,,,https://images.openfoodfacts.org/images/products/622/300/182/3544/front_en.3.400.jpg,,
dump,6223001823551,"كوكي دبوس الدجاج حارة",,"كوكي دبوس الدجاج حارة",,,,,,,,https://images.openfoodfacts.org/images/products/622/300/182/3551/front_en.3.400.jpg,,
dump,6223001823568,"كوكي وجبة دجاج مع بطاطس حارة",,"كوكي وجبة دجاج مع بطاطس حارة",,,,,,,,https://images.openfoodfacts.org/images/products/622/300/182/3568/front_en.3.400.jpg,,
dump,6223001824060,"كوكي صدور دجاج بانيه",,"كوكي صدور دجاج بانيه",,,,,,,,https://images.openfoodfacts.org/images/products/622/300/182/4060/front_en.3.400.jpg,,
dump,6223001824077,"Crunchy Spicy Chicken Pane",,"Crunchy Spicy Chicken Pane",,Koki,xx:koki,,,,,https://images.openfoodfacts.org/images/products/622/300/182/4077/front_en.4.400.jpg,,
dump,6223001824091,"كوكي ستريبس",,"كوكي ستريبس",,,,,,,,https://images.openfoodfacts.org/images/products/622/300/182/4091/front_en.3.400.jpg,,
dump,6223001824244,"كوكي ستريبس حار",,"كوكي ستريبس حار",,,,,,,,https://images.openfoodfacts.org/images/products/622/300/182/4244/front_en.3.400.jpg,,
dump,6223001824428,"كوكي بيف برجر ٢٠ قطعة",,"كوكي بيف برجر ٢٠ قطعة",,,,,,,,https://images.openfoodfacts.org/images/products/622/300/182/4428/front_en.4.400.jpg,,
dump,6223001824497,"كوكي بيف هوت دوج ٣٠ قطعة",,"كوكي بيف هوت دوج ٣٠ قطعة",,,,,,,,https://images.openfoodfacts.org/images/products/622/300/182/4497/front_en.6.400.jpg,,
dump,6223001827597,"كوكي جولد وجبة فراخ",,"كوكي جولد وجبة فراخ",,,,,,,,https://images.openfoodfacts.org/images/products/622/300/182/7597/front_en.3.400.jpg,,
dump,6223001827603,"كوكي جولد تشيكن تندر",,"كوكي جولد تشيكن تندر",,,,,,,,https://images.openfoodfacts.org/images/products/622/300/182/7603/front_en.3.400.jpg,,
dump,6223001827627,"كوكي جولد هوت دوج",,"كوكي جولد هوت دوج",,,,,,,,https://images.openfoodfacts.org/images/products/622/300/182/7627/front_en.3.400.jpg,,
dump,6223001827641,"كوكي جولد جمبري",,"كوكي جولد جمبري",,,,,,,,https://images.openfoodfacts.org/images/products/622/300/182/7641/front_en.3.400.jpg,,
dump,6223001828891,"Flaming Hot wings",,"Flaming Hot wings",,Koki,xx:koki,,,,,,,
dump,6223001870043,kolyoum,,kolyoum,,,,,,,,https://images.openfoodfacts.org/images/products/622/300/187/0043/front_fr.3.400.jpg,,
dump,6223001871019,"Greek Yogurt",,"Greek Yogurt",,Almarai,xx:almarai,,,,,,,
dump,6223001872931,"Natural Yoghurt Light (105 g)",,"Natural Yoghurt Light (105 g)",,Almarai,xx:almarai,,,,,,,
dump,6223001872948,"زبادي بقري طبيعي كامل الدسم",,"زبادي بقري طبيعي كامل الدسم",,"المراعي, Almarai",xx:almarai|xx:المراعي,"٧٥ جرام",0,,ar:زبادي,https://images.openfoodfacts.org/images/products/622/300/187/2948/front_ar.17.400.jpg,,
dump,6223001874973,"Treats Strawberry Yogurt",,"Treats Strawberry Yogurt",,Almarai,xx:almarai,,,,,,,
dump,6223001875000,"Almarai berries yogurt",,"Almarai berries yogurt",,,,,,,,https://images.openfoodfacts.org/images/products/622/300/187/5000/front_en.3.400.jpg,,
dump,6223001876366,Milk,,Milk,,Almarai,xx:almarai,,,,,https://images.openfoodfacts.org/images/products/622/300/187/6366/front_en.3.400.jpg,,
dump,6223001876861,,,,,Beyti,beyti,,,,,https://images.openfoodfacts.org/images/products/622/300/187/6861/front_en.3.400.jpg,,
dump,6223001877950,"كريمه الخفق",,"كريمه الخفق",,,,,,,,https://images.openfoodfacts.org/images/products/622/300/187/7950/front_en.3.400.jpg,,
dump,6223001930006,,,,,,,,,,,https://images.openfoodfacts.org/images/products/622/300/193/0006/front_fr.4.400.jpg,,
dump,6223001974345,"هني بوبس",,"هني بوبس",,,,,,,,https://images.openfoodfacts.org/images/products/622/300/197/4345/front_en.3.400.jpg,,
dump,6223002052400,"glysolid_ glysolid-ceram",,"glysolid_ glysolid-ceram",,glysoild,glysoild,"250 g",250,,,,,
dump,6223002144006,Aceczema,,Aceczema,,,,,,,,https://images.openfoodfacts.org/images/products/622/300/214/4006/front_en.4.400.jpg,,
dump,6223002144921,Ambezim-G,,Ambezim-G,,,,,,,,https://images.openfoodfacts.org/images/products/622/300/214/4921/front_en.4.400.jpg,,
dump,6223002380022,"Light Yogurt 105g Pot",,"Light Yogurt 105g Pot",,Danone,xx:danone,,,,,,,
dump,6223002380169,"Greek Yogurt Mixed Berries",,"Greek Yogurt Mixed Berries",,Danone,xx:danone,,,,,https://images.openfoodfacts.org/images/products/622/300/238/0169/front_en.6.400.jpg,,
dump,6223002380695,"Greek Yogurt",,"Greek Yogurt",,Danone,xx:danone,,,,,,,
dump,6223002381029,DANETTE,,DANETTE,,,,,,,,https://images.openfoodfacts.org/images/products/622/300/238/1029/front_fr.3.400.jpg,,
dump,6223002383382,hipro,,hipro,,,,,,,en:dairies|en:fermented-foods|en:fermented-milk-products|en:desserts|en:dairy-desserts|en:fermented-dairy-desserts|en:yogurts,https://images.openfoodfacts.org/images/products/622/300/238/3382/front_fr.3.400.jpg,,
dump,6223002384167,Danao,,Danao,,,,,,,,https://images.openfoodfacts.org/images/products/622/300/238/4167/front_fr.3.400.jpg,,
dump,6223002384181,Danone,,Danone,,,,300g,300,,,https://images.openfoodfacts.org/images/products/622/300/238/4181/front_en.3.400.jpg,,
dump,6223002384525,"GREEK PLAIN YOGHURT",,"GREEK PLAIN YOGHURT",,DANONE,xx:danone,,,,,,,
dump,6223002384549,"Greek yoguart",,"Greek yoguart",,"Danone oiko",danone-oiko,,,,,,,
dump,6223002384594,"Okio low fat greek yoghurt",,"Okio low fat greek yoghurt",,Danone,xx:danone,,,,,https://images.openfoodfacts.org/images/products/622/300/238/4594/front_fr.3.400.jpg,,
dump,6223002385034,"Tastey peach",,"Tastey peach",,Danone,danone,,,,,https://images.openfoodfacts.org/images/products/622/300/238/5034/front_fr.3.400.jpg,,
dump,6223002611423,"شهد وجبة دجاج كاملة مقلية حارة",,"شهد وجبة دجاج كاملة مقلية حارة",,,,,,,,https://images.openfoodfacts.org/images/products/622/300/261/1423/front_en.4.400.jpg,,
dump,6223002611430,"شهد ناجتس ١ كيلو",,"شهد ناجتس ١ كيلو",,,,,,,,https://images.openfoodfacts.org/images/products/622/300/261/1430/front_en.3.400.jpg,,
dump,6223002611447,"شهد ناجتس ٤٠٠ جرام",,"شهد ناجتس ٤٠٠ جرام",,,,,,,,https://images.openfoodfacts.org/images/products/622/300/261/1447/front_en.3.400.jpg,,
dump,6223002611454,"Chicken Fillet",,"Chicken Fillet",,Shahd,xx:shahd,,,,,,,
dump,6223002611461,"شهد فيليه ٨٠٠ جرام",,"شهد فيليه ٨٠٠ جرام",,Shahd,xx:shahd,,,,,https://images.openfoodfacts.org/images/products/622/300/261/1461/front_en.6.400.jpg,,
dump,6223002611478,"شهد فيليه الدجاج الحار",,"شهد فيليه الدجاج الحار",,,,,,,,https://images.openfoodfacts.org/images/products/622/300/261/1478/front_en.3.400.jpg,,
dump,6223002611485,"شهد ستريبس ٧٥٠ جرام",,"شهد ستريبس ٧٥٠ جرام",,,,,,,,https://images.openfoodfacts.org/images/products/622/300/261/1485/front_en.4.400.jpg,,
dump,6223002611522,"Chicken nuggets",,"Chicken nuggets",,Shahd,shahd,,,,,,,
dump,6223002611560,"شهد دبابيس الدجاج الحارة",,"شهد دبابيس الدجاج الحارة",,,,,,,,https://images.openfoodfacts.org/images/products/622/300/261/1560/front_en.3.400.jpg,,
dump,6223002611577,"شهد وجبة دجاج كاملة مقلية",,"شهد وجبة دجاج كاملة مقلية",,,,,,,,https://images.openfoodfacts.org/images/products/622/300/261/1577/front_en.4.400.jpg,,
dump,6223002611584,"Crispy temders",,"Crispy temders",,Shahd,shahd,,,,,,,
dump,6223002611614,"شهد بانيه دجاج",,"شهد بانيه دجاج",,,,,,,,https://images.openfoodfacts.org/images/products/622/300/261/1614/front_en.3.400.jpg,,
dump,6223002611652,"شهد ستريبس حار",,"شهد ستريبس حار",,,,,,,,https://images.openfoodfacts.org/images/products/622/300/261/1652/front_en.3.400.jpg,,
dump,6223002611669,"شهد ستريبس الدجاج الحار ٧٥٠ جرام",,"شهد ستريبس الدجاج الحار ٧٥٠ جرام",,Shahed,xx:shahed,,,,,https://images.openfoodfacts.org/images/products/622/300/261/1669/front_en.3.400.jpg,,
dump,6223002612604,"شهد بانيه الدجاج ٤٠٠ جرام",,"شهد بانيه الدجاج ٤٠٠ جرام",,,,,,,,https://images.openfoodfacts.org/images/products/622/300/261/2604/front_en.3.400.jpg,,
dump,6223002612611,"شهد بانيه الدجاج الحار ٤٠٠ جرام علبة",,"شهد بانيه الدجاج الحار ٤٠٠ جرام علبة",,,,,,,,https://images.openfoodfacts.org/images/products/622/300/261/2611/front_en.3.400.jpg,,
dump,6223002612765,"Roots corn oil",,"Roots corn oil",,,,"800 ml",800,,,https://images.openfoodfacts.org/images/products/622/300/261/2765/front_en.3.400.jpg,,
dump,6223002612932,"Chicken strips",,"Chicken strips",,Shahd,shahd,,,,,,,
dump,6223002613076,"chicken pane",,"chicken pane",,shahd,xx:shahd,,,,,,,
dump,6223002613342,"Chicken rings",,"Chicken rings",,Shahd,shahd,,,,,,,
dump,6223002613427,"Dino nuggets",,"Dino nuggets",,Shahd,shahd,,,,,,,
dump,6223002630844,"Growth formula for kids",,"Growth formula for kids",,,,,,,,https://images.openfoodfacts.org/images/products/622/300/263/0844/front_fr.3.400.jpg,,
dump,6223003110413,"Blackberry jam",,"Blackberry jam",,,,,,,,,,
dump,6223003113162,"Hummus Tahini Dip traditional",,"Hummus Tahini Dip traditional",,,,,,,,https://images.openfoodfacts.org/images/products/622/300/311/3162/front_fr.3.400.jpg,,
dump,6223003116156,"بليندي كوكتيل موز اناناس جوز هند  ٢٥٠ ملي",,"بليندي كوكتيل موز اناناس جوز هند  ٢٥٠ ملي",,,,,,,,https://images.openfoodfacts.org/images/products/622/300/311/6156/front_en.4.400.jpg,,
dump,6223003116309,"كوكتيل الفواكه الاستوائية",,"كوكتيل الفواكه الاستوائية",,,,,,,en:plant-based-foods-and-beverages|en:beverages|en:plant-based-beverages|en:fruit-based-beverages|en:juices-and-nectars|en:fruit-juices,https://images.openfoodfacts.org/images/products/622/300/311/6309/front_en.4.400.jpg,,
dump,6223003117009,"بليندي جوافة ٢٥٠ ملي",,"بليندي جوافة ٢٥٠ ملي",,,,,,,,https://images.openfoodfacts.org/images/products/622/300/311/7009/front_en.4.400.jpg,,
dump,6223003117054,"بليندي مانجو ٢٥٠ ملي",,"بليندي مانجو ٢٥٠ ملي",,,,,,,,https://images.openfoodfacts.org/images/products/622/300/311/7054/front_en.9.400.jpg,,
dump,6223003117153,"بليندي تفاح ٢٥٠ ملي",,"بليندي تفاح ٢٥٠ ملي",,,,,,,,https://images.openfoodfacts.org/images/products/622/300/311/7153/front_en.5.400.jpg,,
dump,6223003117160,"بليندى تفاح",,"بليندى تفاح",,,,,,,,https://images.openfoodfacts.org/images/products/622/300/311/7160/front_en.4.400.jpg,,
dump,6223003117207,"بليندي خوخ",,"بليندي خوخ",,,,,,,,https://images.openfoodfacts.org/images/products/622/300/311/7207/front_en.4.400.jpg,,
dump,6223003190545,"Filled sandwich",,"Filled sandwich",,Brunch,xx:brunch,,,,,https://images.openfoodfacts.org/images/products/622/300/319/0545/front_fr.3.400.jpg,,
dump,6223003192006,"Plain Toast Bread",,"Plain Toast Bread",,"New Time Brunch",xx:new-time-brunch,,,,,,,
dump,6223003193003,,,,,,,,,,,https://images.openfoodfacts.org/images/products/622/300/319/3003/front_en.3.400.jpg,,
dump,6223003193010,"راز كب كيك فانيليا",,"راز كب كيك فانيليا",,,,,,,,https://images.openfoodfacts.org/images/products/622/300/319/3010/front_en.4.400.jpg,,
dump,6223003193041,"RAZZ! Golden Cupcake",,"RAZZ! Golden Cupcake","Cupcake filled with strawberry jam","RAZZ!,Rich Bake",xx:razz|xx:rich-bake,"~30 g (تقدير تقريبي بناءً على حجم العبوة)",30,,en:snacks|en:sweet-snacks|en:biscuits-and-cakes|en:cakes|en:fairy-cakes,https://images.openfoodfacts.org/images/products/622/300/319/3041/front_en.3.400.jpg,,"Local supermarket / convenience store (e.g.,Carrefour,Metro,Kazyon...)"
dump,6223003193218,,,,,,,,,,,https://images.openfoodfacts.org/images/products/622/300/319/3218/front_en.3.400.jpg,,
dump,6223003193249,"راز كيك شيكولاتة",,"راز كيك شيكولاتة",,,,7,,,,https://images.openfoodfacts.org/images/products/622/300/319/3249/front_en.4.400.jpg,,
dump,6223003193256,"راز كيك فانيليا",,"راز كيك فانيليا",,,,1,,,,https://images.openfoodfacts.org/images/products/622/300/319/3256/front_en.5.400.jpg,,
dump,6223003193263,"Marble Pound cake",,"Marble Pound cake",,Razz!,razz,,,,,,,
dump,6223003570033,شوكاليطة,,شوكاليطة,,,,50,,,,https://images.openfoodfacts.org/images/products/622/300/357/0033/front_en.4.400.jpg,,
dump,6223003589615,Glucose,,Glucose,,,,,,,,https://images.openfoodfacts.org/images/products/622/300/358/9615/front_en.3.400.jpg,,
dump,6223003695057,"روتانا زبدة 100g",,"روتانا زبدة 100g",,,,,,,,https://images.openfoodfacts.org/images/products/622/300/369/5057/front_en.3.400.jpg,,
dump,6223003770792,"Teama 32 portions",,"Teama 32 portions","Teama 32 portions",TEAMA,teama,,,,en:dairies|en:fermented-foods|en:fermented-milk-products|en:cheeses|en:spreads|en:salted-spreads|en:cheese-spreads,https://images.openfoodfacts.org/images/products/622/300/377/0792/front_en.3.400.jpg,,
dump,6223003776800,Milk,,Milk,,,,,,,,https://images.openfoodfacts.org/images/products/622/300/377/6800/front_fr.3.400.jpg,,
dump,6223003800024,"Digestive Minis Dark Chocolate",,"Digestive Minis Dark Chocolate",,McVitie's,xx:mcvitie-s,,,,,https://images.openfoodfacts.org/images/products/622/300/380/0024/front_fr.3.400.jpg,,
dump,6223003804619,Digestive,,Digestive,,McVitie's,mcvitie-s,"250 g",250,,,https://images.openfoodfacts.org/images/products/622/300/380/4619/front_fr.3.400.jpg,,
dump,6223003804633,Digestive,,Digestive,,McVitie's,xx:mcvitie-s,,,,,https://images.openfoodfacts.org/images/products/622/300/380/4633/front_fr.10.400.jpg,,
dump,6223003804664,"Digestives milk chocolate",,"Digestives milk chocolate",,McVitie's,xx:mcvitie-s,"200 g",200,,en:snacks|en:sweet-snacks|en:biscuits-and-cakes|en:biscuits|en:chocolate-biscuits|en:digestives-covered-with-chocolate,https://images.openfoodfacts.org/images/products/622/300/380/4664/front_fr.3.400.jpg,,
dump,6223003806446,Biskrem,,Biskrem,,McVitie's,mcvitie-s,,,,,https://images.openfoodfacts.org/images/products/622/300/380/6446/front_en.6.400.jpg,,
dump,6223003806675,"Hohos  mix - Cake - Cake - Cake",,"Hohos  mix - Cake - Cake - Cake",,,,,,,,https://images.openfoodfacts.org/images/products/622/300/380/6675/front_en.3.400.jpg,,
dump,6223003806880,"Mcvitie’s vanilla digestive creams",,"Mcvitie’s vanilla digestive creams",,McVitie's,mcvitie-s,,,,,https://images.openfoodfacts.org/images/products/622/300/380/6880/front_fr.3.400.jpg,,
dump,6223003807238,,,,,,,,,,,https://images.openfoodfacts.org/images/products/622/300/380/7238/front_en.3.400.jpg,,
dump,6223003940287,"Creme Caramel",,"Creme Caramel",,Dreem,dreem,,,,,,,
dump,6223003943158,"dreem white cooking chocolate",,"dreem white cooking chocolate",,,,,,,,https://images.openfoodfacts.org/images/products/622/300/394/3158/front_fr.3.400.jpg,,
dump,6223003943165,"Molten cake mix",,"Molten cake mix",,,,,,,en:snacks|en:sweet-snacks|en:biscuits-and-cakes|en:cakes,https://images.openfoodfacts.org/images/products/622/300/394/3165/front_fr.3.400.jpg,,
dump,6223003943578,"Cooking Milk Chocolate",,"Cooking Milk Chocolate",,Dream,dream,,,,,,,
dump,6223003943882,"دريم كورن فلاور نشا الذرة",,"دريم كورن فلاور نشا الذرة",,,,,,,,,,
dump,6223003960155,u5,,u5,,,,,,,,https://images.openfoodfacts.org/images/products/622/300/396/0155/front_en.3.400.jpg,,
dump,6223003991388,Telfast,,Telfast,,,,180,,,,https://images.openfoodfacts.org/images/products/622/300/399/1388/front_en.4.400.jpg,,
dump,6223004275593,ريتش,,ريتش,,,,,,,,https://images.openfoodfacts.org/images/products/622/300/427/5593/front_en.3.400.jpg,,
dump,6223004276958,"ريتش ممبار ارز",,"ريتش ممبار ارز",,,,,,,,https://images.openfoodfacts.org/images/products/622/300/427/6958/front_en.4.400.jpg,,
dump,6223004276972,"ريتش كفتة داوود باشا",,"ريتش كفتة داوود باشا",,,,,,,,https://images.openfoodfacts.org/images/products/622/300/427/6972/front_en.4.400.jpg,,
dump,6223004350030,"Mimix Dolce",,"Mimix Dolce",,,,,,,,https://images.openfoodfacts.org/images/products/622/300/435/0030/front_fr.3.400.jpg,,
dump,6223004354502,,,,,,,,,,en:sweeteners|en:sugars,https://images.openfoodfacts.org/images/products/622/300/435/4502/front_en.3.400.jpg,,
dump,6223004372971,,,,,,,,,,,https://images.openfoodfacts.org/images/products/622/300/437/2971/front_en.3.400.jpg,,
dump,6223004372995,"Man look after shave",,"Man look after shave",,,,"125 g",125,,,https://images.openfoodfacts.org/images/products/622/300/437/2995/front_en.3.400.jpg,,
dump,6223004403057,"Frapp Mix",,"Frapp Mix",,"Yalla Frappit",xx:yalla-frappit,,,,,,,
dump,6223004403866,"White Mocha",,"White Mocha",,"Yalla Frappit",xx:yalla-frappit,,,,,,,
dump,6223004403927,"Chocolate Hazelnut",,"Chocolate Hazelnut",,"Yalla Frappit",xx:yalla-frappit,,,,,,,
dump,6223004405327,"Mocha Latte",,"Mocha Latte",,"Yalla Koffi",xx:yalla-koffi,,,,,,,
dump,6223004429842,"Sweet chili",,"Sweet chili",,,,,,,,https://images.openfoodfacts.org/images/products/622/300/442/9842/front_en.3.400.jpg,,
dump,6223004519994,u2,,u2,,,,,,,,https://images.openfoodfacts.org/images/products/622/300/451/9994/front_en.3.400.jpg,,
dump,6223004760556,"abu auf,quinoa white",,"abu auf,quinoa white",,,,,,,,https://images.openfoodfacts.org/images/products/622/300/476/0556/front_en.3.400.jpg,,
dump,6223004760563,"abu auf-quinoa red",,"abu auf-quinoa red",,,,,,,,https://images.openfoodfacts.org/images/products/622/300/476/0563/front_en.3.400.jpg,,
dump,6223004760921,"Salted caramel popcorn",,"Salted caramel popcorn",,"Abu auf",abu-auf,,,,,,,
dump,6223004765377,"قهوه غامق ابو عوف",,"قهوه غامق ابو عوف",,,,,,,,https://images.openfoodfacts.org/images/products/622/300/476/5377/front_en.3.400.jpg,,
dump,6223004766800,Agwa,,Agwa,,,,,,,,https://images.openfoodfacts.org/images/products/622/300/476/6800/front_en.3.400.jpg,,
dump,6223004768989,"Himalayan Salt",,"Himalayan Salt",,,,,,,en:condiments|en:salts|en:himalaya-salts,https://images.openfoodfacts.org/images/products/622/300/476/8989/front_fr.3.400.jpg,,
dump,6223004773723,,,,,,,,,,,,,
dump,6223004834240,"Nature Ghee",,"Nature Ghee",,Katilo,xx:katilo,,,,,,,
dump,6223004910128,"الشنواني ويفر رولز",,"الشنواني ويفر رولز",,,,2,,,,https://images.openfoodfacts.org/images/products/622/300/491/0128/front_en.4.400.jpg,,
dump,6223004910319,"wafer rolls cocoa",,"wafer rolls cocoa",,,,,,,,https://images.openfoodfacts.org/images/products/622/300/491/0319/front_en.3.400.jpg,,
dump,6223004910326,"Wafer rolls hazelnut",,"Wafer rolls hazelnut",,,,,,,,https://images.openfoodfacts.org/images/products/622/300/491/0326/front_en.3.400.jpg,,
dump,6223004961304,"wafer rolls vanilla cream",,"wafer rolls vanilla cream",,,,,,,,https://images.openfoodfacts.org/images/products/622/300/496/1304/front_en.3.400.jpg,,
dump,6223004963414,Gummies,,Gummies,,Gummies,xx:gummies,,,,,,,
dump,6223005051615,"Spread cheese",,"Spread cheese",,Flona,flona,,,,,https://images.openfoodfacts.org/images/products/622/300/505/1615/front_en.3.400.jpg,,
dump,6223005082565,"Marinated tikka whole chicken",,"Marinated tikka whole chicken",,Temry,xx:temry,,,,,,,
dump,6223005082923,"Chicken Strips",,"Chicken Strips",,Temry,temry,,,,,,,
dump,6223005083531,"Marinated Chicken",,"Marinated Chicken",,Tempura,tempura,,,,,,,
dump,6223005083630,"Marinated whole chicken oriental",,"Marinated whole chicken oriental",,temry,xx:temry,,,,en:meats-and-their-products|en:meats|en:chicken-and-its-products|en:poultries|en:chickens|en:chiclen,https://images.openfoodfacts.org/images/products/622/300/508/3630/front_en.3.400.jpg,,
dump,6223005084095,"Chicken strips",,"Chicken strips",,,,,,,,,,
dump,6223005084392,"marinated chicken tandoori",,"marinated chicken tandoori",,temry,xx:temry,,,,,,,
dump,6223005084545,"Marinated Chicken Filetto BBQ",,"Marinated Chicken Filetto BBQ",,Temry,xx:temry,,,,en:meats-and-their-products|en:meats|en:chicken-and-its-products|en:poultries|en:chickens|en:chicken-breasts,https://images.openfoodfacts.org/images/products/622/300/508/4545/front_en.3.400.jpg,,
dump,6223005084705,"Chicken CUBES With Creamy Butter Sauce",,"Chicken CUBES With Creamy Butter Sauce",,Temry,xx:temry,,,,,https://images.openfoodfacts.org/images/products/622/300/508/4705/front_en.3.400.jpg,,
dump,6223005120953,"Tomato Puree",,"Tomato Puree",,3M,xx:3m,,,,,,,
dump,6223005405593,kamara,,kamara,,hs,xx:hs,,,,en:snacks|en:sweet-snacks|en:biscuits-and-cakes|en:biscuits-and-crackers|en:biscuits|en:biscuit-cookie-snack-w-chocolate-filling,https://images.openfoodfacts.org/images/products/622/300/540/5593/front_en.5.400.jpg,,
dump,6223005580443,"White Chocolate Hazelnut Biscuit",,"White Chocolate Hazelnut Biscuit",,Daboo,daboo,,,,,,,
dump,6223005593184,"King Sized Biscuit",,"King Sized Biscuit",,"Taw Taw",taw-taw,,,,,,,
dump,6223005593467,"Taw taw",,"Taw taw",,"Taw Taw",taw-taw,,,,,,,
dump,6223005596475,"تاوتاو جوز الهند",,"تاوتاو جوز الهند",,"Taw Taw",xx:taw-taw,,,,,https://images.openfoodfacts.org/images/products/622/300/559/6475/front_en.4.400.jpg,,
dump,6223005596833,"تاو تاو",,"تاو تاو",,,,,,,,https://images.openfoodfacts.org/images/products/622/300/559/6833/front_en.3.400.jpg,,
dump,6223005610607,"cake time bar",,"cake time bar",,,,,,,,https://images.openfoodfacts.org/images/products/622/300/561/0607/front_en.3.400.jpg,,
dump,6223005611062,"today snowball",,"today snowball",,,,,,,,https://images.openfoodfacts.org/images/products/622/300/561/1062/front_en.3.400.jpg,,
dump,6223005617804,"توداي tea cake",,"توداي tea cake",,,,,,,,https://images.openfoodfacts.org/images/products/622/300/561/7804/front_en.3.400.jpg,,
dump,6223005770370,"Beef luncheon",,"Beef luncheon",,,,,,,,https://images.openfoodfacts.org/images/products/622/300/577/0370/front_fr.3.400.jpg,,
dump,6223005772664,"Roast beef lunchmeat",,"Roast beef lunchmeat",,"Fresh Farm",xx:fresh-farm,,,,,,,
dump,6223005801234,,,,,,,,,,,https://images.openfoodfacts.org/images/products/622/300/580/1234/front_ar.3.400.jpg,,
dump,6223005801302,"Light Meat Tuna In Brine",,"Light Meat Tuna In Brine",,Tunayo,xx:tunayo,,,,,,,
dump,6223006050686,"اد مي كراميل",,"اد مي كراميل",,,,1,,,,https://images.openfoodfacts.org/images/products/622/300/605/0686/front_en.4.400.jpg,,
dump,6223006051218,"Marinated Tomato Sauce",,"Marinated Tomato Sauce",,"Add Me",xx:add-me,,,,,https://images.openfoodfacts.org/images/products/622/300/605/1218/front_en.3.400.jpg,,
dump,6223006051225,"ADD Me SC tomate oignon ail et poivron",,"ADD Me SC tomate oignon ail et poivron",,,,,,,,https://images.openfoodfacts.org/images/products/622/300/605/1225/front_en.4.400.jpg,,
dump,6223006051232,"Marinated Tomato Sauce",,"Marinated Tomato Sauce",,Add-Me,xx:add-me,,,,,,,
dump,6223006051294,Mayonnaise,,Mayonnaise,,Add-Me,xx:add-me,,,,,,,
dump,6223006051782,"Ceasar Dressing",,"Ceasar Dressing",,eve’s,xx:eve-s,,,,,,,
dump,6223006051874,"Chocolate Spread",,"Chocolate Spread",,Add-Me,xx:add-me,,,,,,,
dump,6223006051928,"Ranch Dressing",,"Ranch Dressing",,Eves,xx:eves,,,,,,,
dump,6223006052086,"Burger Squce",,"Burger Squce",,ADD-ME,xx:add-me,,,,,,,
dump,6223006052345,"French Dressing & Dip",,"French Dressing & Dip",,Eve’s,xx:eve-s,,,,,,,
dump,6223006112230,"Big Ring",,"Big Ring",,"Rose Garden",rose-garden,,,,,,,
dump,6223006112797,"Sweet Corn",,"Sweet Corn",,"Rose Garden",xx:rose-garden,,,,,,,
dump,6223006250383,Coffee,,Coffee,,"Haj Arafa",xx:haj-arafa,,,,,,,
dump,6223006254145,"Cinnamon Caramel Popcorn",,"Cinnamon Caramel Popcorn",,HajArafa,xx:hajarafa,,,,,,,
dump,6223006255241,"dr.baby matcha granola",,"dr.baby matcha granola",,,,,,,,https://images.openfoodfacts.org/images/products/622/300/625/5241/front_en.3.400.jpg,,
dump,6223006255579,"Protein Rings",,"Protein Rings",,"Haj Arafa",haj-arafa,,,,,,,
dump,6223006311985,"تين مجفف",,"تين مجفف",,"Abu Auf",abu-auf,"١ كيلو",,,,,,كارفور
dump,6223006312395,"Abu Auf cranberries &coconut",,"Abu Auf cranberries &coconut",,"Abu Auf",xx:abu-auf,,,,,https://images.openfoodfacts.org/images/products/622/300/631/2395/front_en.3.400.jpg,,
dump,6223006313002,"Granola nuts",,"Granola nuts",,"Abu Auf",xx:abu-auf,,,,,https://images.openfoodfacts.org/images/products/622/300/631/3002/front_en.3.400.jpg,,
dump,6223006313798,"Instant coffee 2X1 coffee creamer",,"Instant coffee 2X1 coffee creamer",,,,,,,,https://images.openfoodfacts.org/images/products/622/300/631/3798/front_fr.3.400.jpg,,
dump,6223006314092,"dried whole cranberries",,"dried whole cranberries",,"Abu auf",xx:abu-auf,,,,,,,
dump,6223006314108,"Smoked Almonds",,"Smoked Almonds",,"Abu Auf",xx:abu-auf,,,,,https://images.openfoodfacts.org/images/products/622/300/631/4108/front_en.3.400.jpg,,
dump,6223006314634,"Herbs pretzels",,"Herbs pretzels",,,,,,,,https://images.openfoodfacts.org/images/products/622/300/631/4634/front_fr.3.400.jpg,,
dump,6223006315358,"Banana and Cashew Protein Bar",,"Banana and Cashew Protein Bar",,"Abu Auf",xx:abu-auf,,,,,https://images.openfoodfacts.org/images/products/622/300/631/5358/front_en.4.400.jpg,,
dump,6223006315389,"Abu auf",,"Abu auf",,"Abu Auf",xx:abu-auf,,,,,https://images.openfoodfacts.org/images/products/622/300/631/5389/front_fr.3.400.jpg,,
dump,6223006317437,,,,,,,,,,,,,
dump,6223006319011,Pretzels,,Pretzels,,"Abu Auf",abu-auf,,,,,,,
dump,6223006319028,"برتزل ببريكا",,"برتزل ببريكا",,,,,,,,https://images.openfoodfacts.org/images/products/622/300/631/9028/front_en.3.400.jpg,,
dump,6223006319035,ابوعوف,,ابوعوف,,,,,,,,https://images.openfoodfacts.org/images/products/622/300/631/9035/front_en.3.400.jpg,,
dump,6223006319172,"ABU AUF PRETZELS KETCHUP",,"ABU AUF PRETZELS KETCHUP",,"Abu auf",xx:abu-auf,,,,,https://images.openfoodfacts.org/images/products/622/300/631/9172/front_en.4.400.jpg,,
dump,6223006319196,"Pretzels Thyme Flavor",,"Pretzels Thyme Flavor",,"Abu Auf",xx:abu-auf,,,,,https://images.openfoodfacts.org/images/products/622/300/631/9196/front_en.6.400.jpg,,
dump,6223006319233,"Baked Sea Salt Pretzels",,"Baked Sea Salt Pretzels",,"Abu Auf",xx:abu-auf,,,,,,,
dump,6223006520639,,,,"Boisson goût orange","OBOUR LAND",xx:obour-land,"20 cl",200,,en:beverages-and-beverages-preparations|en:plant-based-foods-and-beverages|en:beverages|en:plant-based-beverages|en:fruit-based-beverages|en:still-fruit-soft-drinks|en:still-fruit-soft-drink-with-sugar-and-with-10-50-of-fruit-juice,https://images.openfoodfacts.org/images/products/622/300/652/0639/front_en.4.400.jpg,,
dump,6223006520769,,,,,,,,,,,https://images.openfoodfacts.org/images/products/622/300/652/0769/front_en.3.400.jpg,,
dump,6223006520776,"عبورلاند جبنة شيدر 500جرام  بلتيتن",,"عبورلاند جبنة شيدر 500جرام  بلتيتن",,,,,,,,,,
dump,6223006520936,"Cheese spread full fat",,"Cheese spread full fat",,,,50g,50,,,https://images.openfoodfacts.org/images/products/622/300/652/0936/front_fr.3.400.jpg,,
dump,6223006521209,,,,,,,,,,,https://images.openfoodfacts.org/images/products/622/300/652/1209/front_en.3.400.jpg,,
dump,6223006531130,"Teeka Gum",,"Teeka Gum",,,,,,,,https://images.openfoodfacts.org/images/products/622/300/653/1130/front_en.3.400.jpg,,
dump,6223006533783,"تيكا مارشميلو",,"تيكا مارشميلو",,,,,,,,https://images.openfoodfacts.org/images/products/622/300/653/3783/front_en.3.400.jpg,,
dump,6223006710863,"Kellogg's noodles",,"Kellogg's noodles",,Kellogg's,xx:kellogg-s,100gm,100,,en:plant-based-foods-and-beverages|en:plant-based-foods|en:pastas|en:noodles,https://images.openfoodfacts.org/images/products/622/300/671/0863/front_en.3.400.jpg,,
dump,6223006712058,"Hot Creamy Chicken",,"Hot Creamy Chicken",,Kellogg's,kellogg-s,,,,,https://images.openfoodfacts.org/images/products/622/300/671/2058/front_en.3.400.jpg,,
dump,6223006880047,"Coconut flour",,"Coconut flour",,,,"400 g",400,,,https://images.openfoodfacts.org/images/products/622/300/688/0047/front_fr.3.400.jpg,,
dump,6223006880283,"Penne pasta Gluten free",,"Penne pasta Gluten free",,,,350,,,,https://images.openfoodfacts.org/images/products/622/300/688/0283/front_en.3.400.jpg,,
dump,6223006881846,"Peanut Butter Crunchy",,"Peanut Butter Crunchy",,"Mega Foods",mega-foods,,,,,,,
dump,6223006882997,"Sardine (Canned)",,"Sardine (Canned)",,Dobella,xx:dobella,,,,,https://images.openfoodfacts.org/images/products/622/300/688/2997/front_en.3.400.jpg,,
dump,6223006883109,"Biscuit Spread",,"Biscuit Spread",,Dobella,dobella,,,,,,,
dump,6223007190701,"Caviar Creme",,"Caviar Creme",,Fisherman,xx:fisherman,,,,,,,
dump,6223007290074,"Breadway seven seeds",,"Breadway seven seeds",,Toast,toast,,,,,,,
dump,6223007290111,"Burger bun",,"Burger bun",,Breadway,breadway,,,,,,,
dump,6223007290197,"Bran tortilla",,"Bran tortilla",,Breadway,breadway,,,,en:plant-based-foods-and-beverages|en:plant-based-foods,,,
dump,6223007291040,"Chili Lime Baked Lentil Chips",,"Chili Lime Baked Lentil Chips",,Twispy,xx:twispy,,,,,,,
dump,6223007291309,"Italian Herb Tortilla",,"Italian Herb Tortilla",,"Breadway Damfi",xx:breadway-damfi,,,,,,,
dump,6223007291552,Twispy,,Twispy,,,,,,,,,,
dump,6223007291576,"Truffle Parmesan Lentil Chips",,"Truffle Parmesan Lentil Chips",,Twispy,xx:twispy,,,,,,,
dump,6223007375122,"Max Melloo",,"Max Melloo",,,,,,,,https://images.openfoodfacts.org/images/products/622/300/737/5122/front_fr.3.400.jpg,,
dump,6223007376860,CHEVELA,,CHEVELA,,,,,,,,,,
dump,6223007378611,MARIE,,MARIE,,,,,,,,https://images.openfoodfacts.org/images/products/622/300/737/8611/front_en.3.400.jpg,,
dump,6223007379113,"ايس بايت",,"ايس بايت",,,,,,,,https://images.openfoodfacts.org/images/products/622/300/737/9113/front_en.3.400.jpg,,
dump,6223007430524,"Molasses Rashidy",,"Molasses Rashidy",,,,,,,,https://images.openfoodfacts.org/images/products/622/300/743/0524/front_en.3.400.jpg,,
dump,6223007510066,"ever pure",,"ever pure",,,,"385 ml",385,,,,,
dump,6223007520652,"المراعي عصير تفاح لتر",,"المراعي عصير تفاح لتر",,,,,,,,https://images.openfoodfacts.org/images/products/622/300/752/0652/front_en.4.400.jpg,,
dump,6223007520812,"Half cream milk",,"Half cream milk",,Almarai,xx:almarai,,,,en:dairies|en:creams,,,
dump,6223007522243,"Greek Yogurt",,"Greek Yogurt",,Almarai,xx:almarai,,,,,https://images.openfoodfacts.org/images/products/622/300/752/2243/front_en.3.400.jpg,,
dump,6223007523912,,,,,,,,,,,https://images.openfoodfacts.org/images/products/622/300/752/3912/front_en.3.400.jpg,,
dump,6223007523943,,,,,,,,,,,https://images.openfoodfacts.org/images/products/622/300/752/3943/front_en.3.400.jpg,,
dump,6223007523950,,,,,,,,,,,https://images.openfoodfacts.org/images/products/622/300/752/3950/front_en.3.400.jpg,,
dump,6223007524940,ا,,ا,,,,,,,,https://images.openfoodfacts.org/images/products/622/300/752/4940/front_en.3.400.jpg,,
dump,6223007525275,"بيتي بلس برتقال",,"بيتي بلس برتقال",,,,,,,,https://images.openfoodfacts.org/images/products/622/300/752/5275/front_en.3.400.jpg,,
dump,6223007525299,"Beyti plus mixed berries",,"Beyti plus mixed berries",,,,,,,,,,
dump,6223007525459,"المراعى جبنة فيتا",,"المراعى جبنة فيتا",,,,,,,,https://images.openfoodfacts.org/images/products/622/300/752/5459/front_en.3.400.jpg,,
dump,6223007525756,,,,,,,,,,,https://images.openfoodfacts.org/images/products/622/300/752/5756/front_en.3.400.jpg,,
dump,6223007525763,"المراعى شيدر، 500جرام",,"المراعى شيدر، 500جرام",,,,,,,,https://images.openfoodfacts.org/images/products/622/300/752/5763/front_en.3.400.jpg,,
dump,6223007526623,"المراعى زيتون 250جرام",,"المراعى زيتون 250جرام",,,,,,,,https://images.openfoodfacts.org/images/products/622/300/752/6623/front_en.3.400.jpg,,
dump,6223007526630,"المراعى زيتون 500جرام",,"المراعى زيتون 500جرام",,,,,,,,https://images.openfoodfacts.org/images/products/622/300/752/6630/front_en.3.400.jpg,,
dump,6223007527323,"المراعى 6 جم",,"المراعى 6 جم",,,,,,,,,,
dump,6223007527330,"المراعى،، 60 حم",,"المراعى،، 60 حم",,,,,,,,https://images.openfoodfacts.org/images/products/622/300/752/7330/front_en.3.400.jpg,,
dump,6223007527583,"Greek Yogurt Caramelized Oats",,"Greek Yogurt Caramelized Oats",,Almarai,xx:almarai,,,,,https://images.openfoodfacts.org/images/products/622/300/752/7583/front_en.3.400.jpg,,
dump,6223007633024,استروس,,استروس,,,,,,,,https://images.openfoodfacts.org/images/products/622/300/763/3024/front_en.3.400.jpg,,
dump,6223007633055,اسنيبو,,اسنيبو,,,,,,,,https://images.openfoodfacts.org/images/products/622/300/763/3055/front_en.3.400.jpg,,
dump,6223007633147,استريك,,استريك,,,,,,,,https://images.openfoodfacts.org/images/products/622/300/763/3147/front_en.3.400.jpg,,
dump,6223007633215,,,,,,,,,,,https://images.openfoodfacts.org/images/products/622/300/763/3215/front_en.3.400.jpg,,
dump,6223007790482,Twist,,Twist,,"Al Sakr for Food Peoducts",xx:al-sakr-for-food-peoducts,1l,1000,,en:plant-based-foods-and-beverages|en:beverages|en:plant-based-beverages|en:fruit-based-beverages|en:juices-and-nectars|en:fruit-nectars,https://images.openfoodfacts.org/images/products/622/300/779/0482/front_en.16.400.jpg,,
dump,6223007820028,"Strawberry Milkshake Iso Add Protien Shake",,"Strawberry Milkshake Iso Add Protien Shake",,Muscleadd,muscleadd,,,,,,,
dump,6223007820462,"Carb Powder",,"Carb Powder",,"Carb Add",carb-add,,,,,,,
dump,6223007821391,"Whey Add",,"Whey Add",,"Muscle Add",xx:muscle-add,,,,,,,
dump,6223007822329,"Chocolate Ice Cream Protein Powder",,"Chocolate Ice Cream Protein Powder",,"Hydro Add",hydro-add,"1800 g",1800,,,https://images.openfoodfacts.org/images/products/622/300/782/2329/front_en.3.400.jpg,,
dump,6223007823104,"Beef Protein Isolate",,"Beef Protein Isolate",,"Big Ramy Labs",big-ramy-labs,,,,,,,
dump,6223007823272,"Glutamine 5000 Mg",,"Glutamine 5000 Mg",,"Big Ramy Labs",big-ramy-labs,,,,,https://images.openfoodfacts.org/images/products/622/300/782/3272/front_de.3.400.jpg,,
dump,6223007824187,"Whey Protein",,"Whey Protein",,"Big Whey",big-whey,,,,,,,
dump,6223007824224,"Redrex Big whey protein",,"Redrex Big whey protein",,Redrex,xx:redrex,,,,,,,
dump,6223007826556,"Whey ADD Vanilla Ice Cream",,"Whey ADD Vanilla Ice Cream",,"Muscle ADD",xx:muscle-add,,,,,,,
dump,6223007826594,"Whey Add Plus - Chocolate Peanut Butter",,"Whey Add Plus - Chocolate Peanut Butter",,MuscleAdd,xx:muscleadd,,,,,,,
dump,6223007826624,"Iso Add Whey - Chocolate",,"Iso Add Whey - Chocolate",,MuscleADD,xx:muscleadd,,,,,,,
dump,6223007826655,"Iso Add Vinilla Ice-cream Protein Powder",,"Iso Add Vinilla Ice-cream Protein Powder",,Muscleadd,xx:muscleadd,,,,,,,
dump,6223007826662,"Isolate Whey",,"Isolate Whey",,"Muscle Add",xx:muscle-add,,,,,,,
dump,6223007826679,"Iso Add Plus Cookies And Cream",,"Iso Add Plus Cookies And Cream",,"Muscle Add",xx:muscle-add,"2040 g",2040,,,https://images.openfoodfacts.org/images/products/622/300/782/6679/front_en.4.400.jpg,,
dump,6223007941211,,,,,,,,,,,,,
dump,6223007941341,"Whole Wheat Toast",,"Whole Wheat Toast",,"Picky Baker",picky-baker,,,,,,,
dump,6223007941358,"Multigrain Toast",,"Multigrain Toast",,"Picky Baker",xx:picky-baker,,,,,,,
dump,6223007942782,"Crispy Wafer Vanilla",,"Crispy Wafer Vanilla",,BOO,xx:boo,,,,,,,
dump,6223007944304,"حليب اريا كامل الدسم",,"حليب اريا كامل الدسم",,,,,,,,https://images.openfoodfacts.org/images/products/622/300/794/4304/front_en.3.400.jpg,,
dump,6223007944335,"Aria strawberry milk",,"Aria strawberry milk",,,,,,,,,,
dump,6223007944359,"Aria chocolate milk",,"Aria chocolate milk",,,,,,,,https://images.openfoodfacts.org/images/products/622/300/794/4359/front_en.3.400.jpg,,
dump,6223007944878,"White Soft Bread",,"White Soft Bread",,"Picky Baker",xx:picky-baker,,,,,,,
dump,6223008270341,"لاتيريا كريم محلاه بالشوكولاته",,"لاتيريا كريم محلاه بالشوكولاته",,,,,,,,https://images.openfoodfacts.org/images/products/622/300/827/0341/front_en.3.400.jpg,,
dump,6223009223049,"Cocktail shrimp",,"Cocktail shrimp",,Ocean,ocean,,,,,https://images.openfoodfacts.org/images/products/622/300/922/3049/front_en.3.400.jpg,,
dump,6223009440088,"Potato chips sea salt",,"Potato chips sea salt",,,,55gm,55,,en:snacks,https://images.openfoodfacts.org/images/products/622/300/944/0088/front_fr.3.400.jpg,,
dump,6223009440279,"Potato chips",,"Potato chips",,,,,,,,https://images.openfoodfacts.org/images/products/622/300/944/0279/front_fr.3.400.jpg,,
dump,6223009440316,"Craft cooked prime ribs",,"Craft cooked prime ribs",,Spuds,spuds,,,,,https://images.openfoodfacts.org/images/products/622/300/944/0316/front_en.3.400.jpg,,
dump,6223009440323,"Spuds Craft Cooked Potato chips, sour cream & onions",,"Spuds Craft Cooked Potato chips, sour cream & onions",,Spuds,xx:spuds,,,,,https://images.openfoodfacts.org/images/products/622/300/944/0323/front_en.8.400.jpg,,
dump,6223009440507,"Potato Chips Lime Fusion",,"Potato Chips Lime Fusion",,Spuds,xx:spuds,,,,en:plant-based-foods-and-beverages|en:plant-based-foods|en:snacks|en:cereals-and-potatoes|en:salty-snacks|en:appetizers|en:chips-and-fries|en:crisps|en:potato-crisps,,,
dump,6223009440699,"Spuds salt flavored chips",,"Spuds salt flavored chips",,Spuds,xx:spuds,,,,en:plant-based-foods-and-beverages|en:plant-based-foods|en:snacks|en:cereals-and-potatoes|en:salty-snacks|en:appetizers|en:chips-and-fries|en:potatoes-and-their-products|en:crisps|en:salty-snacks-made-from-potato|en:potato-crisps,,,
dump,6223009442723,"Sweet Potato Chips",,"Sweet Potato Chips",,Spuds,xx:spuds,,,,,,,
dump,6223009442754,"Spuds duqqa",,"Spuds duqqa",,,,,,,,https://images.openfoodfacts.org/images/products/622/300/944/2754/front_en.3.400.jpg,,
dump,6223009522432,"Cookies and cream",,"Cookies and cream",,Wonderville,wonderville,,,,,,,
dump,6223009524139,"Sicilian Hazelnut Icecream",,"Sicilian Hazelnut Icecream",,Wonderville,xx:wonderville,,,,,,,
dump,6223009524146,"Double Coconut Chocolate",,"Double Coconut Chocolate",,Wonderville,xx:wonderville,,,,,,,
dump,6223009650173,,,,,,,,,,,https://images.openfoodfacts.org/images/products/622/300/965/0173/front_en.3.400.jpg,,
dump,6223009650258,,,,,,,,,,,https://images.openfoodfacts.org/images/products/622/300/965/0258/front_en.3.400.jpg,,
dump,6223009653235,"زعتر محوج ويلز 10جم",,"زعتر محوج ويلز 10جم",,weal's,weal-s,10gm,10,,,https://images.openfoodfacts.org/images/products/622/300/965/3235/front_en.3.400.jpg,,
dump,6223010042608,"Chips fox sweet chili",,"Chips fox sweet chili",,,,,,,,,,
dump,6223010042622,"Tomato Chips",,"Tomato Chips",,Fox,xx:fox,,,,,https://images.openfoodfacts.org/images/products/622/301/004/2622/front_en.3.400.jpg,,
dump,6223010168926,Cookie,,Cookie,,"Al Abd",al-abd,,,,,,,
dump,6223010550677,Tiger,,Tiger,,Tiger,tiger,,,,,,,
dump,6223011330018,"MARSHZONE MARSHMALLOW",,"MARSHZONE MARSHMALLOW",,,,,,,,https://images.openfoodfacts.org/images/products/622/301/133/0018/front_en.3.400.jpg,,
dump,6223011330803,"Mini Marshmallows",,"Mini Marshmallows",,"Magical Marchzone",xx:magical-marchzone,,,,,https://images.openfoodfacts.org/images/products/622/301/133/0803/front_en.4.400.jpg,,
dump,6223011430244,"Abu Auf peanut butter",,"Abu Auf peanut butter",,"Abu Auf",xx:abu-auf,,,,,https://images.openfoodfacts.org/images/products/622/301/143/0244/front_en.7.400.jpg,,
dump,6223011431098,"Choco Pillow",,"Choco Pillow",,"Abu Auf",xx:abu-auf,,,,,https://images.openfoodfacts.org/images/products/622/301/143/1098/front_en.4.400.jpg,,
dump,6223011431166,"Seven spices",,"Seven spices",,"Abu Auf",xx:abu-auf,,,,en:plant-based-foods-and-beverages|en:plant-based-foods|en:condiments|en:herbs-and-spices|en:spices|en:spice-mix,https://images.openfoodfacts.org/images/products/622/301/143/1166/front_en.4.400.jpg,,Carrefour
dump,6223011431838,"بوب كورن ابو عوف كراميل و شوكولاته",,"بوب كورن ابو عوف كراميل و شوكولاته",,"Abu Auf",xx:abu-auf,,,,,https://images.openfoodfacts.org/images/products/622/301/143/1838/front_en.4.400.jpg,,
dump,6223011433054,"Hot Chocolate",,"Hot Chocolate",,"Abu Auf",xx:abu-auf,,,,,https://images.openfoodfacts.org/images/products/622/301/143/3054/front_en.3.400.jpg,,
dump,6223011433504,"Coconut & Fruit Nut Bar",,"Coconut & Fruit Nut Bar",,"Abu Auf",xx:abu-auf,,,,,https://images.openfoodfacts.org/images/products/622/301/143/3504/front_en.4.400.jpg,,
dump,6223011433511,"Hazelnut & Cocoa Nuts Bar",,"Hazelnut & Cocoa Nuts Bar",,"Abu Auf",xx:abu-auf,,,,,https://images.openfoodfacts.org/images/products/622/301/143/3511/front_nl.4.400.jpg,,
dump,6223011433528,"Salted Pretzel & Almond Nut Bar",,"Salted Pretzel & Almond Nut Bar",,"Abu Auf",xx:abu-auf,,,,,,,
dump,6223011433856,"Tostino cheese",,"Tostino cheese",,"Abu auf",abu-auf,,,,,,,
dump,6223011433955,"Birthday Cake Protein Bar",,"Birthday Cake Protein Bar",,"Abu Auf",xx:abu-auf,,,,,https://images.openfoodfacts.org/images/products/622/301/143/3955/front_en.6.400.jpg,,
dump,6223011434532,"Popcorn Worcester Sauce",,"Popcorn Worcester Sauce",,"Abu Auf",xx:abu-auf,,,,,,,
dump,6223011434815,"Abu Auf Popcorn Garlic Butter",,"Abu Auf Popcorn Garlic Butter",,"Abu Auf",abu-auf,,,,,,,
dump,6223011437120,"Almond Butter",,"Almond Butter",,"Abu Auf",xx:abu-auf,,,,,,,
dump,6223011438028,"ابو عوف بافس جبنه",,"ابو عوف بافس جبنه",,,,,,,,https://images.openfoodfacts.org/images/products/622/301/143/8028/front_en.3.400.jpg,,
dump,6223011438196,"Pistachio And Kunafa Dark Chocolate",,"Pistachio And Kunafa Dark Chocolate",,"Abu Auf",xx:abu-auf,,,,,,,
dump,6223011438349,,,,,,,,,,,https://images.openfoodfacts.org/images/products/622/301/143/8349/front_en.3.400.jpg,,
dump,6223011810756,"Oat Creamy Chicken Soup",,"Oat Creamy Chicken Soup",,Lino,xx:lino,,,,,,,
dump,6223011810770,"Oat soup",,"Oat soup",,Lino,lino,,,,,https://images.openfoodfacts.org/images/products/622/301/181/0770/front_en.3.400.jpg,,
dump,6223011811128,"Oats And Smores Bar",,"Oats And Smores Bar",,Lino,xx:lino,,,,,,,
dump,6223011811210,"Protein Bar Oats And Peanut Butter",,"Protein Bar Oats And Peanut Butter",,Lino,xx:lino,,,,,,,
dump,6223011811227,"Oats and Brownies",,"Oats and Brownies",,Lino,xx:lino,,,,,https://images.openfoodfacts.org/images/products/622/301/181/1227/front_en.4.400.jpg,,
dump,6223011811234,"Lino protein bar",,"Lino protein bar",,Lino,lino,,,,,,,
dump,6223011817489,"rolled oats",,"rolled oats",,Lino,xx:lino,,,,,,,
dump,6223011819391,"Gluten Free Oat Pasta",,"Gluten Free Oat Pasta",,Lino,xx:lino,,,,,,,
dump,6223012480125,"Limitless Man Max",,"Limitless Man Max",,"Limitless Naturals",limitless-naturals,,,,,https://images.openfoodfacts.org/images/products/622/301/248/0125/front_en.3.400.jpg,,
dump,6223012481047,"whey chocolate protien",,"whey chocolate protien",,Limitless,xx:limitless,,,,,,,
dump,6223012481078,"Whey Protein Concentrate",,"Whey Protein Concentrate",,"Limitless Alpha",xx:limitless-alpha,,,,,,,
dump,6223012481603,"Limitless Vegan Protein",,"Limitless Vegan Protein",,"Limitless Alpha",limitless-alpha,,,,,https://images.openfoodfacts.org/images/products/622/301/248/1603/front_en.3.400.jpg,,
dump,6223012481641,"Vegan Protein",,"Vegan Protein",,Limitless,xx:limitless,,,,,,,
dump,6223012481795,LIMITLESS,,LIMITLESS,,,,,,,,,,
dump,6223012482990,"LIMITLESS ALLZYME",,"LIMITLESS ALLZYME",,,,,,,,,,
dump,6223012509826,,,,,,,,,,,https://images.openfoodfacts.org/images/products/622/301/250/9826/front_en.3.400.jpg,,
dump,6223012520043,"Boost Protein Bar",,"Boost Protein Bar",,"The  Good Habits",xx:the-good-habits,,,,en:dietary-supplements|en:bodybuilding-supplements|en:protein-bars,https://images.openfoodfacts.org/images/products/622/301/252/0043/front_en.7.400.jpg,,
dump,6223012520098,"Chocolate fudge protein bar",,"Chocolate fudge protein bar",,Boost,xx:boost,,,,,https://images.openfoodfacts.org/images/products/622/301/252/0098/front_en.4.400.jpg,,
dump,6223012520128,"Cappucimo protein bar",,"Cappucimo protein bar",,"The Good Habits BOOST",xx:the-good-habits-boost,,,,,,,
dump,6223012520135,"Mini Marshmallows",,"Mini Marshmallows",,"LOL Surprise",lol-surprise,,,,,https://images.openfoodfacts.org/images/products/622/301/252/0135/front_en.3.400.jpg,,
dump,6223012520333,"PROTEIN CRISP BAR CHOCOLATE CARAMEL CRISP",,"PROTEIN CRISP BAR CHOCOLATE CARAMEL CRISP",,BOOST,xx:boost,"60 g",60,,,https://images.openfoodfacts.org/images/products/622/301/252/0333/front_en.6.400.jpg,,
dump,6223012522177,"S’mores bar",,"S’mores bar",,Boost,boost,,,,,,,
dump,6223012533005,"Red kidney beans",,"Red kidney beans",,Bellz,bellz,,,,,https://images.openfoodfacts.org/images/products/622/301/253/3005/front_en.3.400.jpg,,
dump,6223012618528,"لارش مولتن كيك",,"لارش مولتن كيك",,Larch,xx:larch,,,,,https://images.openfoodfacts.org/images/products/622/301/261/8528/front_en.4.400.jpg,,
dump,6223013132504,Nutella,,Nutella,,"Rose Garden",xx:rose-garden,,,,,https://images.openfoodfacts.org/images/products/622/301/313/2504/front_en.3.400.jpg,,
dump,6223013530850,,,,,,,,,,,https://images.openfoodfacts.org/images/products/622/301/353/0850/front_ar.7.400.jpg,,
dump,6223013600102,"Carrot Cake",,"Carrot Cake",,"Bobs Bake",xx:bobs-bake,,,,,,,
dump,6223013843530,"today aloha",,"today aloha",,,,,,,,https://images.openfoodfacts.org/images/products/622/301/384/3530/front_en.3.400.jpg,,
dump,6223013843868,,,,,,,,,,,https://images.openfoodfacts.org/images/products/622/301/384/3868/front_en.3.400.jpg,,
dump,6223013846593,,,,,,,,,,,https://images.openfoodfacts.org/images/products/622/301/384/6593/front_en.3.400.jpg,,
dump,6223013870048,"Tomato Paste Low Calories",,"Tomato Paste Low Calories",,Naturesta,xx:naturesta,,,,,https://images.openfoodfacts.org/images/products/622/301/387/0048/front_es.3.400.jpg,,
dump,6223013920347,"Twevel Protein Bar Almond",,"Twevel Protein Bar Almond",,Twevel,twevel,,,,,,,
dump,6223014381147,"Tea Biscuits",,"Tea Biscuits",,Bakys,xx:bakys,,,,,,,
dump,6223014381345,"Plain Biscuits",,"Plain Biscuits",,Baky's,xx:baky-s,,,,,https://images.openfoodfacts.org/images/products/622/301/438/1345/front_fr.3.400.jpg,,
dump,6223014381581,"Finger Biscuits",,"Finger Biscuits",,Bakys,xx:bakys,,,,,,,
dump,6223014580076,"Diclac 75 ID",,"Diclac 75 ID",,,,,,,,https://images.openfoodfacts.org/images/products/622/301/458/0076/front_en.4.400.jpg,,
dump,6223015170344,"Margherita Forni Pizza",,"Margherita Forni Pizza",,Molto,xx:molto,,,,,,,
dump,6223015170405,"Mini Sweet Pies",,"Mini Sweet Pies",,Molto,xx:molto,,,,,,,
dump,6223015760224,,,,,,,,,,,https://images.openfoodfacts.org/images/products/622/301/576/0224/front_en.3.400.jpg,,
dump,6223015760231,,,,,,,,,,,https://images.openfoodfacts.org/images/products/622/301/576/0231/front_en.3.400.jpg,,
dump,6223015760255,,,,,,,,,,,https://images.openfoodfacts.org/images/products/622/301/576/0255/front_en.3.400.jpg,,
dump,6223015760262,,,,,,,,,,,https://images.openfoodfacts.org/images/products/622/301/576/0262/front_en.3.400.jpg,,
dump,6223015760279,,,,,,,,,,,https://images.openfoodfacts.org/images/products/622/301/576/0279/front_en.3.400.jpg,,
dump,6223015762402,"Chili Lime Crinkles",,"Chili Lime Crinkles",,Raw,xx:raw,,,,,,,
dump,6223015762419,,,,,,,,,,,https://images.openfoodfacts.org/images/products/622/301/576/2419/front_en.3.400.jpg,,
dump,6223016030654,,,,,,,,,,,https://images.openfoodfacts.org/images/products/622/301/603/0654/front_en.3.400.jpg,,
dump,6223016030913,,,,,,,,,,,https://images.openfoodfacts.org/images/products/622/301/603/0913/front_en.3.400.jpg,,
dump,6223016031446,,,,,,,,,,,https://images.openfoodfacts.org/images/products/622/301/603/1446/front_en.3.400.jpg,,
dump,6223016370019,Worms,,Worms,,"Chew Chew",xx:chew-chew,,,,,,,
dump,6223016572352,"Spread Cheese With Cream And Honey",,"Spread Cheese With Cream And Honey",,Domty,xx:domty,,,,,,,
dump,6223016573274,"High Protein Toast with Chia Seeds",,"High Protein Toast with Chia Seeds",,Domty,xx:domty,,,,,,,
dump,6223016573632,"Croissant Filled With Feta Cheese",,"Croissant Filled With Feta Cheese",,Domty,xx:domty,,,,,,,
dump,6223016574769,"Domty Bites",,"Domty Bites",,Domty,xx:domty,,,,,,,
dump,6223016720012,"orange juice",,"orange juice",,lychee,xx:lychee,,,,,,,
dump,6223016720029,"orange juice no pulp",,"orange juice no pulp",,lychee,xx:lychee,,,,,,,
dump,6223016722016,"Greek Youghurt",,"Greek Youghurt",,Lychee,xx:lychee,,,,,https://images.openfoodfacts.org/images/products/622/301/672/2016/front_en.3.400.jpg,,
dump,6223016722023,"Greek yogurt with blueberries",,"Greek yogurt with blueberries",,Lychee,xx:lychee,,,,,,,
dump,6223016722054,"Lychee Greek Yogurt With Vanilla And Granola",,"Lychee Greek Yogurt With Vanilla And Granola",,Lychee,xx:lychee,,,,,,,
dump,6223016722061,"Topp’d Greek Yogurt",,"Topp’d Greek Yogurt",,Lychee,xx:lychee,,,,,,,
dump,6223016722078,"Greek Yogurt Vanilla with Honeycomb",,"Greek Yogurt Vanilla with Honeycomb",,Lychee,xx:lychee,,,,,https://images.openfoodfacts.org/images/products/622/301/672/2078/front_en.4.400.jpg,,
dump,6223016723013,"Greek Yoghurt Zero",,"Greek Yoghurt Zero",,Lychee,xx:lychee,,,,,https://images.openfoodfacts.org/images/products/622/301/672/3013/front_de.3.400.jpg,,
dump,6223016723020,"Strawberries Greek Yogurt Zero",,"Strawberries Greek Yogurt Zero",,Lychee,xx:lychee,,,,,,,
dump,6223016723037,"Lychee Greek Yogurt Zero With Vanilla",,"Lychee Greek Yogurt Zero With Vanilla",,Lychee,xx:lychee,,,,,,,
dump,6223016724027,"Cookie & Cream Crumble Protein Bar",,"Cookie & Cream Crumble Protein Bar",,Lychee,xx:lychee,,,,,,,
dump,6223016724034,"Salted Caramel Protein Bar",,"Salted Caramel Protein Bar",,Lychee,xx:lychee,,,,,,,
dump,6223016724041,"Lychee Protien Bar",,"Lychee Protien Bar",,Lychee,xx:lychee,,,,,https://images.openfoodfacts.org/images/products/622/301/672/4041/front_en.3.400.jpg,,
dump,6223016724058,"Sweet Coconut Flakes",,"Sweet Coconut Flakes",,Lychee,xx:lychee,,,,,https://images.openfoodfacts.org/images/products/622/301/672/4058/front_en.3.400.jpg,,
dump,6223016724065,"Double Choco Fudge",,"Double Choco Fudge",,Lychee,xx:lychee,,,,,https://images.openfoodfacts.org/images/products/622/301/672/4065/front_en.3.400.jpg,,
dump,6223016724089,"Crispy Caramel Crunch",,"Crispy Caramel Crunch",,Lychee,xx:lychee,,,,,https://images.openfoodfacts.org/images/products/622/301/672/4089/front_en.3.400.jpg,,
dump,6223016725017,"homemade granola",,"homemade granola",,LYCHEE,xx:lychee,,,,en:plant-based-foods-and-beverages|en:plant-based-foods|en:breakfasts|en:cereals-and-potatoes|en:cereals-and-their-products|en:breakfast-cereals|en:mueslis,https://images.openfoodfacts.org/images/products/622/301/672/5017/front_en.3.400.jpg,,
dump,6223016725024,"granola chocolata",,"granola chocolata",,,,,,,,https://images.openfoodfacts.org/images/products/622/301/672/5024/front_en.3.400.jpg,,
dump,6223016726014,"Peanut Butter",,"Peanut Butter",,Lychee,xx:lychee,,,,,,,
dump,6223016726519,"Crunchy Peanut Butter",,"Crunchy Peanut Butter",,Lychee,xx:lychee,,,,,,,
dump,6223016750347,,,,,,,,,,,https://images.openfoodfacts.org/images/products/622/301/675/0347/front_en.3.400.jpg,,
dump,6223016750361,,,,,,,,,,,https://images.openfoodfacts.org/images/products/622/301/675/0361/front_en.3.400.jpg,,
dump,6223016750620,,,,,,,,,,,https://images.openfoodfacts.org/images/products/622/301/675/0620/front_en.5.400.jpg,,
dump,6223017872260,"Fruit & Grain Bars",,"Fruit & Grain Bars",,Snaxi,xx:snaxi,,,,,,,
dump,6223105198715,,,,,,,,,,,https://images.openfoodfacts.org/images/products/622/310/519/8715/front_en.3.400.jpg,,
dump,6223190030037,"Purée de cacahouète",,"Purée de cacahouète",,"Happy bio",happy-bio,,,,,,,
dump,6223250315074,"Chausson a la bolognaise",,"Chausson a la bolognaise",,,,,,,,,,
dump,6223974002724,"Surtido aperitivo barbacoa",,"Surtido aperitivo barbacoa",,,,,,,,,,
dump,6224000022013,"Blue Cheese",,"Blue Cheese",,Mobi,xx:mobi,,,,,,,
dump,6224000036034,"Teama 16 portions",,"Teama 16 portions","Teama 16 portions",TEAMA,teama,,,,en:dairies|en:fermented-foods|en:fermented-milk-products|en:cheeses|en:spreads|en:salted-spreads|en:cheese-spreads,https://images.openfoodfacts.org/images/products/622/400/003/6034/front_en.3.400.jpg,,
dump,6224000045111,Flaminco,,Flaminco,,Flaminco,flaminco,,,,,,,
dump,6224000045500,"Sweet Peanut Puffs",,"Sweet Peanut Puffs",,Flaminco,flaminco,,,,,https://images.openfoodfacts.org/images/products/622/400/004/5500/front_en.3.400.jpg,,
dump,6224000045647,Flaminco,,Flaminco,,Flaminco,flaminco,,,,,https://images.openfoodfacts.org/images/products/622/400/004/5647/front_en.3.400.jpg,,
dump,6224000054847,"بشاير لبن كامل الدسم ١ لتر",,"بشاير لبن كامل الدسم ١ لتر",,,,,,,,,,
dump,6224000060206,"ديلي برتقال",,"ديلي برتقال",,,,,,,,https://images.openfoodfacts.org/images/products/622/400/006/0206/front_en.4.400.jpg,,
dump,6224000060237,"ديلي مانجو",,"ديلي مانجو",,,,,,,,https://images.openfoodfacts.org/images/products/622/400/006/0237/front_en.4.400.jpg,,
dump,6224000060244,"ديلي جوافة",,"ديلي جوافة",,,,,,,,https://images.openfoodfacts.org/images/products/622/400/006/0244/front_en.4.400.jpg,,
dump,6224000060534,"ديلي كركديه",,"ديلي كركديه",,,,,,,,https://images.openfoodfacts.org/images/products/622/400/006/0534/front_en.4.400.jpg,,
dump,6224000060558,"ديلي تمر هندي",,"ديلي تمر هندي",,,,,,,,https://images.openfoodfacts.org/images/products/622/400/006/0558/front_en.4.400.jpg,,
dump,6224000060572,"ديلي خروب",,"ديلي خروب",,,,,,,,https://images.openfoodfacts.org/images/products/622/400/006/0572/front_en.4.400.jpg,,
dump,6224000060596,"ديلي دوم",,"ديلي دوم",,,,,,,,https://images.openfoodfacts.org/images/products/622/400/006/0596/front_en.4.400.jpg,,
dump,6224000060602,"ديلي برتقال خوخ",,"ديلي برتقال خوخ",,,,,,,,https://images.openfoodfacts.org/images/products/622/400/006/0602/front_en.4.400.jpg,,
dump,6224000063351,مولتوبيلا,,مولتوبيلا,,,,,,,,https://images.openfoodfacts.org/images/products/622/400/006/3351/front_en.3.400.jpg,,
dump,6224000063504,"molto bella se si",,"molto bella se si",,,,315,0,,,,,
dump,6224000093648,"جلاش ريتاج اسود",,"جلاش ريتاج اسود",,,,,,,,https://images.openfoodfacts.org/images/products/622/400/009/3648/front_en.3.400.jpg,,
dump,6224000093655,"ريتاج عجينة السمبوسك",,"ريتاج عجينة السمبوسك",,,,,,,,https://images.openfoodfacts.org/images/products/622/400/009/3655/front_en.3.400.jpg,,
dump,6224000093877,"جلاش ريتاج الزهار اصفر",,"جلاش ريتاج الزهار اصفر",,,,,,,,https://images.openfoodfacts.org/images/products/622/400/009/3877/front_en.3.400.jpg,,
dump,6224000104481,"Potatoes Croquettes",,"Potatoes Croquettes",,Olio,olio,,,,,,,
dump,6224000147013,"عبورلاند جبنة اسنطبولى نباتى الذهن",,"عبورلاند جبنة اسنطبولى نباتى الذهن",,,,,,,,,,
dump,6224000147150,"عبورلاند جبنة اسنطبولى نباتى الذهن",,"عبورلاند جبنة اسنطبولى نباتى الذهن",,,,,,,,,,
dump,6224000147358,"جبنة فيتا كامل الدسم",,"جبنة فيتا كامل الدسم",,,,,,,,https://images.openfoodfacts.org/images/products/622/400/014/7358/front_en.3.400.jpg,,
dump,6224000147815,"عبورلاند نباتى الذهن بطعم الزيتون",,"عبورلاند نباتى الذهن بطعم الزيتون",,,,,,,,,,
dump,6224000147822,"عبورلاند جبن طرى نباتى الذهن زيتون 500جرام",,"عبورلاند جبن طرى نباتى الذهن زيتون 500جرام",,,,,,,,,,
dump,6224000178130,miro,,miro,,"miro,",xx:miro,700g,700,,en:powdered-milk,,,
dump,6224000178277,"Tea latte",,"Tea latte",,,,,,,,,,
dump,6224000234065,"Légumes egyptien",,"Légumes egyptien",,Foodico,foodico,,,,,https://images.openfoodfacts.org/images/products/622/400/023/4065/front_en.3.400.jpg,,
dump,6224000234201,"Strawberry frozen",,"Strawberry frozen",,,,,,,,https://images.openfoodfacts.org/images/products/622/400/023/4201/front_en.3.400.jpg,,
dump,6224000234324,Okra,,Okra,,,,,,,,https://images.openfoodfacts.org/images/products/622/400/023/4324/front_en.3.400.jpg,,
dump,6224000244170,"Original Low Calorie Cooking Spray",,"Original Low Calorie Cooking Spray",,Spritz,xx:spritz,,,,,,,
dump,6224000282875,"Mighty �",,"Mighty �",,,,,,,,https://images.openfoodfacts.org/images/products/622/400/028/2875/front_en.3.400.jpg,,
dump,6224000389116,"Peanut Butter",,"Peanut Butter",,"Top Value",xx:top-value,,,,,,,
dump,6224000410209,"Smoked Salmon Slices Sn",,"Smoked Salmon Slices Sn",,"Golden Fish",xx:golden-fish,,,,,https://images.openfoodfacts.org/images/products/622/400/041/0209/front_en.3.400.jpg,,
dump,6224000420093,"fresh cream(keshta)",,"fresh cream(keshta)",,Prima,xx:prima,,,,,https://images.openfoodfacts.org/images/products/622/400/042/0093/front_en.3.400.jpg,,
dump,6224000432140,"Fresh Milk With Dates",,"Fresh Milk With Dates",,,,,,,,https://images.openfoodfacts.org/images/products/622/400/043/2140/front_fr.3.400.jpg,,
dump,6224000432164,"كوفي تشيك مزارع دينا",,"كوفي تشيك مزارع دينا",,,,,,,,https://images.openfoodfacts.org/images/products/622/400/043/2164/front_en.8.400.jpg,,
dump,6224000432201,"Creamy Triangle Cheese",,"Creamy Triangle Cheese",,"Dina Farms",xx:dina-farms,,,,,https://images.openfoodfacts.org/images/products/622/400/043/2201/front_en.4.400.jpg,,
dump,6224000432249,"Cream flavored spread",,"Cream flavored spread",,"Dina Farms",dina-farms,,,,,,,
dump,6224000432515,,,,,,,,,,,,,
dump,6224000432539,"Orange Juice",,"Orange Juice",,"DINA'S FARM",dina-s-farm,,,,en:plant-based-foods-and-beverages|en:beverages|en:plant-based-beverages|en:fruit-based-beverages|en:juices-and-nectars|en:fruit-juices|en:orange-juices,,,
dump,6224000432546,"عصير مانجو مزارع دينا",,"عصير مانجو مزارع دينا",,,,,,,,https://images.openfoodfacts.org/images/products/622/400/043/2546/front_en.3.400.jpg,,
dump,6224000432843,"Pomegranate Juice",,"Pomegranate Juice",,,,,,,,https://images.openfoodfacts.org/images/products/622/400/043/2843/front_fr.3.400.jpg,,
dump,6224000432973,"Greek Yogurt 5%",,"Greek Yogurt 5%",,"Dina Farms",xx:dina-farms,,,,,,,
dump,6224000437299,"tri tect",,"tri tect",,,,,,,,https://images.openfoodfacts.org/images/products/622/400/043/7299/front_en.3.400.jpg,,
dump,6224000453220,"Apple drink",,"Apple drink",,"Ice cola",ice-cola,,,,,,,
dump,6224000481483,"Roasted salted watermilon seeds",,"Roasted salted watermilon seeds",,,,,,,,,,
dump,6224000485931,"Légumes mixe",,"Légumes mixe",,"El Marwa",el-marwa,,,,,,,
dump,6224000515003,"ارز بسمتي ابيض هندي فاخر درجة اولي",,"ارز بسمتي ابيض هندي فاخر درجة اولي",,كريم,كريم,,,,,https://images.openfoodfacts.org/images/products/622/400/051/5003/front_en.3.400.jpg,,
dump,6224000515119,,,,,,,,,,en:plant-based-foods-and-beverages|en:plant-based-foods|en:fruits-and-vegetables-based-foods|en:fruits-based-foods|en:fruits,https://images.openfoodfacts.org/images/products/622/400/051/5119/front_en.3.400.jpg,,
dump,6224000529048,"Dolphin Tuna",,"Dolphin Tuna",,,,,,,,,,
dump,6224000529215,"Dolphin Tuna",,"Dolphin Tuna",,Dolphin,dolphin,,,,,,,
dump,6224000529239,Tuna,,Tuna,,Dolphin,xx:dolphin,,,,,https://images.openfoodfacts.org/images/products/622/400/052/9239/front_en.3.400.jpg,,
dump,6224000529598,"Thon en boîte",,"Thon en boîte",,,,,,,,https://images.openfoodfacts.org/images/products/622/400/052/9598/front_fr.3.400.jpg,,
dump,6224000529888,Tuna,,Tuna,,Dolohin,dolohin,,,,,,,
dump,6224000582135,snakdip,,snakdip,,,,,,,,https://images.openfoodfacts.org/images/products/622/400/058/2135/front_en.5.400.jpg,,
dump,6224000582197,"Oat chips",,"Oat chips",,"Chill out",xx:chill-out,,,,,https://images.openfoodfacts.org/images/products/622/400/058/2197/front_en.3.400.jpg,,
dump,6224000582357,"Chicken rice chips",,"Chicken rice chips",,"Chill out",chill-out,,,,,https://images.openfoodfacts.org/images/products/622/400/058/2357/front_en.3.400.jpg,,
dump,6224000582487,"Crazy crisps shrimp flavor",,"Crazy crisps shrimp flavor",,,,,,,,https://images.openfoodfacts.org/images/products/622/400/058/2487/front_fr.3.400.jpg,,
dump,6224000582968,"Sweet lemon corn and rice chips",,"Sweet lemon corn and rice chips",,"Chill out",xx:chill-out,,,,,,,
dump,6224000591038,"Spice Gur",,"Spice Gur",,Gourmet,gourmet,,,,,https://images.openfoodfacts.org/images/products/622/400/059/1038/front_en.3.400.jpg,,
dump,6224000602345,Biscuits,,Biscuits,,,,,,,,,,
dump,6224000625498,"اطياب بانيه دجاج ٨ قطع",,"اطياب بانيه دجاج ٨ قطع",,,,,,,,https://images.openfoodfacts.org/images/products/622/400/062/5498/front_en.6.400.jpg,,
dump,6224000625511,"اطياب بانيه دجاج ٢٠ قطعة",,"اطياب بانيه دجاج ٢٠ قطعة",,,,,,,,https://images.openfoodfacts.org/images/products/622/400/062/5511/front_en.3.400.jpg,,
dump,6224000625528,"Grilled Chicken Shish",,"Grilled Chicken Shish",,Atyab,xx:atyab,,,,,,,
dump,6224000625757,"اطياب بانيه دجاج حار",,"اطياب بانيه دجاج حار",,,,,,,,https://images.openfoodfacts.org/images/products/622/400/062/5757/front_en.3.400.jpg,,
dump,6224000625771,"اطياب بانيه دجاج حار ٢٠ قطعة",,"اطياب بانيه دجاج حار ٢٠ قطعة",,,,,,,,https://images.openfoodfacts.org/images/products/622/400/062/5771/front_en.3.400.jpg,,
dump,6224000625788,"اطياب نجتس",,"اطياب نجتس",,,,,,,,,,
dump,6224000625795,"اطياب ناجتس ٥٠ قطعة",,"اطياب ناجتس ٥٠ قطعة",,,,,,,,https://images.openfoodfacts.org/images/products/622/400/062/5795/front_en.3.400.jpg,,
dump,6224000627188,,,,,,,,,,,https://images.openfoodfacts.org/images/products/622/400/062/7188/front_en.3.400.jpg,,
dump,6224000627492,,,,,,,,,,,https://images.openfoodfacts.org/images/products/622/400/062/7492/front_en.3.400.jpg,,
dump,6224000649012,"Peanut Butter Power Bar",,"Peanut Butter Power Bar",,"Advanced Nutrition",xx:advanced-nutrition,,,,,,,
dump,6224000649203,ASN,,ASN,,,,,,,,https://images.openfoodfacts.org/images/products/622/400/064/9203/front_en.3.400.jpg,,
dump,6224000649388,"Mass Gainer CHOCLATE flavor",,"Mass Gainer CHOCLATE flavor",,"Advanced Sports Nutrition",xx:advanced-sports-nutrition,,,,,,,
dump,6224000649609,"Protein Pancake Mix",,"Protein Pancake Mix",,ASN,xx:asn,,,,,,,
dump,6224000649715,"Protein supplement",,"Protein supplement",,,,,,,,,,
dump,6224000649838,"Advanced Whey Protein",,"Advanced Whey Protein",,ASN,asn,,,,,https://images.openfoodfacts.org/images/products/622/400/064/9838/front_en.3.400.jpg,,
dump,6224000649920,"Protien Brownie",,"Protien Brownie",,Bobsbake,xx:bobsbake,,,,,https://images.openfoodfacts.org/images/products/622/400/064/9920/front_pl.5.400.jpg,,
dump,6224000649944,"Sugar Free Jelly",,"Sugar Free Jelly",,"Bobs Bake",xx:bobs-bake,,,,,https://images.openfoodfacts.org/images/products/622/400/064/9944/front_en.3.400.jpg,,
dump,6224000649951,"Jello (Apple) Sugar Free (protein)",,"Jello (Apple) Sugar Free (protein)",,BobsBake,xx:bobsbake,,,,,https://images.openfoodfacts.org/images/products/622/400/064/9951/front_en.3.400.jpg,,
dump,6224000649975,"Sugar Free Jelly",,"Sugar Free Jelly",,BobsBake,bobsbake,,,,,,,
dump,6224000684112,,,,,,,,,,,https://images.openfoodfacts.org/images/products/622/400/068/4112/front_ar.3.400.jpg,,
dump,6224000698799,"Light Mayonnaise",,"Light Mayonnaise",,"Dixie Mills",xx:dixie-mills,,,,en:condiments|en:sauces|en:mayonnaises,https://images.openfoodfacts.org/images/products/622/400/069/8799/front_fr.7.400.jpg,,
dump,6224000698935,"Barbecue Sauce",,"Barbecue Sauce",,"Dixie Mills",xx:dixie-mills,,,,,,,
dump,6224000787202,"اوسكار  فسدق مملح",,"اوسكار  فسدق مملح",,,,,,,,https://images.openfoodfacts.org/images/products/622/400/078/7202/front_en.3.400.jpg,,
dump,6224000788124,فازلين,,فازلين,,com@,com,ghfutguff,0,,,,,
dump,6224000856014,,,,,,,,,,,https://images.openfoodfacts.org/images/products/622/400/085/6014/front_en.3.400.jpg,,
dump,6224000856557,"Fava Beans",,"Fava Beans",,Foody,xx:foody,,,,,,,
dump,6224000945282,"Chocolate Wafer",,"Chocolate Wafer",,Kabaely,xx:kabaely,,,,,,,
dump,6224001007224,"كينا كومب",,"كينا كومب",,,,1,,,,,,
dump,6224001032271,"Oats drink",,"Oats drink",,,,,,,,https://images.openfoodfacts.org/images/products/622/400/103/2271/front_en.3.400.jpg,,
dump,6224001053030,"White Chocolate Cappuccino",,"White Chocolate Cappuccino",,D'amore,xx:d-amore,,,,,,,
dump,6224001105135,"Apple juice",,"Apple juice",,,,,,,en:beverages,https://images.openfoodfacts.org/images/products/622/400/110/5135/front_fr.3.400.jpg,,
dump,6224001105487,"red grape",,"red grape",,,,,,,,https://images.openfoodfacts.org/images/products/622/400/110/5487/front_fr.3.400.jpg,,
dump,6224001105494,"Red Grape  juice",,"Red Grape  juice",,"Lamar Pure",lamar-pure,,,,,https://images.openfoodfacts.org/images/products/622/400/110/5494/front_en.3.400.jpg,,
dump,6224001105845,"Pineapple juice",,"Pineapple juice",,"Lamar Pure",lamar-pure,,,,,https://images.openfoodfacts.org/images/products/622/400/110/5845/front_en.3.400.jpg,,
dump,6224001105913,"لمار خوخ",,"لمار خوخ",,,,,,,,https://images.openfoodfacts.org/images/products/622/400/110/5913/front_en.3.400.jpg,,
dump,6224001117053,"Chałwa czekoladowa",,"Chałwa czekoladowa",,,,"350 g",350,,en:snacks|en:sweet-snacks|en:confectioneries|en:halva,https://images.openfoodfacts.org/images/products/622/400/111/7053/front_pl.3.400.jpg,,
dump,6224001130397,"صلصه طماطم",,"صلصه طماطم",,العين,العين,850,0,,,,,
dump,6224001234880,"Karak Tea",,"Karak Tea",,"Teyab Shana",xx:teyab-shana,,,,,,,
dump,6224001418112,Scraunch,,Scraunch,,,,,,,,https://images.openfoodfacts.org/images/products/622/400/141/8112/front_en.3.400.jpg,,
dump,6224001418488,"Rich Fine Belgian Chocolate",,"Rich Fine Belgian Chocolate",,"Wunder Chocolate",wunder-chocolate,,,,,,,
dump,6224001418587,"Mixed Nuts Granola Bar",,"Mixed Nuts Granola Bar",,Scrunch,xx:scrunch,,,,,,,
dump,6224001418594,"Rice crispy marshmello",,"Rice crispy marshmello",,Scrunch,scrunch,,,,,https://images.openfoodfacts.org/images/products/622/400/141/8594/front_en.3.400.jpg,,
dump,6224001418792,"Marshmello rice crispy",,"Marshmello rice crispy",,Scrunch,scrunch,,,,,https://images.openfoodfacts.org/images/products/622/400/141/8792/front_en.3.400.jpg,,
dump,6224001426261,"Lakanto Hazelnut Milk Chocolate",,"Lakanto Hazelnut Milk Chocolate",,Lakanto,xx:lakanto,,,,,https://images.openfoodfacts.org/images/products/622/400/142/6261/front_en.3.400.jpg,,
dump,6224001458101,"slvr skn-guatemala",,"slvr skn-guatemala",,,,,,,,https://images.openfoodfacts.org/images/products/622/400/145/8101/front_en.3.400.jpg,,
dump,6224001458118,"slvr skn-brazil",,"slvr skn-brazil",,,,,,,,https://images.openfoodfacts.org/images/products/622/400/145/8118/front_en.3.400.jpg,,
dump,6224001458125,"slvr skn-salvador",,"slvr skn-salvador",,,,,,,,https://images.openfoodfacts.org/images/products/622/400/145/8125/front_en.3.400.jpg,,
dump,6224001458231,"slvr skn,guatemala",,"slvr skn,guatemala",,,,,,,,https://images.openfoodfacts.org/images/products/622/400/145/8231/front_en.3.400.jpg,,
dump,6224001458286,"espresso lab",,"espresso lab",,,,,,,,https://images.openfoodfacts.org/images/products/622/400/145/8286/front_en.3.400.jpg,,
dump,6224001458347,"slvr skn- high voltage",,"slvr skn- high voltage",,,,,,,,https://images.openfoodfacts.org/images/products/622/400/145/8347/front_en.3.400.jpg,,
dump,6224001488344,ماكسيلو,,ماكسيلو,,,,,,,,https://images.openfoodfacts.org/images/products/622/400/148/8344/front_en.3.400.jpg,,
dump,6224001574238,,,,,,,,,,,https://images.openfoodfacts.org/images/products/622/400/157/4238/front_en.3.400.jpg,,
dump,6224001663086,"Konafa roll zitouni new",,"Konafa roll zitouni new",,,,,,,,https://images.openfoodfacts.org/images/products/622/400/166/3086/front_en.6.400.jpg,,
dump,6224001733093,"سويس فرولوتس",,"سويس فرولوتس",,,,,,,,https://images.openfoodfacts.org/images/products/622/400/173/3093/front_en.3.400.jpg,,
dump,6224001733147,"سويس فرور",,"سويس فرور",,,,,,,,https://images.openfoodfacts.org/images/products/622/400/173/3147/front_en.3.400.jpg,,
dump,6224001733154,"Blond Chocolate Kunafa Almond Cream",,"Blond Chocolate Kunafa Almond Cream",,"Swiss Fru",xx:swiss-fru,,,,,,,
dump,6224001733215,,,,,"Swiss Fru",xx:swiss-fru,,,,,https://images.openfoodfacts.org/images/products/622/400/173/3215/front_en.5.400.jpg,,
dump,6224001746482,"Brownies Proprotein Bar",,"Brownies Proprotein Bar",,"Muscle Development",muscle-development,,,,,,,
dump,6224001746543,"Pro Protein Puffs",,"Pro Protein Puffs",,"Muscle Development",muscle-development,,,,,,,
dump,6224001925047,"Popped protein rice cakes",,"Popped protein rice cakes",,Egyptian,xx:egyptian,,,,,https://images.openfoodfacts.org/images/products/622/400/192/5047/front_en.8.400.jpg,,
dump,6224001925054,"Rice Cakes (Popped Protein)",,"Rice Cakes (Popped Protein)",,Zero,xx:zero,,,,,,,
dump,6224001925191,"Zero healthy snack bar",,"Zero healthy snack bar",,Zero,xx:zero,,,,,https://images.openfoodfacts.org/images/products/622/400/192/5191/front_en.3.400.jpg,,
dump,6224001925214,"Lotus cheesecake protein bar",,"Lotus cheesecake protein bar",,Zero,xx:zero,,,,,,,
dump,6224001925290,"Rice cakes",,"Rice cakes",,"Zero Popped Protein",xx:zero-popped-protein,,,,,,,
dump,6224001925306,"Popped Protein Rice Cakes",,"Popped Protein Rice Cakes",,Zero,xx:zero,,,,,,,
dump,6224001925313,,,,,,,,,,,https://images.openfoodfacts.org/images/products/622/400/192/5313/front_en.4.400.jpg,,
dump,6224001925337,"Dark chocolate bar",,"Dark chocolate bar",,Zero,xx:zero,85g,85,,en:snacks|en:sweet-snacks|en:cocoa-and-its-products|en:chocolates|en:dark-chocolates|en:dark-chocolate-bar,https://images.openfoodfacts.org/images/products/622/400/192/5337/front_en.3.400.jpg,,
dump,6224001925344,,,,,,,,,,,https://images.openfoodfacts.org/images/products/622/400/192/5344/front_en.3.400.jpg,,
dump,6224001925351,"Dark Chocolate With Stevia & Whey Protein",,"Dark Chocolate With Stevia & Whey Protein",,Zero,zero,,,,,,,
dump,6224001925375,,,,,,,,,,,https://images.openfoodfacts.org/images/products/622/400/192/5375/front_en.5.400.jpg,,
dump,6224001925443,"Protein Bites",,"Protein Bites",,Zero,zero,,,,,,,
dump,6224001925450,"Protein Bites",,"Protein Bites",,Zero,zero,,,,,,,
dump,6224001925467,"Protein Bites Caramel Cashew",,"Protein Bites Caramel Cashew",,Zero,xx:zero,"30 g",30,,,https://images.openfoodfacts.org/images/products/622/400/192/5467/front_en.8.400.jpg,,
dump,6224001925528,,,,,,,,,,,https://images.openfoodfacts.org/images/products/622/400/192/5528/front_en.8.400.jpg,,
dump,6224001925542,,,,,,,,,,,https://images.openfoodfacts.org/images/products/622/400/192/5542/front_en.3.400.jpg,,
dump,6224001925573,"Dark Chocolate Stevia",,"Dark Chocolate Stevia",,Zero,xx:zero,,,,,,,
dump,6224001925603,"Milk Chocolate 0% Sugar",,"Milk Chocolate 0% Sugar",,Zero,xx:zero,,,,,,,
dump,6224001925658,"شوكلاته زيرو",,"شوكلاته زيرو",,,,,,,,,,
dump,6224001925689,"Stevia Milk Chocolate",,"Stevia Milk Chocolate",,Zero,xx:zero,,,,,,,
dump,6224001925764,"Stevia Oat Biscuits Classic",,"Stevia Oat Biscuits Classic",,Zero,zero,,,,,,,
dump,6224001925771,"Stevia Oat Biscuits Cashew",,"Stevia Oat Biscuits Cashew",,Zero,zero,,,,,,,
dump,6224001925825,"Lean Protein Bar Pistachio",,"Lean Protein Bar Pistachio",,"Evolve Pharma",evolve-pharma,,,,,,,
dump,6224001925856,,,,,,,,,,,https://images.openfoodfacts.org/images/products/622/400/192/5856/front_en.3.400.jpg,,
dump,6224001925900,"زيرو سبريد شوكولاته وفسدق",,"زيرو سبريد شوكولاته وفسدق",,,,,,,,https://images.openfoodfacts.org/images/products/622/400/192/5900/front_en.3.400.jpg,,
dump,6224001925917,"Cookies And Cream Protein Bar",,"Cookies And Cream Protein Bar",,Zero,xx:zero,,,,,,,
dump,6224001925948,"Lotus Bliss Protein Bar",,"Lotus Bliss Protein Bar",,Zero,xx:zero,,,,,,,
dump,6224001927249,"Milk Chocolate Sugar Free",,"Milk Chocolate Sugar Free",,Grazel,xx:grazel,,,,,,,
dump,6224001927270,"78% Cocoa Dark Chocolate Monkfruit Sweetened",,"78% Cocoa Dark Chocolate Monkfruit Sweetened",,Grazel,grazel,,,,,,,
dump,6224001927447,"Almond Amber Sugar Free Chocolate",,"Almond Amber Sugar Free Chocolate",,Grazel,xx:grazel,,,,,,,
dump,6224001952012,"دقيق جلوتن",,"دقيق جلوتن",,,,,,,,https://images.openfoodfacts.org/images/products/622/400/195/2012/front_en.3.400.jpg,,
dump,6224001955167,"Mini Balady Bread",,"Mini Balady Bread",,Tabali,xx:tabali,,,,,,,
dump,6224002028082,"Raw Plus High Protein Bar",,"Raw Plus High Protein Bar",,Raw,xx:raw,,,,,,,
dump,6224002046147,"Spicy Tangerine Fruit Drink",,"Spicy Tangerine Fruit Drink",,"Sun Top",xx:sun-top,,,,,https://images.openfoodfacts.org/images/products/622/400/204/6147/front_da.4.400.jpg,,
dump,6224002083012,"طماطم جافة",,"طماطم جافة",,Hipta,xx:hipta,,,,,https://images.openfoodfacts.org/images/products/622/400/208/3012/front_en.3.400.jpg,,
dump,6224002106513,"100% Whole Grain Oat Flakes",,"100% Whole Grain Oat Flakes",,"Abu Auf",xx:abu-auf,,,,,https://images.openfoodfacts.org/images/products/622/400/210/6513/front_en.3.400.jpg,,
dump,6224002146809,"Organic Rice Cake (Quinoa & Chia Seeds)",,"Organic Rice Cake (Quinoa & Chia Seeds)",,Halo,xx:halo,,,,,https://images.openfoodfacts.org/images/products/622/400/214/6809/front_en.3.400.jpg,,
dump,6224002146816,"Rice Cakes Original",,"Rice Cakes Original",,Halo,halo,,,,,,,
dump,6224002148018,"Dark Chocolate Brownies",,"Dark Chocolate Brownies",,ReFuel,xx:refuel,,,,,,,
dump,6224002148025,"Crispy Caramel Protein Bar",,"Crispy Caramel Protein Bar",,Refuel,xx:refuel,,,,,,,
dump,6224002148049,"Salted Cashew",,"Salted Cashew",,Refuel,xx:refuel,,,,en:dietary-supplements|en:bodybuilding-supplements|en:protein-bars,https://images.openfoodfacts.org/images/products/622/400/214/8049/front_fr.4.400.jpg,,
dump,6224002148056,"Crunchy Peanut Butter",,"Crunchy Peanut Butter",,Refuel,xx:refuel,,,,,https://images.openfoodfacts.org/images/products/622/400/214/8056/front_en.3.400.jpg,,
dump,6224002148063,"Chocolate Hazelnut Protein Bar",,"Chocolate Hazelnut Protein Bar",,Refuel,refuel,,,,,,,
dump,6224002148179,"Minis Dark Chocolate brownies",,"Minis Dark Chocolate brownies",,Refuel,xx:refuel,,,,,,,
dump,6224002148193,"Brown Rice Cake",,"Brown Rice Cake",,"Mighty Crisp",xx:mighty-crisp,,,,,https://images.openfoodfacts.org/images/products/622/400/214/8193/front_en.3.400.jpg,,
dump,6224002148209,"Slightly Salted Brown Rice Cakes",,"Slightly Salted Brown Rice Cakes",,"Mighty Crisp",xx:mighty-crisp,,,,en:plant-based-foods-and-beverages|en:plant-based-foods|en:fruits-and-vegetables-based-foods|en:fruits-based-foods|en:fruits|en:citrus|en:oranges,https://images.openfoodfacts.org/images/products/622/400/214/8209/front_ar.3.400.jpg,,
dump,6224002148216,"SLIGHTLY SALTED CORN CAKES",,"SLIGHTLY SALTED CORN CAKES",,"Mighty Crisp",xx:mighty-crisp,,,,,,,
dump,6224002148223,"Chia & Quinoa Brown Rice Cakes",,"Chia & Quinoa Brown Rice Cakes",,"Mighty Crisp",xx:mighty-crisp,,,,,https://images.openfoodfacts.org/images/products/622/400/214/8223/front_en.3.400.jpg,,
dump,6224002148230,"MultiGrain Rice Cake",,"MultiGrain Rice Cake",,"Mighty Crisp",xx:mighty-crisp,,,,,,,
dump,6224002148261,"Mini Salted Cashews",,"Mini Salted Cashews",,Refuel,xx:refuel,,,,,,,
dump,6224002300010,"Smoochy mango",,"Smoochy mango",,,,,,,,https://images.openfoodfacts.org/images/products/622/400/230/0010/front_en.3.400.jpg,,
dump,6224002300027,"Chocolate little bites",,"Chocolate little bites",,Smoochy,xx:smoochy,,,,,https://images.openfoodfacts.org/images/products/622/400/230/0027/front_en.3.400.jpg,,
dump,6224002300034,"vanilla mochi",,"vanilla mochi",,smoochy,xx:smoochy,,,,,,,
dump,6224002300058,"Smoochy salted caramel",,"Smoochy salted caramel",,,,,,,,https://images.openfoodfacts.org/images/products/622/400/230/0058/front_en.3.400.jpg,,
dump,6224002300065,"Smoochy mango eweis",,"Smoochy mango eweis",,,,,,,,https://images.openfoodfacts.org/images/products/622/400/230/0065/front_en.3.400.jpg,,
dump,6224002300072,"Mango & Passion Fruit Mochi",,"Mango & Passion Fruit Mochi",,Smoochy,xx:smoochy,,,,,,,
dump,6224002307071,Vegetable,,Vegetable,,Gourmet,gourmet,100g,100,,,https://images.openfoodfacts.org/images/products/622/400/230/7071/front_en.3.400.jpg,,
dump,6224002352217,"Fuel Protein Water Mixed Berries",,"Fuel Protein Water Mixed Berries",,Nutrifits,xx:nutrifits,,,,,https://images.openfoodfacts.org/images/products/622/400/235/2217/front_en.3.400.jpg,,
dump,6224002419019,"Buttermilk Ranch Sauce",,"Buttermilk Ranch Sauce",,"Good France",xx:good-france,,,,,,,
dump,6224002606020,"Protien Snacks Sour Cream",,"Protien Snacks Sour Cream",,Fit,xx:fit,,,,,,,
dump,6224002606228,,,,,,,,,,,https://images.openfoodfacts.org/images/products/622/400/260/6228/front_en.3.400.jpg,,
dump,6224002610379,"Rice Flour",,"Rice Flour",,"Heaven Gardens",xx:heaven-gardens,,,,,,,
dump,6224002622013,"Peanut Caramel With Almond Butter",,"Peanut Caramel With Almond Butter",,Vie,xx:vie,,,,,https://images.openfoodfacts.org/images/products/622/400/262/2013/front_en.3.400.jpg,,
dump,6224002701107,"Delimore Smoked Turkey Breasts",,"Delimore Smoked Turkey Breasts",,Delomore,delomore,,,,,,,
dump,6224002701176,"Smoked Chicken Breast",,"Smoked Chicken Breast",,Delimore,delimore,,,,,https://images.openfoodfacts.org/images/products/622/400/270/1176/front_en.3.400.jpg,,
dump,6224002858191,Puffster,,Puffster,,Puffster,xx:puffster,,,,,,,
dump,6224003035010,"rice cake cheese",,"rice cake cheese",,,,,,,,https://images.openfoodfacts.org/images/products/622/400/303/5010/front_en.3.400.jpg,,
dump,6224003035027,"vodo rice cake",,"vodo rice cake",,vodo,xx:vodo,,,,,https://images.openfoodfacts.org/images/products/622/400/303/5027/front_en.3.400.jpg,,
dump,6224003056749,"Cottage Cheese",,"Cottage Cheese",,"Al Asdekaa",xx:al-asdekaa,,,,,https://images.openfoodfacts.org/images/products/622/400/305/6749/front_en.8.400.jpg,,
dump,6224003056862,"Cottage Cheese With Thyme",,"Cottage Cheese With Thyme",,Asdekaa,xx:asdekaa,,,,,https://images.openfoodfacts.org/images/products/622/400/305/6862/front_en.3.400.jpg,,
dump,6224003078406,"Biscuits With Cocoa",,"Biscuits With Cocoa",,Pido,xx:pido,,,,,,,
dump,6224003093010,"Creatine Monohydrate",,"Creatine Monohydrate",,"Keep Going",xx:keep-going,,,,,https://images.openfoodfacts.org/images/products/622/400/309/3010/front_en.3.400.jpg,,
dump,6224003093058,"Chocolate Gourmet Ultimate Whey",,"Chocolate Gourmet Ultimate Whey",,"Keep Going",xx:keep-going,,,,,,,
dump,6224003093072,"Ultimate Whey French Vanilla",,"Ultimate Whey French Vanilla",,"Keep Going",xx:keep-going,,,,,,,
dump,6224003093201,"Cookies & Cream Crunch Protein Bar",,"Cookies & Cream Crunch Protein Bar",,"KEEP GOING",xx:keep-going,,,,,,,
dump,6224003093225,"Choco Salted Caramel Protein Bar",,"Choco Salted Caramel Protein Bar",,"Keep Going",xx:keep-going,,,,,,,
dump,6224003093232,"Peanut Butter Caramel Nuts Portein Bar",,"Peanut Butter Caramel Nuts Portein Bar",,"Keep Going",xx:keep-going,,,,,,,
dump,6224003093409,"Midnight Choco Ultimate Casein",,"Midnight Choco Ultimate Casein",,"Keep Going",xx:keep-going,,,,,,,
dump,6224003093416,"Vanilla Pudding Ultimate Casein Whey",,"Vanilla Pudding Ultimate Casein Whey",,"Keep Going",xx:keep-going,,,,,,,
dump,6224003116047,"Pistachio chocolate",,"Pistachio chocolate",,"Richie way",xx:richie-way,,,,,https://images.openfoodfacts.org/images/products/622/400/311/6047/front_en.4.400.jpg,,
dump,6224003116061,"ريتش واي",,"ريتش واي",,,,,,,,https://images.openfoodfacts.org/images/products/622/400/311/6061/front_en.3.400.jpg,,
dump,6224003145016,"Guilt Free Icecream",,"Guilt Free Icecream",,Wonderville,xx:wonderville,,,,,,,
dump,6224003145023,"Guilt Free Blueberry Greek Yogurt",,"Guilt Free Blueberry Greek Yogurt",,Wonderfit,xx:wonderfit,,,,,,,
dump,6224003145047,"Guilt Free Belgian Chocolate Ice Cream",,"Guilt Free Belgian Chocolate Ice Cream",,Wonderfit,xx:wonderfit,,,,,,,
dump,6224003145061,"wonderfit premium pistachio ice cream",,"wonderfit premium pistachio ice cream",,wonderfit,xx:wonderfit,,,,,,,
dump,6224003145085,"French Vanilla ice cream",,"French Vanilla ice cream",,Wonderful,xx:wonderful,,,,,https://images.openfoodfacts.org/images/products/622/400/314/5085/front_en.4.400.jpg,,
dump,6224003145092,"Pistachio Stick Ice Cream",,"Pistachio Stick Ice Cream",,Wonderfit,xx:wonderfit,,,,,,,
dump,6224003210011,"Mini Rice Cakes",,"Mini Rice Cakes",,Halo,xx:halo,,,,,,,
dump,6224003210059,"Mixed Crunch",,"Mixed Crunch",,Halo,xx:halo,,,,,,,
dump,6224003210134,"هالو بروتين بغيتي فول سوداني",,"هالو بروتين بغيتي فول سوداني",,,,,,,,https://images.openfoodfacts.org/images/products/622/400/321/0134/front_en.3.400.jpg,,
dump,6224003210141,"Mixed Crunch",,"Mixed Crunch",,Halo,xx:halo,,,,,https://images.openfoodfacts.org/images/products/622/400/321/0141/front_en.4.400.jpg,,
dump,6224003259027,"الوردة شاى ناعم 100جم",,"الوردة شاى ناعم 100جم",,,,,,,,,,
dump,6224003281103,"Sweet Corn",,"Sweet Corn",,Amr,xx:amr,,,,,,,
dump,6224003288263,"Didos almond",,"Didos almond",,,,,,,,https://images.openfoodfacts.org/images/products/622/400/328/8263/front_en.3.400.jpg,,
dump,6224003288270,"Didos peanut butter",,"Didos peanut butter",,,,,,,,https://images.openfoodfacts.org/images/products/622/400/328/8270/front_en.3.400.jpg,,
dump,6224003288287,"Didos coconut",,"Didos coconut",,,,,,,,https://images.openfoodfacts.org/images/products/622/400/328/8287/front_en.3.400.jpg,,
dump,6224003311138,"Twist Sugar Free",,"Twist Sugar Free",,Twist,xx:twist,,,,en:beverages-and-beverages-preparations|en:beverages|en:energy-drinks,https://images.openfoodfacts.org/images/products/622/400/331/1138/front_en.4.400.jpg,,
dump,6224003333031,"Labneh With Thyme",,"Labneh With Thyme",,Yopolis,xx:yopolis,,,,,,,
dump,6224003333048,"Light Cream Cheese",,"Light Cream Cheese",,Yopolis,xx:yopolis,,,,,,,
dump,6224003479043,"Chocolate Wheat & Milk",,"Chocolate Wheat & Milk",,Mega,xx:mega,,,,,,,
dump,6224003517264,"Red Rush",,"Red Rush",,"Kippis Kettle Cooked Chips",xx:kippis-kettle-cooked-chips,,,,,,,
dump,6224003679016,"F2o water",,"F2o water",,,,,,,,https://images.openfoodfacts.org/images/products/622/400/367/9016/front_en.3.400.jpg,,
dump,6224003814325,"Zero milk chocolate",,"Zero milk chocolate",,,,,,,,https://images.openfoodfacts.org/images/products/622/400/381/4325/front_en.3.400.jpg,,
dump,6224003814349,,,,,,,,,,,https://images.openfoodfacts.org/images/products/622/400/381/4349/front_en.3.400.jpg,,
dump,6224003814356,"شوكولاته زيرو فسدق",,"شوكولاته زيرو فسدق",,,,,,,,https://images.openfoodfacts.org/images/products/622/400/381/4356/front_en.3.400.jpg,,
dump,6224003814370,"زيرو بار نسب",,"زيرو بار نسب",,,,,,,,https://images.openfoodfacts.org/images/products/622/400/381/4370/front_en.3.400.jpg,,
dump,6224003814387,"شوكولاته زيرو كاجو",,"شوكولاته زيرو كاجو",,,,,,,,https://images.openfoodfacts.org/images/products/622/400/381/4387/front_en.3.400.jpg,,
dump,6224003818019,"Melty Protien Bar Filled With Pistachio Spread",,"Melty Protien Bar Filled With Pistachio Spread",,Zero,xx:zero,,,,,https://images.openfoodfacts.org/images/products/622/400/381/8019/front_en.3.400.jpg,,
dump,6224003818026,"melty protein bar",,"melty protein bar",,zero,xx:zero,,,,,,,
dump,6224003818033,"Melty Protein Bar Filled With Whey Protien Spread",,"Melty Protein Bar Filled With Whey Protien Spread",,Zero,xx:zero,,,,,https://images.openfoodfacts.org/images/products/622/400/381/8033/front_en.3.400.jpg,,
dump,6224003818040,"Melty Protien Bar Filled With Peanut Butter",,"Melty Protien Bar Filled With Peanut Butter",,Zero,xx:zero,,,,,https://images.openfoodfacts.org/images/products/622/400/381/8040/front_en.3.400.jpg,,
dump,6224004041027,,,,,,,,,,,https://images.openfoodfacts.org/images/products/622/400/404/1027/front_en.3.400.jpg,,
dump,6224007235041,"Biscuit - Biscuits",,"Biscuit - Biscuits",,Fairy,fairy,,,,,,,
dump,6224007235188,فيرى,,فيرى,,"Emilco,",emilco,,,,en:snacks|en:sweet-snacks|en:biscuits-and-cakes|en:biscuits-and-crackers|en:biscuits,,,
dump,6224007250082,Salt,,Salt,,"Dr Salt",xx:dr-salt,,,,,,,
dump,6224007250464,"Natural Sea Salt",,"Natural Sea Salt",,Oujaj,xx:oujaj,,,,,,,
dump,6224007314203,"شيفي ميكس ارز صيادية",,"شيفي ميكس ارز صيادية",,,,,,,,https://images.openfoodfacts.org/images/products/622/400/731/4203/front_en.4.400.jpg,,
dump,6224007314883,"شيفي كاري هندي",,"شيفي كاري هندي",,,,,,,,,,
dump,6224007330258,"اطياب بيف برجر ٨ قطع",,"اطياب بيف برجر ٨ قطع",,,,,,,,https://images.openfoodfacts.org/images/products/622/400/733/0258/front_en.3.400.jpg,,
dump,6224007330876,"Crispy Chicken Pane",,"Crispy Chicken Pane",,Atyab,xx:atyab,,,,,,,
dump,6224007377147,"Cream caramel",,"Cream caramel",,,,,,,,https://images.openfoodfacts.org/images/products/622/400/737/7147/front_en.3.400.jpg,,
dump,6224007377796,"Chocolate cake",,"Chocolate cake",,,,,,,en:snacks|en:sweet-snacks|en:biscuits-and-cakes|en:cakes,https://images.openfoodfacts.org/images/products/622/400/737/7796/front_en.3.400.jpg,,
dump,6224007384497,"lit up cleanser",,"lit up cleanser",,macro,xx:macro,"6.76 fl.OZ.",199.91686,,,,,
dump,6224007394120,"فيروبيلا شيكولاتة سبريد",,"فيروبيلا شيكولاتة سبريد",,,,,,,,https://images.openfoodfacts.org/images/products/622/400/739/4120/front_en.4.400.jpg,,
dump,6224007399095,فوليه,,فوليه,,,,,,,,,,
dump,6224007399217,"ملبن عين جمل",,"ملبن عين جمل",,,,,,,,https://images.openfoodfacts.org/images/products/622/400/739/9217/front_en.3.400.jpg,,
dump,6224007500477,Gebnalco,,Gebnalco,,Gebnalco,xx:gebnalco,"8 portions, 90 grams net weight.",90,,en:dairies|en:fermented-foods|en:fermented-milk-products|en:cheeses|en:spreads|en:salted-spreads|en:cheese-spreads,https://images.openfoodfacts.org/images/products/622/400/750/0477/front_en.3.400.jpg,,
dump,6224007500859,,,,,Tamaraty,tamaraty,"700 g",700,,en:plant-based-foods-and-beverages|en:plant-based-foods|en:fruits-and-vegetables-based-foods|en:fruits-based-foods|en:fruits|en:dates|en:whole-dates,https://images.openfoodfacts.org/images/products/622/400/750/0859/front_ar.13.400.jpg,,
dump,6224007509784,"Mango fruit drink",,"Mango fruit drink",,,,,,,,,,
dump,6224007581988,"Fava Beans With Chickpeas",,"Fava Beans With Chickpeas",,Altahya,xx:altahya,,,,,,,
dump,6224007613627,"الصواف عسل نحل",,"الصواف عسل نحل",,,,,,,,https://images.openfoodfacts.org/images/products/622/400/761/3627/front_en.3.400.jpg,,
dump,6224007717394,"Ice Cream Biscoti",,"Ice Cream Biscoti",,Gersey,xx:gersey,,,,,,,
dump,6224007718614,"Feta creamy",,"Feta creamy",,,,,,,,,,
dump,6224007719046,"White vinegar",,"White vinegar",,,,1l,1000,,,https://images.openfoodfacts.org/images/products/622/400/771/9046/front_en.3.400.jpg,,
dump,6224007719237,"Cheesy sauce",,"Cheesy sauce",,Giardino,giardino,,,,,,,
dump,6224007719244,,,,,,,,,,,https://images.openfoodfacts.org/images/products/622/400/771/9244/front_en.3.400.jpg,,
dump,6224007719695,"Tomato ketchup",,"Tomato ketchup",,,,,,,en:condiments|en:sauces|en:tomato-sauces|en:ketchup,https://images.openfoodfacts.org/images/products/622/400/771/9695/front_fr.3.400.jpg,,
dump,6224007819258,,,,,,,,,,,https://images.openfoodfacts.org/images/products/622/400/781/9258/front_en.3.400.jpg,,
dump,6224007819289,,,,,,,,,,,https://images.openfoodfacts.org/images/products/622/400/781/9289/front_en.3.400.jpg,,
dump,6224007892282,"Chicken Buffalo Chunks",,"Chicken Buffalo Chunks",,Atyab,xx:atyab,,,,,https://images.openfoodfacts.org/images/products/622/400/789/2282/front_en.3.400.jpg,,
dump,6224007892503,"Grilled chicken fillet",,"Grilled chicken fillet",,Atyab,atyab,,,,,,,
dump,6224007892527,"Breaded chicken fillet",,"Breaded chicken fillet",,Atyab,atyab,,,,,,,
dump,6224007892534,"Hot breaded chicken fillet",,"Hot breaded chicken fillet",,Atyab,atyab,,,,,,,
dump,6224007892565,"Hot grilled chicken fillet",,"Hot grilled chicken fillet",,Atyab,atyab,,,,,,,
dump,6224007892756,"Chicken Strips",,"Chicken Strips",,Chicketita,chicketita,,,,,,,
dump,6224007975633,Mozerella,,Mozerella,,Cheesa,cheesa,,,,,,,
dump,6224008070436,"شيفي ميكس خلطة ارز الكبسة",,"شيفي ميكس خلطة ارز الكبسة",,,,,,,,https://images.openfoodfacts.org/images/products/622/400/807/0436/front_en.4.400.jpg,,
dump,6224008073529,,,,,,,,,,,https://images.openfoodfacts.org/images/products/622/400/807/3529/front_en.3.400.jpg,,
dump,6224008098263,"كاري باب الشام",,"كاري باب الشام",,"bab elsham",bab-elsham,40gm,40,,,https://images.openfoodfacts.org/images/products/622/400/809/8263/front_en.3.400.jpg,,
dump,6224008098584,"Egyptian liver spices",,"Egyptian liver spices",,"bab elsham",xx:bab-elsham,35g,35,,en:plant-based-foods-and-beverages|en:plant-based-foods|en:condiments|en:herbs-and-spices|en:spices|en:spice-mix,https://images.openfoodfacts.org/images/products/622/400/809/8584/front_en.15.400.jpg,,Carrefour
dump,6224008202790,,,,,,,,,,,https://images.openfoodfacts.org/images/products/622/400/820/2790/front_ar.4.400.jpg,,
dump,6224008215769,"Pizza sauce",,"Pizza sauce",,"Super foods",super-foods,,,,,,,
dump,6224008215851,Mayonnaise,,Mayonnaise,,,,,,,en:condiments|en:sauces|en:mayonnaises,https://images.openfoodfacts.org/images/products/622/400/821/5851/front_fr.3.400.jpg,,
dump,6224008245049,"Muesli Chocolate Hazelnut and Raisins",,"Muesli Chocolate Hazelnut and Raisins",,Lino,xx:lino,,,,,,,
dump,6224008245063,"Lino Muesli",,"Lino Muesli",,,,,,,,,,
dump,6224008245070,"lino muesli fruit mix",,"lino muesli fruit mix",,,,,,,,https://images.openfoodfacts.org/images/products/622/400/824/5070/front_en.3.400.jpg,,
dump,6224008245124,"Granola bar fruits",,"Granola bar fruits",,Lino,lino,,,,,https://images.openfoodfacts.org/images/products/622/400/824/5124/front_en.3.400.jpg,,
dump,6224008245285,"Peanut butter",,"Peanut butter",,,,,,,,https://images.openfoodfacts.org/images/products/622/400/824/5285/front_fr.3.400.jpg,,
dump,6224008245483,"بسكوت شوفان لينو",,"بسكوت شوفان لينو",,,,,,,,https://images.openfoodfacts.org/images/products/622/400/824/5483/front_en.3.400.jpg,,
dump,6224008245490,"Oat biscuits",,"Oat biscuits",,Lino,lino,,,,,https://images.openfoodfacts.org/images/products/622/400/824/5490/front_en.4.400.jpg,,
dump,6224008245568,"Oat Pasta",,"Oat Pasta",,Lino,lino,,,,,,,
dump,6224008245599,"lino original flakes",,"lino original flakes",,,,,,,,https://images.openfoodfacts.org/images/products/622/400/824/5599/front_en.3.400.jpg,,
dump,6224008245605,"lino honey rings oats",,"lino honey rings oats",,,,,,,,https://images.openfoodfacts.org/images/products/622/400/824/5605/front_en.3.400.jpg,,
dump,6224008267027,"mixed fruit drink",,"mixed fruit drink",,"Sun Top",xx:sun-top,250ml,250,,,https://images.openfoodfacts.org/images/products/622/400/826/7027/front_en.13.400.jpg,,
dump,6224008267645,Mozzarella,,Mozzarella,,,,,,,,,,
dump,6224008286301,Chamy,,Chamy,,,,,,,,,,
dump,6224008286714,"طحينه اركان وزن صافي ٢٠٠ جرام",,"طحينه اركان وزن صافي ٢٠٠ جرام",,,,,,,,,,
dump,6224008313618,"Processed Cheese With Cheddar Flavor",,"Processed Cheese With Cheddar Flavor",,"Omara Land",xx:omara-land,,,,,,,
dump,6224008323075,Ginger,,Ginger,,Royal,xx:royal,"12 Bags",0,,,https://images.openfoodfacts.org/images/products/622/400/832/3075/front_en.4.400.jpg,,
dump,6224008323570,"Lighten herbal tea bags",,"Lighten herbal tea bags",,"Royal Herbs",xx:royal-herbs,40g,40,,en:beverages-and-beverages-preparations|en:beverage-preparations|en:herbal-teas|en:herbal-teas-in-tea-bags|en:tea-leaves|en:tea-bags,https://images.openfoodfacts.org/images/products/622/400/832/3570/front_en.3.400.jpg,,Carrefour
dump,6224008328759,"مهلبيه بنكة الحليب",,"مهلبيه بنكة الحليب",,,,,,,,https://images.openfoodfacts.org/images/products/622/400/832/8759/front_en.3.400.jpg,,
dump,6224008377573,,,,,,,,,,,https://images.openfoodfacts.org/images/products/622/400/837/7573/front_en.3.400.jpg,,
dump,6224008394129,Shofano,,Shofano,,"Archie Food",xx:archie-food,,,,,https://images.openfoodfacts.org/images/products/622/400/839/4129/front_en.3.400.jpg,,
dump,6224008394273,"Shofano Light",,"Shofano Light",,"Archie Food",archie-food,,,,,,,
dump,6224008467052,"Peanut Butter",,"Peanut Butter",,"Don Lopez",don-lopez,,,,,,,
dump,6224008467076,"crunchy peanut butter",,"crunchy peanut butter",,"don lopez",xx:don-lopez,"300 g",300,,,https://images.openfoodfacts.org/images/products/622/400/846/7076/front_en.3.400.jpg,,
dump,6224008467106,"Oat Flour",,"Oat Flour",,"Don Lopez",xx:don-lopez,,,,,,,
dump,6224008467373,"Basmati Golden Rice",,"Basmati Golden Rice",,"Don Lopez",xx:don-lopez,,,,,https://images.openfoodfacts.org/images/products/622/400/846/7373/front_en.3.400.jpg,,
dump,6224008467953,"Biscuits Butter Spread",,"Biscuits Butter Spread",,"Don Lopez",xx:don-lopez,,,,,,,
dump,6224008470014,"Full Cream Milk",,"Full Cream Milk",,Healthy,xx:healthy,,,,,https://images.openfoodfacts.org/images/products/622/400/847/0014/front_en.3.400.jpg,,
dump,6224008470434,"Iced Coffee With Milk",,"Iced Coffee With Milk",,Healthy,healthy,,,,,,,
dump,6224008528647,Gummys,,Gummys,,Dooda,dooda,,,,,,,
dump,6224008528869,,,,,,,,,,,https://images.openfoodfacts.org/images/products/622/400/852/8869/front_en.6.400.jpg,,
dump,6224008559054,"Mini Penne",,"Mini Penne",,Hawaa,hawaa,"400 g",400,,en:plant-based-foods-and-beverages|en:plant-based-foods|en:pastas|en:penne,https://images.openfoodfacts.org/images/products/622/400/855/9054/front_en.3.400.jpg,,
dump,6224008575061,"Blueberry Sauce With Fruit Puree",,"Blueberry Sauce With Fruit Puree",,Solo,xx:solo,,,,,https://images.openfoodfacts.org/images/products/622/400/857/5061/front_en.3.400.jpg,,
dump,6224008575290,"Caramel Topping Sauce",,"Caramel Topping Sauce",,Solo,solo,,,,,,,
dump,6224008575535,"Hot chocolate",,"Hot chocolate",,,,,,,,https://images.openfoodfacts.org/images/products/622/400/857/5535/front_fr.3.400.jpg,,
dump,6224008603580,,,,,,,,,,,,,
dump,6224008630593,كوكيز18قطعه,,كوكيز18قطعه,,,,,,,,https://images.openfoodfacts.org/images/products/622/400/863/0593/front_en.3.400.jpg,,
dump,6224008630654,,,,,,,,,,,https://images.openfoodfacts.org/images/products/622/400/863/0654/front_en.3.400.jpg,,
dump,6224008637028,"Mango Juice blend",,"Mango Juice blend",,,,,,,,https://images.openfoodfacts.org/images/products/622/400/863/7028/front_fr.3.400.jpg,,
dump,6224008637059,"لمار شوكولاتة ٢٠٠ ملل",,"لمار شوكولاتة ٢٠٠ ملل",,,,,,,,,,
dump,6224008637066,"لمار فراوله ٢٠٠ ملل",,"لمار فراوله ٢٠٠ ملل",,Lamar,xx:lamar,,,,,https://images.openfoodfacts.org/images/products/622/400/863/7066/front_en.4.400.jpg,,
dump,6224008637202,"Lamar Whipping Cream",,"Lamar Whipping Cream",,Lamar,lamar,,,,,,,
dump,6224008637240,"كريمه خفق",,"كريمه خفق",,,,,,,,https://images.openfoodfacts.org/images/products/622/400/863/7240/front_en.3.400.jpg,,
dump,6224008637264,"Chocolate Milk",,"Chocolate Milk",,Lamar,xx:lamar,,,,,,,
dump,6224008637301,"لمار كوكتيل",,"لمار كوكتيل",,,,,,,,https://images.openfoodfacts.org/images/products/622/400/863/7301/front_en.6.400.jpg,,
dump,6224008637318,"لمار جوافه",,"لمار جوافه",,,,,,,,https://images.openfoodfacts.org/images/products/622/400/863/7318/front_en.3.400.jpg,,
dump,6224008637332,"لمار مانجو",,"لمار مانجو",,,,,,,,https://images.openfoodfacts.org/images/products/622/400/863/7332/front_en.3.400.jpg,,
dump,6224008637356,"لمار أناناس",,"لمار أناناس",,,,,,,,https://images.openfoodfacts.org/images/products/622/400/863/7356/front_en.3.400.jpg,,
dump,6224008637394,"Lactose Free Milk",,"Lactose Free Milk",,Lamar,xx:lamar,,,,,,,
dump,6224008637455,"The Other Milk Oat Milk",,"The Other Milk Oat Milk",,Lamar,lamar,,,,,https://images.openfoodfacts.org/images/products/622/400/863/7455/front_en.4.400.jpg,,
dump,6224008637479,"لمار عصير جوافه100٪",,"لمار عصير جوافه100٪",,Lamar,xx:lamar,,,,,https://images.openfoodfacts.org/images/products/622/400/863/7479/front_en.4.400.jpg,,
dump,6224008637486,"Cookies and cream milk",,"Cookies and cream milk",,Lamar,xx:lamar,,,,,https://images.openfoodfacts.org/images/products/622/400/863/7486/front_en.4.400.jpg,,
dump,6224008637615,"0% Fat Milk",,"0% Fat Milk",,Lamar,lamar,,,,,,,
dump,6224008637974,"Coconut Milk",,"Coconut Milk",,Lamar,xx:lamar,,,,,,,
dump,6224008709008,,,,,,,,,,,https://images.openfoodfacts.org/images/products/622/400/870/9008/front_en.6.400.jpg,,
dump,6224008709930,"عبور لاند ٥٠٠ ملل",,"عبور لاند ٥٠٠ ملل",,,,,,,,,,
dump,6224008756118,"Whole Wheat Diet",,"Whole Wheat Diet",,"Dobella Flour",xx:dobella-flour,,,,,,,
dump,6224008756194,"Golden rice",,"Golden rice",,,,,,,,https://images.openfoodfacts.org/images/products/622/400/875/6194/front_fr.3.400.jpg,,
dump,6224008756309,"Peanut Butter Dobella",,"Peanut Butter Dobella",,Dobella,xx:dobella,"340 gm",340,,,https://images.openfoodfacts.org/images/products/622/400/875/6309/front_en.6.400.jpg,,
dump,6224008756330,"Peanut Butter",,"Peanut Butter",,Dobella,xx:dobella,,,,,https://images.openfoodfacts.org/images/products/622/400/875/6330/front_en.3.400.jpg,,
dump,6224008810339,,,,,,,,,,,https://images.openfoodfacts.org/images/products/622/400/881/0339/front_en.3.400.jpg,,
dump,6224008810575,"اناناس بوريه",,"اناناس بوريه",,,,,,,,https://images.openfoodfacts.org/images/products/622/400/881/0575/front_en.3.400.jpg,,
dump,6224008810674,"Caramel Syrup",,"Caramel Syrup",,Osterberg,osterberg,"1 liter",1000,,,https://images.openfoodfacts.org/images/products/622/400/881/0674/front_en.3.400.jpg,,
dump,6224008810681,"Hazelnut Syrup",,"Hazelnut Syrup",,Osterberg,osterberg,"1 liter",1000,,,https://images.openfoodfacts.org/images/products/622/400/881/0681/front_en.3.400.jpg,,
dump,6224008810698,"Vanilla Syrup",,"Vanilla Syrup",,Osterberg,osterberg,"1 liter",1000,,,https://images.openfoodfacts.org/images/products/622/400/881/0698/front_en.3.400.jpg,,
dump,6224008845225,"Creste Di Gallo Pasta",,"Creste Di Gallo Pasta",,"Naturelle Food",naturelle-food,,,,,,,
dump,6224008845744,"Mac & Cheese: Sour Cream and Onipn",,"Mac & Cheese: Sour Cream and Onipn",,"Golden Breeze",xx:golden-breeze,,,,,https://images.openfoodfacts.org/images/products/622/400/884/5744/front_en.3.400.jpg,,
dump,6224008853275,"مي ميت بيف برجر ٨ قطع",,"مي ميت بيف برجر ٨ قطع",,,,,,,,https://images.openfoodfacts.org/images/products/622/400/885/3275/front_en.4.400.jpg,,
dump,6224008853282,"فريش فارم مفروم بقري  ٣٥٠ جرام",,"فريش فارم مفروم بقري  ٣٥٠ جرام",,,,,,,,https://images.openfoodfacts.org/images/products/622/400/885/3282/front_en.4.400.jpg,,
dump,6224008853299,"فريش فارم سجق شرقي ٣٥٠ جرام",,"فريش فارم سجق شرقي ٣٥٠ جرام",,,,,,,,https://images.openfoodfacts.org/images/products/622/400/885/3299/front_en.4.400.jpg,,
dump,6224008853312,"فريش فارم برجر بقري ٤٠٠ جرام",,"فريش فارم برجر بقري ٤٠٠ جرام",,,,,,,,https://images.openfoodfacts.org/images/products/622/400/885/3312/front_en.4.400.jpg,,
dump,6224008853411,"صدور دجاج مدخنه فريش فارم",,"صدور دجاج مدخنه فريش فارم",,,,,,,,https://images.openfoodfacts.org/images/products/622/400/885/3411/front_en.3.400.jpg,,
dump,6224008853442,"Smoked Turkey Breast",,"Smoked Turkey Breast",,"Fresh Farm",xx:fresh-farm,,,,,,,
dump,6224008853923,"فريش فارم برجر جامبو ١.٥ كيلو",,"فريش فارم برجر جامبو ١.٥ كيلو",,,,,,,,https://images.openfoodfacts.org/images/products/622/400/885/3923/front_en.4.400.jpg,,
dump,6224008853930,"فريش فارم سجق شرقي ٨٥٠ جرام",,"فريش فارم سجق شرقي ٨٥٠ جرام",,,,,,,,https://images.openfoodfacts.org/images/products/622/400/885/3930/front_en.4.400.jpg,,
dump,6224008853954,"فريش فارم كفتة سيخ",,"فريش فارم كفتة سيخ",,,,,,,,https://images.openfoodfacts.org/images/products/622/400/885/3954/front_en.4.400.jpg,,
dump,6224008853961,"هوت دوج بقري ١ كيلو",,"هوت دوج بقري ١ كيلو",,,,,,,,https://images.openfoodfacts.org/images/products/622/400/885/3961/front_en.4.400.jpg,,
dump,6224008853978,"فريش فارم مفروم بقري",,"فريش فارم مفروم بقري",,,,,,,,https://images.openfoodfacts.org/images/products/622/400/885/3978/front_en.4.400.jpg,,
dump,6224008857099,"Snykers Ice Cream",,"Snykers Ice Cream",,Friday,friday,,,,,,,
dump,6224008857235,"Volcano Ice-cream",,"Volcano Ice-cream",,Friday,xx:friday,,,,,https://images.openfoodfacts.org/images/products/622/400/885/7235/front_en.3.400.jpg,,
dump,6224008857259,"Volcano Vanilla",,"Volcano Vanilla",,Friday,xx:friday,,,,,,,
dump,6224008857273,"Banana Ice Cream",,"Banana Ice Cream",,Friday,xx:friday,,,,,,,
dump,6224008857297,"Dark 🍫 Volcano",,"Dark 🍫 Volcano",,Friday,xx:friday,,,,,,,
dump,6224008857440,"Watermelon ice cream",,"Watermelon ice cream",,,,,,,,,,
dump,6224008857556,,,,,,,,,,,https://images.openfoodfacts.org/images/products/622/400/885/7556/front_en.6.400.jpg,,
dump,6224008857631,"Snykers Chocolate Cookies",,"Snykers Chocolate Cookies",,Friday,xx:friday,,,,,,,
dump,6224008857655,"yogurt with mixed berries",,"yogurt with mixed berries",,Friday,xx:friday,,,,,,,
dump,6224008857877,"Kunafa & Pistachio Vanilla",,"Kunafa & Pistachio Vanilla",,Friday,xx:friday,,,,,https://images.openfoodfacts.org/images/products/622/400/885/7877/front_fi.3.400.jpg,,
dump,6224008857914,"Volcano Extra Pistachio",,"Volcano Extra Pistachio",,Friday,xx:friday,,,,,,,
dump,6224008861096,"Dates with chocolate (white/brown)",,"Dates with chocolate (white/brown)",,"Al Tahhan",al-tahhan,,,,,,,
dump,6224008861522,"Egyptian Dates",,"Egyptian Dates",,Tamaraty,xx:tamaraty,,,,,,,
dump,6224008861652,"تمور الطحان",,"تمور الطحان",,,,,,,,,,
dump,6224008904014,kombila,,kombila,,,,,,,,,,
dump,6224008913061,"Lychee Peanut Butter Jar",,"Lychee Peanut Butter Jar",,Lychee,xx:lychee,,,,,,,
dump,6224008913139,"Peanut butter stevia",,"Peanut butter stevia",,Lychee,xx:lychee,,,,,,,
dump,6224008913146,"الله اعلم peanut butter",,"الله اعلم peanut butter",,"الله اعلم",الله-اعلم,,,,,https://images.openfoodfacts.org/images/products/622/400/891/3146/front_en.3.400.jpg,,
dump,6224008913399,"Crispy Caramel Protein Bar",,"Crispy Caramel Protein Bar",,Lychee,lychee,,,,,,,
dump,6224008913504,"Vanilla yogurt",,"Vanilla yogurt",,Lychee,lychee,,,,,,,
dump,6224008913566,"Greek yogurt with blueberries",,"Greek yogurt with blueberries",,Lychee,lychee,,,,,,,
dump,6224008913573,"Strawberry Greek Yogurt",,"Strawberry Greek Yogurt",,LYCHEE,lychee,,,,,https://images.openfoodfacts.org/images/products/622/400/891/3573/front_en.3.400.jpg,,
dump,6224008913924,"Double Chocolate Protein Bar",,"Double Chocolate Protein Bar",,LYCHEE,lychee,,,,,https://images.openfoodfacts.org/images/products/622/400/891/3924/front_en.3.400.jpg,,
dump,6224008913955,"lychee granola dried fruit",,"lychee granola dried fruit",,,,,,,,https://images.openfoodfacts.org/images/products/622/400/891/3955/front_en.3.400.jpg,,
dump,6224008913962,"lychee granola honey",,"lychee granola honey",,lychee,xx:lychee,,,,,https://images.openfoodfacts.org/images/products/622/400/891/3962/front_en.3.400.jpg,,
dump,6224008913993,Lychee,,Lychee,,"Lychee greek yogurt",lychee-greek-yogurt,,,,,https://images.openfoodfacts.org/images/products/622/400/891/3993/front_en.3.400.jpg,,
dump,6224008942351,"جبنه رومي كافيار شرائح",,"جبنه رومي كافيار شرائح",,,,,,,,,,
dump,6224008959687,"Chicken Strips",,"Chicken Strips",,Meloky,xx:meloky,,,,,,,
dump,6224008967330,"فيجن بامية اكسترا",,"فيجن بامية اكسترا",,,,,,,,https://images.openfoodfacts.org/images/products/622/400/896/7330/front_en.5.400.jpg,,
dump,6224008967354,"فيجن بامية زيرو",,"فيجن بامية زيرو",,,,,,,,https://images.openfoodfacts.org/images/products/622/400/896/7354/front_en.4.400.jpg,,
dump,6224008967545,"فيجن خضار مشكل مجمد",,"فيجن خضار مشكل مجمد",,,,,,,,https://images.openfoodfacts.org/images/products/622/400/896/7545/front_en.4.400.jpg,,
dump,6224009001422,"Tea Plain",,"Tea Plain",,El-king,xx:el-king,,,,,,,
dump,6224009042227,Biscuit,,Biscuit,,Ronesca,ronesca,,,,,,,
dump,6224009073856,,,,,,,,,,,https://images.openfoodfacts.org/images/products/622/400/907/3856/front_en.3.400.jpg,,
dump,6224009082650,Beutna,,Beutna,,Beutna,beutna,,,,,,,
dump,6224009086313,"TVN Whey Isolate Protein Bar Chocolate",,"TVN Whey Isolate Protein Bar Chocolate",,TVN,tvn,,,,,,,
dump,6224009096886,"Chia Seeds",,"Chia Seeds",,"Organic Nation",xx:organic-nation,,,,,https://images.openfoodfacts.org/images/products/622/400/909/6886/front_en.3.400.jpg,,
dump,6224009096985,"Max protein meal dark chocolate cinnamon",,"Max protein meal dark chocolate cinnamon",,Falcon,falcon,,,,,,,
dump,6224009098033,Mom's,,Mom's,,,,,,,,,,
dump,6224009098040,Mom's,,Mom's,,,,,,,,,,
dump,6224009126781,Chips,,Chips,,Ranim,ranim,,,,,,,
dump,6224009169047,,,,,,,,,,,https://images.openfoodfacts.org/images/products/622/400/916/9047/front_ar.3.400.jpg,,
dump,6224009174799,"Citrulline Mallate 3000",,"Citrulline Mallate 3000",,Fox,fox,,,,,,,
dump,6224009207435,"Magic treat",,"Magic treat",,,,,,,,https://images.openfoodfacts.org/images/products/622/400/920/7435/front_en.3.400.jpg,,
dump,6224009207473,,,,,,,,,,,https://images.openfoodfacts.org/images/products/622/400/920/7473/front_en.3.400.jpg,,
dump,6224009210541,"Soft cheese vegetable fat cheddar cheese flavor",,"Soft cheese vegetable fat cheddar cheese flavor",,,,,,,,https://images.openfoodfacts.org/images/products/622/400/921/0541/front_fr.3.400.jpg,,
dump,6224009210657,"White Cheese",,"White Cheese",,Odess,xx:odess,,,,,,,
dump,6224009210664,"White Soft Cheese",,"White Soft Cheese",,Rhodes,xx:rhodes,,,,,,,
dump,6224009265176,"Tomato & Herbs Air Popped popcorn",,"Tomato & Herbs Air Popped popcorn",,Tots,xx:tots,,,,,,,
dump,6224009265701,"Tots Jalapeño And Lemon Flavour Popcorn",,"Tots Jalapeño And Lemon Flavour Popcorn",,GoBites,xx:gobites,,,,,,,
dump,6224009265824,"Sea Salt Flavored Popcorn",,"Sea Salt Flavored Popcorn",,Tots,xx:tots,,,,,,,
dump,6224009280643,,,,,,,,,,,https://images.openfoodfacts.org/images/products/622/400/928/0643/front_en.3.400.jpg,,
dump,6224009280759,"Oat Flakes",,"Oat Flakes",,Dobella,xx:dobella,,,,,,,
dump,6224009280872,"Coconut milk drink",,"Coconut milk drink",,,,,,,en:plant-based-foods-and-beverages|en:beverages|en:dairy-substitutes|en:milk-substitutes|en:plant-based-beverages|en:plant-based-milk-alternatives,https://images.openfoodfacts.org/images/products/622/400/928/0872/front_fr.3.400.jpg,,
dump,6224009328017,"Whey Protein",,"Whey Protein",,NoVogen,xx:novogen,,,,,,,
dump,6224009328048,"Vanilla Protein Whey Isolate",,"Vanilla Protein Whey Isolate",,Novogen,novogen,,,,,,,
dump,6224009328147,"Mass Gainer Build Muscle",,"Mass Gainer Build Muscle",,"Novogen Pharma",novogen-pharma,,,,,https://images.openfoodfacts.org/images/products/622/400/932/8147/front_en.3.400.jpg,,
dump,6224009328154,"Novogen 100% Whey Protein",,"Novogen 100% Whey Protein",,Novogen,xx:novogen,,,,,https://images.openfoodfacts.org/images/products/622/400/932/8154/front_en.3.400.jpg,,
dump,6224009337231,"Raw chips",,"Raw chips",,,,,,,,https://images.openfoodfacts.org/images/products/622/400/933/7231/front_en.3.400.jpg,,
dump,6224009337255,"raw kettle cooked",,"raw kettle cooked",,"kettle cooked potatoes",kettle-cooked-potatoes,,,,,https://images.openfoodfacts.org/images/products/622/400/933/7255/front_en.4.400.jpg,,
dump,6224009337446,"TBS salty chips",,"TBS salty chips",,TBS,xx:tbs,,,,,,,
dump,6224009361052,Nori,,Nori,,,,125g,125,,en:plant-based-foods-and-beverages|en:plant-based-foods|en:seafood|en:seaweeds-and-their-products|en:nori-seaweeds,https://images.openfoodfacts.org/images/products/622/400/936/1052/front_en.3.400.jpg,,
dump,6224009363018,"Whey Protein",,"Whey Protein",,Challenger,xx:challenger,,,,,,,
dump,6224009363469,"WHEY ADD",,"WHEY ADD",,MuscleADD,xx:muscleadd,"2040 g",2040,,,https://images.openfoodfacts.org/images/products/622/400/936/3469/front_en.4.400.jpg,,
dump,6224009363483,"Whey add",,"Whey add",,,,,,,,,,
dump,6224009363759,"Whey Strawberry Protein Powder",,"Whey Strawberry Protein Powder",,"Challenger Nutrition",challenger-nutrition,,,,,,,
dump,6224009363780,"WheyAdd Vanilla Icecream",,"WheyAdd Vanilla Icecream",,MuscleAdd,xx:muscleadd,,,,,,,
dump,6224009363841,"WheyAdd — Chocolate ice Cream",,"WheyAdd — Chocolate ice Cream",,MuscleAdd,xx:muscleadd,,,,,,,
dump,6224009363858,"WheyAdd — Strawberry Milkshake",,"WheyAdd — Strawberry Milkshake",,MuscleAdd,xx:muscleadd,,,,,,,
dump,6224009372225,"Vanilla biscuits",,"Vanilla biscuits",,,,,,,,https://images.openfoodfacts.org/images/products/622/400/937/2225/front_fr.3.400.jpg,,
dump,6224009377459,"Green olives",,"Green olives",,"Nile Garden",xx:nile-garden,"680 g",680,,,https://images.openfoodfacts.org/images/products/622/400/937/7459/front_en.3.400.jpg,,
dump,6224009377831,"Virgin Olive Oil",,"Virgin Olive Oil",,"Nile Garden",xx:nile-garden,,,,,,,
dump,6224009391745,hhggg,,hhggg,,,,"100 g",100,,,https://images.openfoodfacts.org/images/products/622/400/939/1745/front_en.3.400.jpg,,
dump,6224009396207,"ويفي تفاح",,"ويفي تفاح",,,,,,,,https://images.openfoodfacts.org/images/products/622/400/939/6207/front_en.3.400.jpg,,
dump,6224009396283,"عصير ويفي مانجو",,"عصير ويفي مانجو",,,,,,,,https://images.openfoodfacts.org/images/products/622/400/939/6283/front_en.3.400.jpg,,
dump,6224009414840,"Natural Romy Cheese",,"Natural Romy Cheese",,"El Zahar",xx:el-zahar,"500 g",500,,en:dairies|en:fermented-foods|en:fermented-milk-products|en:cheeses|en:cow-cheeses,https://images.openfoodfacts.org/images/products/622/400/941/4840/front_en.3.400.jpg,,
dump,6224009431052,"Cheesy discs with black seeds",,"Cheesy discs with black seeds",,"Healthy snack",healthy-snack,,,,,,,
dump,6224009431281,"Cheesy discs",,"Cheesy discs",,"Sun cone",sun-cone,,,,,https://images.openfoodfacts.org/images/products/622/400/943/1281/front_en.4.400.jpg,,
dump,6224009463015,Ketchup,,Ketchup,,,,,,,,https://images.openfoodfacts.org/images/products/622/400/946/3015/front_en.3.400.jpg,,
dump,6224009463046,"New York Burger Sauce",,"New York Burger Sauce",,"Good Francs",good-francs,,,,,,,
dump,6224009543434,"Loutas Spride",,"Loutas Spride",,Rotus,rotus,"1 Kg",1000,,,https://images.openfoodfacts.org/images/products/622/400/954/3434/front_en.3.400.jpg,,
dump,6224009543953,"توبينج بستاشيو",,"توبينج بستاشيو",,,,,,,,https://images.openfoodfacts.org/images/products/622/400/954/3953/front_en.3.400.jpg,,
dump,6224009584017,Trego,,Trego,,,,,,,,,,
dump,6224009584482,Trego,,Trego,,,,,,,,,,
dump,6224009598014,poplay,,poplay,,,,,,,,https://images.openfoodfacts.org/images/products/622/400/959/8014/front_en.3.400.jpg,,
dump,6224009633104,"موليز بيتزا مشكل خضار",,"موليز بيتزا مشكل خضار",,,,"480 g",480,,,https://images.openfoodfacts.org/images/products/622/400/963/3104/front_en.5.400.jpg,,
dump,6224009633180,"موليز فطيرة الجبنة بالزيتون",,"موليز فطيرة الجبنة بالزيتون",,,,,,,,https://images.openfoodfacts.org/images/products/622/400/963/3180/front_en.3.400.jpg,,
dump,6224009633357,"موليز بيتزا مارجريتا",,"موليز بيتزا مارجريتا",,,,,,,,https://images.openfoodfacts.org/images/products/622/400/963/3357/front_en.4.400.jpg,,
dump,6224009689019,"Proteen - whey protein bar",,"Proteen - whey protein bar",,,,,,,,https://images.openfoodfacts.org/images/products/622/400/968/9019/front_fr.3.400.jpg,,
dump,6224009765546,"PopCorn Caramel",,"PopCorn Caramel",,FUNDAY,xx:funday,,,,,,,
dump,6224009794362,"حلوني العبد",,"حلوني العبد",,,,,,,,,,
dump,6224009794744,"كوكيز العبد",,"كوكيز العبد",,Cookies,xx:cookies,,,,,https://images.openfoodfacts.org/images/products/622/400/979/4744/front_en.3.400.jpg,,
dump,6224009794805,"كوكيز العبد",,"كوكيز العبد",,,,,,,,https://images.openfoodfacts.org/images/products/622/400/979/4805/front_en.3.400.jpg,,
dump,6224009812493,"Chicken shawarma frozen",,"Chicken shawarma frozen",,"El tor",el-tor,,,,,,,
dump,6224009856794,"Delight Dark 85%",,"Delight Dark 85%",,Despacito,despacito,,,,,,,
dump,6224009856824,,,,,,,,,,,https://images.openfoodfacts.org/images/products/622/400/985/6824/front_en.3.400.jpg,,
dump,6224009856862,"Dark Chocolate 70%",,"Dark Chocolate 70%",,Despacito,despacito,,,,,,,
dump,6224009856886,,,,,,,,,,,https://images.openfoodfacts.org/images/products/622/400/985/6886/front_en.3.400.jpg,,
dump,6224009856916,"Dark Chocolate With Strawberry",,"Dark Chocolate With Strawberry",,Despacito,xx:despacito,,,,,,,
dump,6224009922048,"Vanilla ice cream",,"Vanilla ice cream",,Wonderville,wonderville,,,,,,,
dump,6224009922109,"Wonderville vanilla icecream cone",,"Wonderville vanilla icecream cone",,Wonderville,wonderville,,,,,,,
dump,6224009922161,"Caramelised biscuits ice cream",,"Caramelised biscuits ice cream",,"Wonder I’ll",wonder-i-ll,,,,,,,
dump,6224009922291,"Cookies and cream ice cream",,"Cookies and cream ice cream",,"Cold stone",cold-stone,,,,,,,
dump,6224009922307,"Caramelised biscuit",,"Caramelised biscuit",,Coldstone,coldstone,,,,,https://images.openfoodfacts.org/images/products/622/400/992/2307/front_en.3.400.jpg,,
dump,6224009922338,"Cookies & Cream Ice Cream Cone",,"Cookies & Cream Ice Cream Cone",,"Cold Stone",xx:cold-stone,,,,,,,
dump,6224009922369,"Cookies and cream",,"Cookies and cream",,,,,,,,https://images.openfoodfacts.org/images/products/622/400/992/2369/front_fr.3.400.jpg,,
dump,6224009922529,"The secret tales magic of the flavor",,"The secret tales magic of the flavor",,,,,,,,https://images.openfoodfacts.org/images/products/622/400/992/2529/front_fr.3.400.jpg,,
dump,6224009922727,"Mango ice cream",,"Mango ice cream",,,,,,,,https://images.openfoodfacts.org/images/products/622/400/992/2727/front_fr.3.400.jpg,,
dump,6224009969593,بخور,,بخور,,,,,,,,,,
dump,6224009975082,"زعتر محوج باب الشام",,"زعتر محوج باب الشام",,"bab elsham",bab-elsham,40gm,40,,,https://images.openfoodfacts.org/images/products/622/400/997/5082/front_en.3.400.jpg,,
dump,6224009975136,"خلطة دجاج مقرمشه حاره باب الشام",,"خلطة دجاج مقرمشه حاره باب الشام",,"bab elsham",bab-elsham,100gm,100,,,https://images.openfoodfacts.org/images/products/622/400/997/5136/front_en.3.400.jpg,,
dump,6224009975624,"Dry Sweet And Sour Dressing",,"Dry Sweet And Sour Dressing",,"Bab Elsham",xx:bab-elsham,,,,,,,
dump,6224009975648,"Thousand Island Dry Dressing",,"Thousand Island Dry Dressing",,"Bab El Sham",xx:bab-el-sham,,,,,,,
dump,6224009981014,"Mojito lemon and mint soda",,"Mojito lemon and mint soda",,,,,,,,https://images.openfoodfacts.org/images/products/622/400/998/1014/front_fr.3.400.jpg,,
dump,6224009985098,,,,,,,,,,,https://images.openfoodfacts.org/images/products/622/400/998/5098/front_en.3.400.jpg,,
dump,6224010035010,"Tik tik koshary",,"Tik tik koshary",,Tiktik,tiktik,,,,,https://images.openfoodfacts.org/images/products/622/401/003/5010/front_en.4.400.jpg,,
dump,6224010035089,"Instant Pasta Mac&Cheese",,"Instant Pasta Mac&Cheese",,,,,,,,https://images.openfoodfacts.org/images/products/622/401/003/5089/front_fr.3.400.jpg,,
dump,6224010035096,"مكرونه تيك تاك",,"مكرونه تيك تاك",,,,,,,,https://images.openfoodfacts.org/images/products/622/401/003/5096/front_en.3.400.jpg,,
dump,6224010035287,"Instant pesto pasta",,"Instant pesto pasta",,"Tik tik",tik-tik,,,,,,,
dump,6224010035454,"Mac n’ cheese",,"Mac n’ cheese",,"Tik tik",tik-tik,,,,,,,
dump,6224010051157,"Bar Whey Apple Cider Protein Bar",,"Bar Whey Apple Cider Protein Bar",,"En Life",en-life,,,,,,,
dump,6224010076204,"Lemon Popsicle",,"Lemon Popsicle",,KIK,xx:kik,,,,,https://images.openfoodfacts.org/images/products/622/401/007/6204/front_en.3.400.jpg,,
dump,6224010081062,"Nestle Pure Life",,"Nestle Pure Life",,,,,,,,https://images.openfoodfacts.org/images/products/622/401/008/1062/front_fr.3.400.jpg,,
dump,6224010082137,"Fresh Orange Juice",,"Fresh Orange Juice",,"Daily J",daily-j,,,,,,,
dump,6224010090033,"تورتيلا خبز القمح مجمد",,"تورتيلا خبز القمح مجمد",,,,,,,,https://images.openfoodfacts.org/images/products/622/401/009/0033/front_en.4.400.jpg,,
dump,6224010103115,"Lean Protein Bar",,"Lean Protein Bar",,ZERO,zero,,,,,https://images.openfoodfacts.org/images/products/622/401/010/3115/front_en.3.400.jpg,,
dump,6224010103368,"Lean protein bar",,"Lean protein bar",,Zero,xx:zero,,,,en:dietary-supplements|en:bodybuilding-supplements|en:protein-bars,https://images.openfoodfacts.org/images/products/622/401/010/3368/front_en.3.400.jpg,,
dump,6224010103504,"Diet Whey Isolate",,"Diet Whey Isolate",,Zero,xx:zero,,,,,,,
dump,6224010103818,"Lean Protein Bar Caramel Cashew",,"Lean Protein Bar Caramel Cashew",,"Evolve Pharma",evolve-pharma,,,,,,,
dump,6224010103832,"Zero Protein Bar",,"Zero Protein Bar",,Zero,xx:zero,,,,,https://images.openfoodfacts.org/images/products/622/401/010/3832/front_en.3.400.jpg,,
dump,6224010103849,"Unknown Product",,"Unknown Product",,,,,,,,https://images.openfoodfacts.org/images/products/622/401/010/3849/front_en.6.400.jpg,,
dump,6224010103887,"Lean Protein Bar",,"Lean Protein Bar",,Zero,zero,,,,,https://images.openfoodfacts.org/images/products/622/401/010/3887/front_en.3.400.jpg,,
dump,6224010103894,"Zero Double Chocolate Protein",,"Zero Double Chocolate Protein",,Zero,xx:zero,,,,,,,
dump,6224010103900,"Lean protein bar vanilla biscuits flavor",,"Lean protein bar vanilla biscuits flavor",,Zero,zero,,,,,https://images.openfoodfacts.org/images/products/622/401/010/3900/front_en.3.400.jpg,,
dump,6224010103924,"Lean Protein Bar",,"Lean Protein Bar",,Zero,xx:zero,,,,,,,
dump,6224010124011,"Belgian Chocolate With Almond",,"Belgian Chocolate With Almond",,Scrunch,scrunch,,,,,,,
dump,6224010124028,"Scrunch dark",,"Scrunch dark",,,,,,,en:healthy-snack-with-chocolate-and-almonds,https://images.openfoodfacts.org/images/products/622/401/012/4028/front_en.4.400.jpg,,
dump,6224010124066,"Scrunch peppermint",,"Scrunch peppermint",,,,,,,,https://images.openfoodfacts.org/images/products/622/401/012/4066/front_en.4.400.jpg,,
dump,6224010124103,Scrunch,,Scrunch,,,,,,,,https://images.openfoodfacts.org/images/products/622/401/012/4103/front_en.4.400.jpg,,
dump,6224010124110,"Scrunch nut bar",,"Scrunch nut bar",,,,,,,,https://images.openfoodfacts.org/images/products/622/401/012/4110/front_en.3.400.jpg,,
dump,6224010124127,SCRUNCH,,SCRUNCH,,Scrunch,xx:scrunch,,,,,https://images.openfoodfacts.org/images/products/622/401/012/4127/front_en.8.400.jpg,,
dump,6224010124141,"Scrunch coconut bar",,"Scrunch coconut bar",,,,,,,,https://images.openfoodfacts.org/images/products/622/401/012/4141/front_en.3.400.jpg,,
dump,6224010124158,"Almond, cashew and cranberry",,"Almond, cashew and cranberry",,,,,,,,https://images.openfoodfacts.org/images/products/622/401/012/4158/front_fr.3.400.jpg,,
dump,6224010124172,"Scrunch cranberry",,"Scrunch cranberry",,,,,,,,https://images.openfoodfacts.org/images/products/622/401/012/4172/front_en.3.400.jpg,,
dump,6224010124271,"Belgian Chocolate With Honeycomb",,"Belgian Chocolate With Honeycomb",,Scrunch,scrunch,,,,,https://images.openfoodfacts.org/images/products/622/401/012/4271/front_en.3.400.jpg,,
dump,6224010124288,"Scrunch dark chocolate",,"Scrunch dark chocolate",,"Belgian Chocolate",xx:belgian-chocolate,,,,,https://images.openfoodfacts.org/images/products/622/401/012/4288/front_en.4.400.jpg,,
dump,6224010124431,Scrunchi,,Scrunchi,,,,,,,,,,
dump,6224010154636,"Mackerel Fillets",,"Mackerel Fillets",,Fisherman,xx:fisherman,"100 g",100,,,https://images.openfoodfacts.org/images/products/622/401/015/4636/front_en.3.400.jpg,,
dump,6224010181182,"Fruit HooPs",,"Fruit HooPs",,,,"250 جرام",,,,,,
dump,6224010194410,"Salmon Steak",,"Salmon Steak",,Caviale,caviale,,,,,,,
dump,6224010205406,"Chocolate Bar",,"Chocolate Bar",,"Swiss Fru Milk Almond And Cranberry",swiss-fru-milk-almond-and-cranberry,,,,,,,
dump,6224010205888,"Milk Cookies Chocolate",,"Milk Cookies Chocolate",,"Swiss Fru",swiss-fru,,,,,,,
dump,6224010265394,"Byld Protein Bar Cookies n' Cream",,"Byld Protein Bar Cookies n' Cream",,Breadfast,breadfast,,,,,,,
dump,6224010265400,"Apple Strudel BYLD Protein Bar",,"Apple Strudel BYLD Protein Bar",,Breadfast,breadfast,,,,,,,
dump,6224010265448,"Tortilla Chips",,"Tortilla Chips",,Breadfast,xx:breadfast,,,,,https://images.openfoodfacts.org/images/products/622/401/026/5448/front_en.3.400.jpg,,
dump,6224010265578,"BYLD Protein Chunks",,"BYLD Protein Chunks",,Breadfast,breadfast,,,,,,,
dump,6224010267800,"فن داي حلوي نعناع 20x4",,"فن داي حلوي نعناع 20x4",,,,,,,,https://images.openfoodfacts.org/images/products/622/401/026/7800/front_en.3.400.jpg,,
dump,6224010272804,,,,,,,,,,en:plant-based-foods-and-beverages|en:plant-based-foods|en:coffees,https://images.openfoodfacts.org/images/products/622/401/027/2804/front_en.3.400.jpg,,
dump,6224010287143,"الجيزاوي دقيق",,"الجيزاوي دقيق",,,,,,,,https://images.openfoodfacts.org/images/products/622/401/028/7143/front_en.3.400.jpg,,
dump,6224010293403,"لينو حلقات شوفان سيراتشا",,"لينو حلقات شوفان سيراتشا",,,,,,,,https://images.openfoodfacts.org/images/products/622/401/029/3403/front_en.5.400.jpg,,
dump,6224010333017,"Caramel crunches",,"Caramel crunches",,"Dara’s Ice Cream",xx:dara-s-ice-cream,,,,en:snacks|en:desserts|en:sweet-snacks|en:confectioneries|en:frozen-foods|en:frozen-desserts,,,
dump,6224010333024,"Honeycomb Icecream",,"Honeycomb Icecream",,"Dara’s Icecream",xx:dara-s-icecream,,,,,,,
dump,6224010333062,"Mango Icecream",,"Mango Icecream",,Dara's,xx:dara-s,,,,,,,
dump,6224010420212,Miinchi,,Miinchi,,Krinko,krinko,,,,,,,
dump,6224010424692,"Mix Kofta & Tarb",,"Mix Kofta & Tarb",,"Just Frozen",xx:just-frozen,,,,,https://images.openfoodfacts.org/images/products/622/401/042/4692/front_en.3.400.jpg,,
dump,6224010433205,Mustard,,Mustard,,"Good France",xx:good-france,,,,,,,
dump,6224010433229,"Texas Burger Sauce",,"Texas Burger Sauce",,Ilou,ilou,,,,,,,
dump,6224010433342,"Cheezy Sauce",,"Cheezy Sauce",,"Good France",good-france,,,,,,,
dump,6224010433366,"جود فرانس سويت شيلي",,"جود فرانس سويت شيلي",,,,,,,,https://images.openfoodfacts.org/images/products/622/401/043/3366/front_en.3.400.jpg,,
dump,6224010433533,"باتر ميلك رانش",,"باتر ميلك رانش",,,,,,,,,,
dump,6224010439177,"Healthy spread - Healthy Spread",,"Healthy spread - Healthy Spread",,,,,,,,,,
dump,6224010439252,"AFRICAN PREMIUM CHOCOLATE HAZELNUT SPREAD",,"AFRICAN PREMIUM CHOCOLATE HAZELNUT SPREAD",,"Healthy Spread",xx:healthy-spread,,,,,https://images.openfoodfacts.org/images/products/622/401/043/9252/front_en.4.400.jpg,,
dump,6224010439283,"Vegan Chocolate Spread",,"Vegan Chocolate Spread",,"Healthy Spread",xx:healthy-spread,,,,,https://images.openfoodfacts.org/images/products/622/401/043/9283/front_en.3.400.jpg,,
dump,6224010439290,"Chocolate Spread With Hazelnut",,"Chocolate Spread With Hazelnut",,Healthy,xx:healthy,,,,,,,
dump,6224010439306,"Chocolate Spread",,"Chocolate Spread",,"Healthy Spread",xx:healthy-spread,,,,,https://images.openfoodfacts.org/images/products/622/401/043/9306/front_en.3.400.jpg,,
dump,6224010447066,"Halo protein puffs",,"Halo protein puffs",,,,,,,,https://images.openfoodfacts.org/images/products/622/401/044/7066/front_fr.3.400.jpg,,
dump,6224010447585,"Greek Cheese Protein Puffs",,"Greek Cheese Protein Puffs",,Halo,halo,,,,,https://images.openfoodfacts.org/images/products/622/401/044/7585/front_en.3.400.jpg,,
dump,6224010447592,"PESTO protein puffs",,"PESTO protein puffs",,HALO,xx:halo,,,,,https://images.openfoodfacts.org/images/products/622/401/044/7592/front_en.3.400.jpg,,
dump,6224010447608,"Harrisa And Lime Protein Puffs",,"Harrisa And Lime Protein Puffs",,Halo,halo,,,,,https://images.openfoodfacts.org/images/products/622/401/044/7608/front_en.3.400.jpg,,
dump,6224010466067,"برو بروتين وايت رسبري",,"برو بروتين وايت رسبري",,,,,,,,https://images.openfoodfacts.org/images/products/622/401/046/6067/front_en.3.400.jpg,,
dump,6224010466074,"برو بروتين كراميل فول سوداني",,"برو بروتين كراميل فول سوداني",,,,,,,,https://images.openfoodfacts.org/images/products/622/401/046/6074/front_en.3.400.jpg,,
dump,6224010466272,"Chocolate cookies",,"Chocolate cookies",,,,,,,,https://images.openfoodfacts.org/images/products/622/401/046/6272/front_fr.3.400.jpg,,
dump,6224010466302,"برو بروتين وايت كوكيز",,"برو بروتين وايت كوكيز",,,,,,,,https://images.openfoodfacts.org/images/products/622/401/046/6302/front_en.3.400.jpg,,
dump,6224010488021,"Lavie مياه",,"Lavie مياه",,LAVIE,xx:lavie,,,,,https://images.openfoodfacts.org/images/products/622/401/048/8021/front_ar.3.400.jpg,,
dump,6224010521148,"Baked Protein Puffs Smoky BBQ",,"Baked Protein Puffs Smoky BBQ",,Kayy,xx:kayy,,,,,https://images.openfoodfacts.org/images/products/622/401/052/1148/front_en.6.400.jpg,,
dump,6224010521155,"كاي بروتين بافس ىشيدر",,"كاي بروتين بافس ىشيدر",,,,,,,,https://images.openfoodfacts.org/images/products/622/401/052/1155/front_en.3.400.jpg,,
dump,6224010521186,"Protein puffs",,"Protein puffs",,,,,,,,https://images.openfoodfacts.org/images/products/622/401/052/1186/front_fr.3.400.jpg,,
dump,6224010521254,"Oat Rings",,"Oat Rings",,Katy,katy,,,,,,,
dump,6224010521599,"Vegan Protein Puffs",,"Vegan Protein Puffs",,KAYY,kayy,,,,,https://images.openfoodfacts.org/images/products/622/401/052/1599/front_en.3.400.jpg,,
dump,6224010521612,"Kayy bites",,"Kayy bites",,Kayy,kayy,,,,,,,
dump,6224010521636,"كاي بروتين بافس",,"كاي بروتين بافس",,,,,,,,https://images.openfoodfacts.org/images/products/622/401/052/1636/front_en.3.400.jpg,,
dump,6224010521759,"كاي بروتين بافس زيت زيتون",,"كاي بروتين بافس زيت زيتون",,,,,,,,https://images.openfoodfacts.org/images/products/622/401/052/1759/front_en.3.400.jpg,,
dump,6224010521773,"Oat Noodles - Chicken Curry",,"Oat Noodles - Chicken Curry",,Kayy,kayy,,,,,,,
dump,6224010521780,"Oat Noodle - Kabab Flavor",,"Oat Noodle - Kabab Flavor",,Kayy,kayy,,,,,,,
dump,6224010574588,شوكيز,,شوكيز,,,,,,,,https://images.openfoodfacts.org/images/products/622/401/057/4588/front_en.3.400.jpg,,
dump,6224010574748,"Faz3a Chocolate",,"Faz3a Chocolate",,Blaban,xx:blaban,,,,,,,
dump,6224010588622,nutella,,nutella,,boboo,xx:boboo,,,,,,,
dump,6224010588844,"بوبو فراوله",,"بوبو فراوله",,,,,,,,https://images.openfoodfacts.org/images/products/622/401/058/8844/front_en.3.400.jpg,,
dump,6224010588882,"بوبو شوكولا",,"بوبو شوكولا",,,,,,,,https://images.openfoodfacts.org/images/products/622/401/058/8882/front_en.3.400.jpg,,
dump,6224010623026,"Greek yogurt 2%",,"Greek yogurt 2%",,Yopolis,yopolis,,,,,,,
dump,6224010623040,"Greek Yogurt Blueberry Cheesecake",,"Greek Yogurt Blueberry Cheesecake",,Yopolis,yopolis,,,,,,,
dump,6224010623293,"Flip Greek Yogurt SCA",,"Flip Greek Yogurt SCA",,Yopolis,yopolis,,,,,https://images.openfoodfacts.org/images/products/622/401/062/3293/front_en.3.400.jpg,,
dump,6224010623309,"Natural greek authentic yogurt",,"Natural greek authentic yogurt",,Yopolis,yopolis,,,,,,,
dump,6224010623446,"Greek Delights",,"Greek Delights",,Yopolis,yopolis,,,,,https://images.openfoodfacts.org/images/products/622/401/062/3446/front_en.3.400.jpg,,
dump,6224010623453,"Greek Delights",,"Greek Delights",,Yopolis,yopolis,,,,,https://images.openfoodfacts.org/images/products/622/401/062/3453/front_en.3.400.jpg,,
dump,6224010623460,"French Vanilla Greek Double Zero Yogurt",,"French Vanilla Greek Double Zero Yogurt",,Yopolis,xx:yopolis,,,,,https://images.openfoodfacts.org/images/products/622/401/062/3460/front_en.3.400.jpg,,
dump,6224010623477,"Greek Double Zero Strawberry",,"Greek Double Zero Strawberry",,Yopolis,yopolis,,,,,,,
dump,6224010623484,"Peach Greek yogurt",,"Peach Greek yogurt",,Yopolis,xx:yopolis,,,,,https://images.openfoodfacts.org/images/products/622/401/062/3484/front_en.3.400.jpg,,
dump,6224010623668,"Sour Cream",,"Sour Cream",,Yopolis,xx:yopolis,,,,,,,
dump,6224010623743,"Cream Cheese With Paprika",,"Cream Cheese With Paprika",,Yopolis,xx:yopolis,,,,,,,
dump,6224010623767,"Cream Cheese & Pretzels",,"Cream Cheese & Pretzels",,Yopolis,xx:yopolis,,,,,,,
dump,6224010623927,"Greek Pro Plain",,"Greek Pro Plain",,Yopolis,yopolis,,,,,,,
dump,6224010623934,"Greek PRO",,"Greek PRO",,Yópolis,xx:yopolis,,,,,https://images.openfoodfacts.org/images/products/622/401/062/3934/front_en.4.400.jpg,,
dump,6224010802469,,,,,,,,,,,https://images.openfoodfacts.org/images/products/622/401/080/2469/front_en.3.400.jpg,,
dump,6224010831247,"Chocolate date almond",,"Chocolate date almond",,"Al than",al-than,,,,,,,
dump,6224010837836,seelaz-torino,,seelaz-torino,,,,,,,,https://images.openfoodfacts.org/images/products/622/401/083/7836/front_en.3.400.jpg,,
dump,6224010837843,seelaz-greek,,seelaz-greek,,,,,,,,https://images.openfoodfacts.org/images/products/622/401/083/7843/front_en.3.400.jpg,,
dump,6224010837881,seelaz-tumair,,seelaz-tumair,,,,,,,,https://images.openfoodfacts.org/images/products/622/401/083/7881/front_en.3.400.jpg,,
dump,6224010866096,"Basil seed lemon and mint",,"Basil seed lemon and mint",,,,,,,,https://images.openfoodfacts.org/images/products/622/401/086/6096/front_fr.3.400.jpg,,
dump,6224010866133,,,,,,,,,,,https://images.openfoodfacts.org/images/products/622/401/086/6133/front_en.3.400.jpg,,
dump,6224010887657,"Canned hummus with tahini",,"Canned hummus with tahini",,"A. M. R.",xx:a-m-r,400g,400,,en:plant-based-foods-and-beverages|en:plant-based-foods|en:condiments|en:spreads|en:plant-based-spreads|en:salted-spreads|en:sauces|en:dips|en:hummus|en:canned-hummus,https://images.openfoodfacts.org/images/products/622/401/088/7657/front_en.3.400.jpg,,Carrefour
dump,6224010936300,"Sun Dried Tomatoes In Olive Oil And Herbs",,"Sun Dried Tomatoes In Olive Oil And Herbs",,"Limes Gardens",xx:limes-gardens,"300 ml",300,,,https://images.openfoodfacts.org/images/products/622/401/093/6300/front_en.3.400.jpg,,
dump,6224010950139,"Guava drink",,"Guava drink",,"Sun Top",xx:sun-top,,,,,https://images.openfoodfacts.org/images/products/622/401/095/0139/front_en.6.400.jpg,,
dump,6224010950337,"Mixed fruit drink",,"Mixed fruit drink",,"Sun top",sun-top,,,,,https://images.openfoodfacts.org/images/products/622/401/095/0337/front_en.3.400.jpg,,
dump,6224010968189,"Penne Pasta",,"Penne Pasta",,Lamsa,lamsa,,,,,,,
dump,6224010991262,"Italian Meatballs with Rice",,"Italian Meatballs with Rice",,Instachef,instachef,,,,,https://images.openfoodfacts.org/images/products/622/401/099/1262/front_en.3.400.jpg,,
dump,6224010991279,"Chicken Curry",,"Chicken Curry",,Instachef,xx:instachef,,,,,https://images.openfoodfacts.org/images/products/622/401/099/1279/front_en.3.400.jpg,,
dump,6224010991378,"Chicken Teriyaki with White Rice",,"Chicken Teriyaki with White Rice",,"insta chef",xx:insta-chef,,,,,,,
dump,6224011060783,"Batata congelada",,"Batata congelada",,,,,,,,,,
dump,6224011088725,"Peanut Butter Powder",,"Peanut Butter Powder",,"Pure Butter",xx:pure-butter,,,,,,,
dump,6224011148887,,,,,,,,,,,,,
dump,6224011153010,mi,,mi,,,,,,,,https://images.openfoodfacts.org/images/products/622/401/115/3010/front_en.6.400.jpg,,
dump,6224011153256,Nercafix,,Nercafix,,"Nerhadou International",xx:nerhadou-international,,,,,https://images.openfoodfacts.org/images/products/622/401/115/3256/front_en.5.400.jpg,,
dump,6224011229265,"Ranch Dry Dressing",,"Ranch Dry Dressing",,"Bab Elsham",xx:bab-elsham,,,,,,,
dump,6224011229289,"Caesar Dressing Powder",,"Caesar Dressing Powder",,"Bab El Sham",xx:bab-el-sham,,,,,,,
dump,6224011241069,"Vitamin sparkling drink",,"Vitamin sparkling drink",,,,,,,,https://images.openfoodfacts.org/images/products/622/401/124/1069/front_fr.3.400.jpg,,
dump,6224011241106,"V7 Lemon Mint Vitamin Sparkling Drink",,"V7 Lemon Mint Vitamin Sparkling Drink",,V7,xx:v7,,,,,https://images.openfoodfacts.org/images/products/622/401/124/1106/front_en.9.400.jpg,,
dump,6224011241571,"Apple Flavored Malt",,"Apple Flavored Malt",,V7,xx:v7,,,,,,,
dump,6224011266161,"Isolate Barre proteinée",,"Isolate Barre proteinée",,TVN,tvn,,,,,,,
dump,6224011273381,"Ice Cream - Healthy And Tasty",,"Ice Cream - Healthy And Tasty",,,,,,,,,,
dump,6224011273398,"Vanilla Ice Cream - Healthy & Tasty - Healthy & Tasty - Healthy & Tasty",,"Vanilla Ice Cream - Healthy & Tasty - Healthy & Tasty - Healthy & Tasty",,,,,,,,,,
dump,6224011273404,"Strawberry Ice Cream - Healthy & Tasty",,"Strawberry Ice Cream - Healthy & Tasty",,,,,,,,,,
dump,6224011273671,"Hazelnut Ice Cream - Healthy & Tasty",,"Hazelnut Ice Cream - Healthy & Tasty",,,,,,,,,,
dump,6224011273688,"Pistachio Ice Cream - Healthy & Tasty",,"Pistachio Ice Cream - Healthy & Tasty",,,,,,,,,,
dump,6224011318013,"لاس فيجان برجر ٤٠٠ جرام",,"لاس فيجان برجر ٤٠٠ جرام",,"LAS VEGAB",xx:las-vegab,,,,,https://images.openfoodfacts.org/images/products/622/401/131/8013/front_en.9.400.jpg,,
dump,6224011318068,"لاس فيجان كفتة نباتي",,"لاس فيجان كفتة نباتي",,,,,,,,https://images.openfoodfacts.org/images/products/622/401/131/8068/front_en.4.400.jpg,,
dump,6224011318112,"لاس فيجان كرات اللحم",,"لاس فيجان كرات اللحم",,,,,,,,https://images.openfoodfacts.org/images/products/622/401/131/8112/front_en.4.400.jpg,,
dump,6224011318167,"لاس فيجان لحم مفروم",,"لاس فيجان لحم مفروم",,"Las Vegan",xx:las-vegan,,,,,https://images.openfoodfacts.org/images/products/622/401/131/8167/front_en.8.400.jpg,,
dump,6224011374408,"مكسي الاصلي",,"مكسي الاصلي",,,,,,,,,,
dump,6224011374422,"Lemon Sida Pop",,"Lemon Sida Pop",,Maxi,xx:maxi,,,,,,,
dump,6224011385053,"ارز ابيض رتبة ثانية",,"ارز ابيض رتبة ثانية",,"ابن الاصول",ابن-الاصول,,,,,https://images.openfoodfacts.org/images/products/622/401/138/5053/front_en.3.400.jpg,,
dump,6224011439046,"جنينة إسطنيولي",,"جنينة إسطنيولي",,"مزارع دينا",xx:مزارع-دينا,,,,,,,
dump,6224011439244,"Rich Chocolate Icecream",,"Rich Chocolate Icecream",,"Dina Farms",xx:dina-farms,,,,,,,
dump,6224011523349,,,,,,,,,,,https://images.openfoodfacts.org/images/products/622/401/152/3349/front_en.3.400.jpg,,
dump,6224011536073,"Farm Fresh Pasteurized Skinny Milk",,"Farm Fresh Pasteurized Skinny Milk",,"The Milkman",the-milkman,,,,,,,
dump,6224011536189,"Light Yogurt Creamy",,"Light Yogurt Creamy",,"the Milkman",xx:the-milkman,,,,,,,
dump,6224011536356,GREEK,,GREEK,,"the Milkman",xx:the-milkman,,,,,https://images.openfoodfacts.org/images/products/622/401/153/6356/front_en.3.400.jpg,,
dump,6224011536363,"Greek Strawberry Yogurt",,"Greek Strawberry Yogurt",,"The Milkman",the-milkman,,,,,,,
dump,6224011536370,Rayeb,,Rayeb,,"The Milkman",xx:the-milkman,,,,,,,
dump,6224011536394,"Milkman chocolate drink",,"Milkman chocolate drink",,,,,,,,,,
dump,6224011536486,"Diet Yogurt - Reefy",,"Diet Yogurt - Reefy",,,,,,,,,,
dump,6224011536523,"Lactose Free Milk",,"Lactose Free Milk",,Reedy,xx:reedy,,,,,,,
dump,6224011536530,"Greek Peach Yogurt",,"Greek Peach Yogurt",,"The Milkman",xx:the-milkman,,,,,,,
dump,6224011536547,"mixed berries greek yogurt",,"mixed berries greek yogurt",,"the milkman",the-milkman,,,,,,,
dump,6224011536554,Labneh,,Labneh,,"the Milkman",xx:the-milkman,,,,,,,
dump,6224011536561,"Artisian Milk Full Cream",,"Artisian Milk Full Cream",,"The Milkman",xx:the-milkman,,,,,https://images.openfoodfacts.org/images/products/622/401/153/6561/front_en.3.400.jpg,,
dump,6224011536592,"Skimmed Milk",,"Skimmed Milk",,"The Milk Man",xx:the-milk-man,,,,,,,
dump,6224011627658,"Classic Honey Granola",,"Classic Honey Granola",,Seoudi,xx:seoudi,,,,,,,
dump,6224011627689,"Granola Almond Coconut",,"Granola Almond Coconut",,Seoudi,xx:seoudi,,,,,,,
dump,6224011721295,"خردل حب",,"خردل حب",,,,,,,,https://images.openfoodfacts.org/images/products/622/401/172/1295/front_en.3.400.jpg,,
dump,6224011721486,"BBQ TEXAS MIX",,"BBQ TEXAS MIX",,gourmet,gourmet,,,,,https://images.openfoodfacts.org/images/products/622/401/172/1486/front_en.3.400.jpg,,
dump,6224011721516,"Lemon pepper",,"Lemon pepper",,gourmet,gourmet,,,,,https://images.openfoodfacts.org/images/products/622/401/172/1516/front_en.3.400.jpg,,
dump,6224011749046,"real brownies pops",,"real brownies pops",,real,xx:real,"250 g",250,,,https://images.openfoodfacts.org/images/products/622/401/174/9046/front_en.3.400.jpg,,
dump,6224011749053,"real caramel loops",,"real caramel loops",,real,xx:real,"250 g",250,,,https://images.openfoodfacts.org/images/products/622/401/174/9053/front_en.3.400.jpg,,
dump,6224011749060,"real vanilla flakes",,"real vanilla flakes",,,,"250 g",250,,,https://images.openfoodfacts.org/images/products/622/401/174/9060/front_en.3.400.jpg,,
dump,6224011749145,"Choco Bites Cereal",,"Choco Bites Cereal",,Real,xx:real,,,,,,,
dump,6224011749169,"Peanut Bites",,"Peanut Bites",,Real,real,,,,,,,
dump,6224011749183,"Lentils Chips Honey Mustard",,"Lentils Chips Honey Mustard",,Real,xx:real,,,,,https://images.openfoodfacts.org/images/products/622/401/174/9183/front_en.3.400.jpg,,
dump,6224011749206,"Hummus Chips Cheese",,"Hummus Chips Cheese",,Real,xx:real,,,,,,,
dump,6224011749237,"Real Rice Cake - Milk Chocolate",,"Real Rice Cake - Milk Chocolate",,"Real Nutrition",xx:real-nutrition,,,,,https://images.openfoodfacts.org/images/products/622/401/174/9237/front_en.3.400.jpg,,
dump,6224011749244,"Dark Chocolate Rice Cake",,"Dark Chocolate Rice Cake",,Real,xx:real,,,,,,,
dump,6224011749251,"Dark Chocolate Rice Cake",,"Dark Chocolate Rice Cake",,Real,xx:real,,,,,https://images.openfoodfacts.org/images/products/622/401/174/9251/front_en.3.400.jpg,,
dump,6224011749350,"Caramel Protein Nibbles",,"Caramel Protein Nibbles",,Real,xx:real,,,,,,,
dump,6224011749367,"Choco Pops Dark Choclate",,"Choco Pops Dark Choclate",,Real,xx:real,,,,,,,
dump,6224011749374,"CHOCOPOPS Milk Chocolate",,"CHOCOPOPS Milk Chocolate",,Real,xx:real,,,,,,,
dump,6224011749381,"Peanut Butter Protein Cookie",,"Peanut Butter Protein Cookie",,Real,xx:real,,,,,,,
dump,6224011749404,"Protein Cookie, Cookies And Cream",,"Protein Cookie, Cookies And Cream",,Real,xx:real,,,,,https://images.openfoodfacts.org/images/products/622/401/174/9404/front_en.3.400.jpg,,
dump,6224011773911,marvel,,marvel,,,,,,,,https://images.openfoodfacts.org/images/products/622/401/177/3911/front_en.3.400.jpg,,
dump,6224011782036,"Seitan Bites",,"Seitan Bites",,"Not Fried.",xx:not-fried,"400 g",400,,,https://images.openfoodfacts.org/images/products/622/401/178/2036/front_de.3.400.jpg,,
dump,6224011782043,"egyptian falafel",,"egyptian falafel",,"not fried",not-fried,,,,,,,
dump,6224011782050,"Not Fried Hot Nuggets",,"Not Fried Hot Nuggets",,"Not Fried",not-fried,,,,,,,
dump,6224011782111,"chicken nuggets , hot and spicy",,"chicken nuggets , hot and spicy",,"not fried",not-fried,,,,,,,
dump,6224011782128,"High Protein Chicken Tenders",,"High Protein Chicken Tenders",,"Not Fried",not-fried,,,,,,,
dump,6224011823678,Suksukaniya,,Suksukaniya,,"Seniora Plus",xx:seniora-plus,,,,,https://images.openfoodfacts.org/images/products/622/401/182/3678/front_fr.3.400.jpg,,
dump,6224194002167,"Омлет с сыром и индюшинами сосисками",,"Омлет с сыром и индюшинами сосисками",,,,,,,,,,
dump,62242912,"Coconut milk",,"Coconut milk",,Aroy-D,aroy-d,,,,,,,
dump,6224330041395,"Saucisson de cheval",,"Saucisson de cheval",,,,,,,,,,
dump,6224490974564,"Fizz pomme lavande",,"Fizz pomme lavande",,,,,,,,,,
dump,6225000030824,"Pasteurized Egg White",,"Pasteurized Egg White",,Epec,epec,,,,,,,
dump,6225000058538,Phill,,Phill,,,,,,,,https://images.openfoodfacts.org/images/products/622/500/005/8538/front_fr.3.400.jpg,,
dump,6225000117556,,,,,,,,,,,https://images.openfoodfacts.org/images/products/622/500/011/7556/front_ar.3.400.jpg,,
dump,6225000120839,"Wonderville cotton candy ice cream",,"Wonderville cotton candy ice cream",,,,,,,,https://images.openfoodfacts.org/images/products/622/500/012/0839/front_fr.3.400.jpg,,
dump,6225000175112,,,,,,,,,,en:snacks|en:sweet-snacks|en:cocoa-and-its-products|en:chocolates|en:white-chocolates,https://images.openfoodfacts.org/images/products/622/500/017/5112/front_en.3.400.jpg,,
dump,6225000201910,"Extra Protein Peanut Butter",,"Extra Protein Peanut Butter",,Fitnuts,fitnuts,,,,,https://images.openfoodfacts.org/images/products/622/500/020/1910/front_en.3.400.jpg,,
dump,6225000238930,"White Chocolate",,"White Chocolate",,"Sama Cream",sama-cream,"1 Kg",1000,,,https://images.openfoodfacts.org/images/products/622/500/023/8930/front_en.3.400.jpg,,
dump,6225000266391,"Top value coca spread cream with hazelnut",,"Top value coca spread cream with hazelnut",,,,,,,,https://images.openfoodfacts.org/images/products/622/500/026/6391/front_fr.3.400.jpg,,
dump,6225000266797,Beans,,Beans,,"Rose Garden",xx:rose-garden,,,,,,,
dump,6225000273139,"UPI Mass Gainer",,"UPI Mass Gainer",,UPI,xx:upi,,,,,,,
dump,6225000314689,"Jammies Crazy Carrot",,"Jammies Crazy Carrot",,,,,,,,https://images.openfoodfacts.org/images/products/622/500/031/4689/front_fr.3.400.jpg,,
dump,6225000332942,"Nestle pure fizz lemon",,"Nestle pure fizz lemon",,,,360ml,360,,,https://images.openfoodfacts.org/images/products/622/500/033/2942/front_en.4.400.jpg,,
dump,6225000332966,"Nestle pure fizz green apple",,"Nestle pure fizz green apple",,,,360ml,360,,,https://images.openfoodfacts.org/images/products/622/500/033/2966/front_en.4.400.jpg,,
dump,6225000332980,"Nestlé pure life triple berry",,"Nestlé pure life triple berry",,Nestlé,nestle,360ml,360,,,https://images.openfoodfacts.org/images/products/622/500/033/2980/front_fr.3.400.jpg,,
dump,6225000346925,"Oats+Whey Protein",,"Oats+Whey Protein",,KAYY,xx:kayy,,,,,https://images.openfoodfacts.org/images/products/622/500/034/6925/front_en.4.400.jpg,,
dump,6225000346970,"High Protein Oats",,"High Protein Oats",,Kayy,xx:kayy,,,,,,,
dump,6225000346987,"Oats pankake bluebarry",,"Oats pankake bluebarry",,,,,,,,https://images.openfoodfacts.org/images/products/622/500/034/6987/front_fr.3.400.jpg,,
dump,6225000370531,"Khazne Fruit",,"Khazne Fruit",,"Khazne,Syrian Spanish Company",khazne|syrian-spanish-company,2L,2000,,en:plant-based-foods-and-beverages|en:beverages|en:plant-based-beverages|en:carbonated-drinks|en:fruit-based-beverages|en:sodas|en:fruit-sodas|en:sweetened-beverages,https://images.openfoodfacts.org/images/products/622/500/037/0531/front_en.9.400.jpg,,"Oliven Eksotisk Mat"
dump,6225000399013,"High Protein Instant Oatmeal - Hazelnut Cappuccino",,"High Protein Instant Oatmeal - Hazelnut Cappuccino",,Kayy,xx:kayy,,,,,https://images.openfoodfacts.org/images/products/622/500/039/9013/front_en.3.400.jpg,,
dump,6225000399020,"Protein Oat",,"Protein Oat",,Kayy,xx:kayy,,,,en:dietary-supplements,https://images.openfoodfacts.org/images/products/622/500/039/9020/front_en.3.400.jpg,,
dump,6225000399068,"High Protein Oatmeal",,"High Protein Oatmeal",,Kayy,xx:kayy,,,,,https://images.openfoodfacts.org/images/products/622/500/039/9068/front_en.3.400.jpg,,
dump,6225000422964,"High Protein Oats - Coconut",,"High Protein Oats - Coconut",,Fitoat,xx:fitoat,,,,,,,
dump,6225000425637,nmnni,,nmnni,,jnggmmbb,jnggmmbb,jj,,,ar:nnjb,https://images.openfoodfacts.org/images/products/622/500/042/5637/front_ar.3.400.jpg,,
dump,6225000434318,"Sugar free peant butter",,"Sugar free peant butter",,Organic,organic,,,,,https://images.openfoodfacts.org/images/products/622/500/043/4318/front_en.3.400.jpg,,
dump,6225000443631,"Cookie Dough Protein Bar",,"Cookie Dough Protein Bar",,Triple-B,xx:triple-b,,,,,,,
dump,6225000452756,"Chocolate flavoref candy",,"Chocolate flavoref candy",,,,,,,,https://images.openfoodfacts.org/images/products/622/500/045/2756/front_fr.3.400.jpg,,
dump,6225000458512,Tristevia,,Tristevia,,Tristevia,xx:tristevia,50×2gm,2,,en:sweeteners|en:food-additives|en:sugar-substitutes|en:artificial-sugar-substitutes|en:stevia-sweetener,https://images.openfoodfacts.org/images/products/622/500/045/8512/front_en.5.400.jpg,,
dump,6225000467217,,,,,,,,,,,https://images.openfoodfacts.org/images/products/622/500/046/7217/front_ar.3.400.jpg,,
dump,6225000468528,"Cashew Protein Bar",,"Cashew Protein Bar",,Blackhawk,xx:blackhawk,,,,,,,
dump,6225000473737,"No Sugar Added Coconut Milk",,"No Sugar Added Coconut Milk",,GRO,xx:gro,,,,,,,
dump,6225000473768,"Barista Coconut Milk",,"Barista Coconut Milk",,GRO,xx:gro,,,,,,,
dump,6225000474956,"High Protein Oats Vanilla",,"High Protein Oats Vanilla",,"Fit Oat",xx:fit-oat,,,,,,,
dump,6225000482319,"Lean Protein Bar",,"Lean Protein Bar",,Balckhawk,xx:balckhawk,,,,,,,
dump,6225000538382,"Protein Snacks - Butter & Herbs",,"Protein Snacks - Butter & Herbs",,Fit,xx:fit,,,,,https://images.openfoodfacts.org/images/products/622/500/053/8382/front_en.3.400.jpg,,
dump,6225000538399,"Protein Snacks Sweet Chili",,"Protein Snacks Sweet Chili",,Fit,xx:fit,,,,,https://images.openfoodfacts.org/images/products/622/500/053/8399/front_en.3.400.jpg,,
dump,6225000575028,"Protein Rings",,"Protein Rings",,GUSTO,xx:gusto,,,,,https://images.openfoodfacts.org/images/products/622/500/057/5028/front_en.4.400.jpg,,
dump,6225000575035,"جوستو بروتين بافس جبنه",,"جوستو بروتين بافس جبنه",,Gusto,xx:gusto,,,,,https://images.openfoodfacts.org/images/products/622/500/057/5035/front_en.4.400.jpg,,
dump,6225000581852,"Creatine Micronized",,"Creatine Micronized",,WatchMe,watchme,,,,,,,
dump,6225000592728,"Rani Float",,"Rani Float",,Rani,xx:rani,"235 ml",235,,,https://images.openfoodfacts.org/images/products/622/500/059/2728/front_en.3.400.jpg,,
dump,6225000594319,"Frozen Minced Garlic",,"Frozen Minced Garlic",,"Fresh Freeze",xx:fresh-freeze,,,,,,,
dump,6225000617155,"ناتشيتو صوص شيدر",,"ناتشيتو صوص شيدر",,,,300جرام,300,,,,,
dump,6225000617162,"ناتشيتو صلصه مكسيكي",,"ناتشيتو صلصه مكسيكي",,Machine,xx:machine,300جرام,300,,,https://images.openfoodfacts.org/images/products/622/500/061/7162/front_es.4.400.jpg,,
dump,6225000657922,"Protein Bites Choc Chip Cookie Dough",,"Protein Bites Choc Chip Cookie Dough",,Kick,xx:kick,,,,,,,
dump,6225000660137,"Mr fryes mix spicy",,"Mr fryes mix spicy",,,,,,,,https://images.openfoodfacts.org/images/products/622/500/066/0137/front_en.3.400.jpg,,
dump,6225000660144,"Mr.fryes original",,"Mr.fryes original",,,,,,,,https://images.openfoodfacts.org/images/products/622/500/066/0144/front_en.3.400.jpg,,
dump,6225000701328,"Coconut milk",,"Coconut milk",,Gro,xx:gro,,,,,,,
dump,6225000702714,,,,,,,,,,,https://images.openfoodfacts.org/images/products/622/500/070/2714/front_en.3.400.jpg,,
dump,6225000735064,مكرونه,,مكرونه,,,,,,,,https://images.openfoodfacts.org/images/products/622/500/073/5064/front_en.3.400.jpg,,
dump,6225000735156,"Hot Honey Chicken Rice",,"Hot Honey Chicken Rice",,Kayy,xx:kayy,,,,,,,
dump,6225000735170,"Protein Rice",,"Protein Rice",,Kayy,xx:kayy,,,,,,,
dump,6225000735187,"kayy high protien rice meal (Indian chicken tandoori)",,"kayy high protien rice meal (Indian chicken tandoori)",,kayy,xx:kayy,,,,,,,
dump,6225000735194,"High Protein Rice Meal",,"High Protein Rice Meal",,KAYY,xx:kayy,,,,,,,
dump,6225000854826,"Cheddar Cheese Puffs",,"Cheddar Cheese Puffs",,Icon,xx:icon,,,,,,,
dump,6225000957312,"Baladi Bread Made From Date Seed Flour",,"Baladi Bread Made From Date Seed Flour",,Eishna,xx:eishna,,,,,https://images.openfoodfacts.org/images/products/622/500/095/7312/front_en.3.400.jpg,,
dump,6225008801204,Lidfy,,Lidfy,,,,,,,,https://images.openfoodfacts.org/images/products/622/500/880/1204/front_en.3.400.jpg,,
dump,62256513,"Power crunch bar",,"Power crunch bar",,"Power Crunch",power-crunch,,,,,,,
dump,6226745455170,"Filet de poulet",,"Filet de poulet",,,,,,,,,,
dump,6226755922860,"Escalope de poulet",,"Escalope de poulet",,,,,,,,,,
dump,6229920003432,"Protein Bread",,"Protein Bread",,"Arshia Singh",xx:arshia-singh,,,,en:plant-based-foods-and-beverages|en:plant-based-foods|en:cereals-and-potatoes|en:cereals-and-their-products|en:breads|en:be,https://images.openfoodfacts.org/images/products/622/992/000/3432/front_en.15.400.jpg,,
dump,6251154022019,"Bactall 500",,"Bactall 500",,,,,,,,https://images.openfoodfacts.org/images/products/625/115/402/2019/front_en.4.400.jpg,,
dump,6252016103013,"Coconut Milk",,"Coconut Milk",,"Rizi World",xx:rizi-world,,,,,,,
dump,6253002415325,,,,,,,,,,,https://images.openfoodfacts.org/images/products/625/300/241/5325/front_ar.3.400.jpg,,
dump,6253806491402,"EARL GREY TEA",,"EARL GREY TEA",,,,,,,,https://images.openfoodfacts.org/images/products/625/380/649/1402/front_en.3.400.jpg,,
dump,6253810700705,,,,,,,,,,,,,
dump,6253811210210,,,,,,,,,,,,,
dump,6254000115804,"بن العميد قهوه فرنسية",,"بن العميد قهوه فرنسية",,,,,,,,https://images.openfoodfacts.org/images/products/625/400/011/5804/front_en.3.400.jpg,,
dump,6260435214258,,,,,,,,,,,https://images.openfoodfacts.org/images/products/626/043/521/4258/front_ar.4.400.jpg,,
dump,6261763102774,,,,,,,,,,,,,
dump,6271001330456,"كيتكو ستيكس بطاطس بابريكا",,"كيتكو ستيكس بطاطس بابريكا",,كيتكو,xx:كيتكو,40جرام,40,,,https://images.openfoodfacts.org/images/products/627/100/133/0456/front_en.3.400.jpg,,
dump,6281006443952,"Sunsilk hairfall solution",,"Sunsilk hairfall solution",,Sunsilk,xx:sunsilk,,,,,https://images.openfoodfacts.org/images/products/628/100/644/3952/front_en.4.400.jpg,,
dump,6281007033152,"المراعي زبدة 400g",,"المراعي زبدة 400g",,"Almarai, المراعي",xx:almarai|xx:المراعي,,,,,https://images.openfoodfacts.org/images/products/628/100/703/3152/front_en.5.400.jpg,,
dump,6281008107517,TeeMo,,TeeMo,,24,24,4500,,,,,,
dump,6281016960197,"رينجو تيشوب بكريمة السوكولاته",,"رينجو تيشوب بكريمة السوكولاته",,,,,,,en:non-open-products-facts,https://images.openfoodfacts.org/images/products/628/101/696/0197/front_ar.4.400.jpg,,
dump,6281024902356,"Cheddar slices",,"Cheddar slices",,,,,,,,,,
dump,6281055704516,"Light Meat Tuna",,"Light Meat Tuna",,Plyms,xx:plyms,,,,,https://images.openfoodfacts.org/images/products/628/105/570/4516/front_en.4.400.jpg,,
dump,6281063101017,,,,,,,,,,,,,
dump,6281073110542,Gulash,,Gulash,,,,,,,,https://images.openfoodfacts.org/images/products/628/107/311/0542/front_en.3.400.jpg,,
dump,6281073151743,"Frozen Mixed Veggies For Soup",,"Frozen Mixed Veggies For Soup",,Sunbulah,xx:sunbulah,,,,,,,
dump,6281086002513,Neorin,,Neorin,,,,,,,,https://images.openfoodfacts.org/images/products/628/108/600/2513/front_en.3.400.jpg,,
dump,6281086010921,Fevadol,,Fevadol,,,,,,,,https://images.openfoodfacts.org/images/products/628/108/601/0921/front_en.5.400.jpg,,
dump,6281086011508,"Klavox 1g",,"Klavox 1g",,,,,,,,https://images.openfoodfacts.org/images/products/628/108/601/1508/front_en.4.400.jpg,,
dump,6281086012734,Levox,,Levox,,,,,,,,https://images.openfoodfacts.org/images/products/628/108/601/2734/front_en.3.400.jpg,,
dump,6281105682252,كيك,,كيك,,منضفات,xx:منضفات,,,,,,,
dump,6281106251099,Siafa,,Siafa,,,,,,,,https://images.openfoodfacts.org/images/products/628/110/625/1099/front_fr.3.400.jpg,,
dump,6281106253826,"Sukkary Dates",,"Sukkary Dates",,Siafa,xx:siafa,,,,,,,
dump,6285094000776,"ROXONIN TAPE",,"ROXONIN TAPE",,,,,,,,https://images.openfoodfacts.org/images/products/628/509/400/0776/front_en.4.400.jpg,,
dump,6285095010668,AVOBAN,,AVOBAN,,,,,,,,https://images.openfoodfacts.org/images/products/628/509/501/0668/front_en.4.400.jpg,,
dump,6285128000260,Clara,,Clara,,,,,,,,https://images.openfoodfacts.org/images/products/628/512/800/0260/front_en.4.400.jpg,,
dump,6285128000444,Fusibact,,Fusibact,,,,,,,,https://images.openfoodfacts.org/images/products/628/512/800/0444/front_en.4.400.jpg,,
dump,6285128002431,Fusibact,,Fusibact,,,,,,,,https://images.openfoodfacts.org/images/products/628/512/800/2431/front_en.4.400.jpg,,
dump,6285128003377,"Hyfresh Gel",,"Hyfresh Gel",,,,,,,,https://images.openfoodfacts.org/images/products/628/512/800/3377/front_en.4.400.jpg,,
dump,6285128013154,"Triplex B",,"Triplex B",,,,,,,,https://images.openfoodfacts.org/images/products/628/512/801/3154/front_en.4.400.jpg,,
dump,6285147000920,DividO,,DividO,,,,,,,,https://images.openfoodfacts.org/images/products/628/514/700/0920/front_en.4.400.jpg,,
dump,6285147004621,Tabunex®,,Tabunex®,,,,,,,,https://images.openfoodfacts.org/images/products/628/514/700/4621/front_en.4.400.jpg,,
dump,6285602000045,,,,,,,,,,,https://images.openfoodfacts.org/images/products/628/560/200/0045/front_en.3.400.jpg,,
dump,6285602012444,"Oat Cookies",,"Oat Cookies",,Deemah,xx:deemah,,,,,https://images.openfoodfacts.org/images/products/628/560/201/2444/front_en.3.400.jpg,,
dump,6285756003176,"REST TIME",,"REST TIME",,,,,,,,https://images.openfoodfacts.org/images/products/628/575/600/3176/front_en.4.400.jpg,,
dump,6285756004593,VITATAB,,VITATAB,,,,,,,,https://images.openfoodfacts.org/images/products/628/575/600/4593/front_en.6.400.jpg,,
dump,6286069000005,Veggie,,Veggie,,,,,,,,,,
dump,6287001564029,"Keto Arabic Bread",,"Keto Arabic Bread",,"Al Hatab Bakery",xx:al-hatab-bakery,,,,,https://images.openfoodfacts.org/images/products/628/700/156/4029/front_en.4.400.jpg,,
dump,6287002763520,"حليب الريان السعر 12 رياب",,"حليب الريان السعر 12 رياب",,,,,,,en:dairies|en:milks-liquid-and-powder|en:milks|ar:الريان|ar:السعر-12-ريال,,,
dump,6287010990611,"Premium Dates",,"Premium Dates",,Safawi,safawi,,,,,,,
dump,6287034101277,,,,,Kinza,xx:kinza,,,,,,,
dump,6289999960883,Frooti,,Frooti,,,,,,,,https://images.openfoodfacts.org/images/products/628/999/996/0883/front_fr.3.400.jpg,,
dump,6291003000584,DELIGHTS,,DELIGHTS,,Tiffany,xx:tiffany,,,,,https://images.openfoodfacts.org/images/products/629/100/300/0584/front_fr.3.400.jpg,,
dump,6291003015885,,,,,,,,,,,,,
dump,6291003039799,,,,,,,,,,,https://images.openfoodfacts.org/images/products/629/100/303/9799/front_ar.3.400.jpg,,
dump,6291003096099,"Sorbet mango",,"Sorbet mango",,,,,,,en:desserts|en:frozen-foods|en:frozen-desserts|en:ice-creams-and-sorbets|en:sorbets|en:mango-sorbets,https://images.openfoodfacts.org/images/products/629/100/309/6099/front_fr.3.400.jpg,,
dump,6291007910827,,,,,,,,,,en:snacks|en:sweet-snacks|en:biscuits-and-cakes|en:biscuits-and-crackers|en:biscuits,https://images.openfoodfacts.org/images/products/629/100/791/0827/front_en.3.400.jpg,,
dump,6291100176892,bkor,,bkor,,bk,xx:bk,1,0,,,,,
dump,6291100191789,"Arabian Golden Date",,"Arabian Golden Date",,"Taj El Tomoor",xx:taj-el-tomoor,,,,,,,
dump,6291100271214,"FASH KOOL",,"FASH KOOL",,,,,,,,https://images.openfoodfacts.org/images/products/629/110/027/1214/front_en.4.400.jpg,,
dump,6291103541710,"Italian Premium Chocolate Truffles",,"Italian Premium Chocolate Truffles",,Harison,xx:harison,,,,,,,
dump,6291103730091,"Gloclav 1g",,"Gloclav 1g",,,,,,,,,,
dump,6291103730343,"Emidol 500 mg",,"Emidol 500 mg",,,,,,,,https://images.openfoodfacts.org/images/products/629/110/373/0343/front_en.7.400.jpg,,
dump,6291105690102,"Super Moist Strawberry Cake",,"Super Moist Strawberry Cake",,,,,,,,https://images.openfoodfacts.org/images/products/629/110/569/0102/front_fr.3.400.jpg,,
dump,6291108341711,"Lanneh Cream",,"Lanneh Cream",,Lamar,xx:lamar,,,,,https://images.openfoodfacts.org/images/products/629/110/834/1711/front_en.7.400.jpg,,
dump,6292758627071,"Chicken Prawn Dumpling",,"Chicken Prawn Dumpling",,Elephant,elephant,,,,,,,
dump,6294001814177,"Jewels big one",,"Jewels big one",,,,,,,,https://images.openfoodfacts.org/images/products/629/400/181/4177/front_en.4.400.jpg,,
dump,6294003569006,"Kitkat cookie crumble",,"Kitkat cookie crumble",,Nestlé,xx:nestle,19.5gm,19.5,,en:snacks|en:sweet-snacks|en:bars,https://images.openfoodfacts.org/images/products/629/400/356/9006/front_en.10.400.jpg,,
dump,6294003583071,"Kitkat raspberry blast",,"Kitkat raspberry blast",,Nestlé,xx:nestle,19.50g,19.5,,,https://images.openfoodfacts.org/images/products/629/400/358/3071/front_en.5.400.jpg,,
dump,6294003590031,"Cream of chicken soup",,"Cream of chicken soup",,Maggi,maggi,,,,,https://images.openfoodfacts.org/images/products/629/400/359/0031/front_fr.3.400.jpg,,
dump,6294015102574,"بادي اسبلاش",,"بادي اسبلاش",,,,,,,,https://images.openfoodfacts.org/images/products/629/401/510/2574/front_en.3.400.jpg,,
dump,6294017124895,Tola,,Tola,,Nestlé,xx:nestle,"31 g",31,,,https://images.openfoodfacts.org/images/products/629/401/712/4895/front_en.3.400.jpg,,
dump,6297000852096,,,,,,,,,,,https://images.openfoodfacts.org/images/products/629/700/085/2096/front_ar.3.400.jpg,,
dump,6299200055994,توفي,,توفي,,,,,,,,https://images.openfoodfacts.org/images/products/629/920/005/5994/front_en.3.400.jpg,,
dump,6299999960875,"ديلي رمان",,"ديلي رمان",,,,,,,,https://images.openfoodfacts.org/images/products/629/999/996/0875/front_en.4.400.jpg,,
dump,6331001102511,HYDRA,,HYDRA,,,,,,,,https://images.openfoodfacts.org/images/products/633/100/110/2511/front_en.3.400.jpg,,
dump,6335003120511,"Barley Bread خبز الشعير",,"Barley Bread خبز الشعير",,"بيت جدي",xx:بيت-جدي,,,,,,,
dump,6335003120528,"Bran Bread",,"Bran Bread",,"Beit Jedy",beit-jedy,,,,,,,
dump,6335003120603,"Hummus bread",,"Hummus bread",,"tanour elsham",tanour-elsham,,,,,,,
dump,6335003120658,"Chia Bread",,"Chia Bread",,"Beit Jedi",xx:beit-jedi,,,,,,,
dump,6335003139216,"Deep melt white chocolate",,"Deep melt white chocolate",,,,,,,,https://images.openfoodfacts.org/images/products/633/500/313/9216/front_en.3.400.jpg,,
dump,6393000496343,,,,,,,,,,,https://images.openfoodfacts.org/images/products/639/300/049/6343/front_en.3.400.jpg,,
dump,6471004380322,,,,,,,,,,,https://images.openfoodfacts.org/images/products/647/100/438/0322/front_en.3.400.jpg,,
dump,6521001715600,"Spice world salt kosher",,"Spice world salt kosher",,,,650g,650,,en:plant-based-foods-and-beverages|en:plant-based-foods|en:condiments|en:spices,https://images.openfoodfacts.org/images/products/652/100/171/5600/front_en.3.400.jpg,,
dump,6521009007837,,,,,,,,,,,,,
dump,6589624300573,"black honey",,"black honey",,,,,,,,https://images.openfoodfacts.org/images/products/658/962/430/0573/front_fr.3.400.jpg,,
dump,6624000371010,"Greek Yoghurt Honey Vanilla",,"Greek Yoghurt Honey Vanilla",,"Sara’s Jar",sara-s-jar,,,,,https://images.openfoodfacts.org/images/products/662/400/037/1010/front_en.3.400.jpg,,
dump,6624000371041,"Sumac Mint Labneh",,"Sumac Mint Labneh",,"Sara's Jar",sara-s-jar,,,,,,,
dump,6624000371096,Labneh,,Labneh,,"Sara's Jar",xx:sara-s-jar,,,,,,,
dump,6624000464170,"الشمس عدس اصفر",,"الشمس عدس اصفر",,,,,,,,https://images.openfoodfacts.org/images/products/662/400/046/4170/front_en.4.400.jpg,,
dump,6624000584144,,,,,,,,,,,https://images.openfoodfacts.org/images/products/662/400/058/4144/front_en.5.400.jpg,,
dump,6625000351002,,,,,,,,,,,https://images.openfoodfacts.org/images/products/662/500/035/1002/front_en.3.400.jpg,,
dump,6625000351033,,,,,,,,,,,https://images.openfoodfacts.org/images/products/662/500/035/1033/front_en.3.400.jpg,,
dump,6625000351057,"Angel Hair Pistachio",,"Angel Hair Pistachio",,Distingo,xx:distingo,,,,,,,
dump,6625000351095,"Distingo velavetto",,"Distingo velavetto",,,,,,,,,,
dump,6625000433098,"Egg Whites",,"Egg Whites",,OVO,xx:ovo,,,,,https://images.openfoodfacts.org/images/products/662/500/043/3098/front_en.3.400.jpg,,
dump,6625000575064,Eggwhites,,Eggwhites,,Ovo,xx:ovo,,,,,https://images.openfoodfacts.org/images/products/662/500/057/5064/front_en.3.400.jpg,,
dump,6695020005001,ناتشوز,,ناتشوز,,,,,,,,https://images.openfoodfacts.org/images/products/669/502/000/5001/front_en.3.400.jpg,,
dump,6723000556813,"Molto mini king",,"Molto mini king",,,,,,,,https://images.openfoodfacts.org/images/products/672/300/055/6813/front_en.3.400.jpg,,
dump,67340371,HiLook,,HiLook,,,,1,,,,,,
dump,6763997093472,"ماسيمو ناتس الموند",,"ماسيمو ناتس الموند",,,,,,,,https://images.openfoodfacts.org/images/products/676/399/709/3472/front_en.3.400.jpg,,
dump,6771504466541,,,,,,,,,,,https://images.openfoodfacts.org/images/products/677/150/446/6541/front_en.3.400.jpg,,
dump,6771504479350,,,,,,,,,,,https://images.openfoodfacts.org/images/products/677/150/447/9350/front_ar.3.400.jpg,,
dump,6772504092938,"Protein Bar",,"Protein Bar",,,,,,,,https://images.openfoodfacts.org/images/products/677/250/409/2938/front_en.3.400.jpg,,
dump,6772504357952,"البركة سمبوسك",,"البركة سمبوسك",,,,,,,,https://images.openfoodfacts.org/images/products/677/250/435/7952/front_en.3.400.jpg,,
dump,6772504441743,Luxury,,Luxury,,,,,,,,https://images.openfoodfacts.org/images/products/677/250/444/1743/front_en.3.400.jpg,,
dump,6772504452244,"Protein bar",,"Protein bar",,"Lite Bite",xx:lite-bite,,,,en:dietary-supplements|en:bodybuilding-supplements|en:protein-bars,https://images.openfoodfacts.org/images/products/677/250/445/2244/front_fr.3.400.jpg,,
dump,6772504452916,"Fit Bar",,"Fit Bar",,"Fit Bar",xx:fit-bar,,,,,https://images.openfoodfacts.org/images/products/677/250/445/2916/front_en.4.400.jpg,,
dump,6772504452923,"Fit Bar coffee",,"Fit Bar coffee",,FIT,xx:fit,,,,,https://images.openfoodfacts.org/images/products/677/250/445/2923/front_en.4.400.jpg,,
dump,6772504452930,"FITbar Coconut",,"FITbar Coconut",,FITBAR,fitbar,,,,,,,
dump,6772504452947,"Fit Bar peanut butter",,"Fit Bar peanut butter",,,,,,,,https://images.openfoodfacts.org/images/products/677/250/445/2947/front_en.3.400.jpg,,
dump,6772504452961,"Protein Bar",,"Protein Bar",,"Lite bite",xx:lite-bite,,,,,https://images.openfoodfacts.org/images/products/677/250/445/2961/front_en.7.400.jpg,,
dump,6772504535039,"Pistachio cream",,"Pistachio cream",,"Mozn, Milkato",xx:milkato|xx:mozn,,,,en:plant-based-foods-and-beverages|en:plant-based-foods|en:spreads|en:nuts-and-their-products|en:plant-based-spreads|en:oilseed-purees|en:nut-butters|en:pistachio-butters,https://images.openfoodfacts.org/images/products/677/250/453/5039/front_en.3.400.jpg,,Carrefour
dump,6772504535602,x-spread,,x-spread,,,,,,,,https://images.openfoodfacts.org/images/products/677/250/453/5602/front_en.3.400.jpg,,
dump,6772504535978,"Sukker stevia",,"Sukker stevia",,,,,,,,https://images.openfoodfacts.org/images/products/677/250/453/5978/front_fr.3.400.jpg,,
dump,6772504565609,"Local rice",,"Local rice",,,,5kg,5000,,,https://images.openfoodfacts.org/images/products/677/250/456/5609/front_en.3.400.jpg,,
dump,6772504710009,"ريو بسلة خضراء",,"ريو بسلة خضراء",,,,,,,,https://images.openfoodfacts.org/images/products/677/250/471/0009/front_en.4.400.jpg,,
dump,6772504710016,"ريو بسلة بالجزر",,"ريو بسلة بالجزر",,,,,,,,https://images.openfoodfacts.org/images/products/677/250/471/0016/front_en.4.400.jpg,,
dump,6772504710023,"ريو ملوخية خضراء",,"ريو ملوخية خضراء",,,,,,,,https://images.openfoodfacts.org/images/products/677/250/471/0023/front_en.4.400.jpg,,
dump,6772504789111,"LA Vista sauce",,"LA Vista sauce",,"شركة ‏ارض ‏الواحة",شركة-‏ارض-‏الواحة,"١ ‏كيلو",,,,https://images.openfoodfacts.org/images/products/677/250/478/9111/front_xx.7.400.jpg,,
dump,6772504858657,"Salted caramel sauce",,"Salted caramel sauce",,Zero,xx:zero,,,,,,,
dump,6773505591239,"Iced Tea",,"Iced Tea",,Chillout,xx:chillout,,,,,,,
dump,6774433200279,"Keto Cheesecake",,"Keto Cheesecake",,"Zero Sugar",xx:zero-sugar,,,,,,,
dump,6774433200903,"Zero Sugar Ice Cream Choco Chips Peanut Butter",,"Zero Sugar Ice Cream Choco Chips Peanut Butter",,Ketonista,xx:ketonista,,,,,https://images.openfoodfacts.org/images/products/677/443/320/0903/front_en.3.400.jpg,,
dump,6774433200910,"Double Chocolate Chip Ice Cream",,"Double Chocolate Chip Ice Cream",,"Zero Sugar",zero-sugar,,,,,,,
dump,6774433200927,"Cookies & Cream",,"Cookies & Cream",,"Zero Sugar",xx:zero-sugar,,,,,,,
dump,6879943677013,"لكيود ساور",,"لكيود ساور",,,,,,,,https://images.openfoodfacts.org/images/products/687/994/367/7013/front_en.3.400.jpg,,
dump,6904017211869,"Sweet chili sauce",,"Sweet chili sauce",,,,,,,,https://images.openfoodfacts.org/images/products/690/401/721/1869/front_en.3.400.jpg,,
dump,6911657933860,Worcester,,Worcester,,Heinz,heinz,500g,500,,en:condiments|en:sauces|en:worcestershire-sauces,https://images.openfoodfacts.org/images/products/691/165/793/3860/front_en.5.400.jpg,,
dump,6919343960428,,,,,"Volt yellow",xx:volt-yellow,,,,,https://images.openfoodfacts.org/images/products/691/934/396/0428/front_en.4.400.jpg,,
dump,6920036622554,Udon,,Udon,,,,,,,,https://images.openfoodfacts.org/images/products/692/003/662/2554/front_en.3.400.jpg,,
dump,6920036622578,"Soba noodles",,"Soba noodles",,,,300,,,,https://images.openfoodfacts.org/images/products/692/003/662/2578/front_en.3.400.jpg,,
dump,6920484018985,"روول اب",,"روول اب",,,,,,,,https://images.openfoodfacts.org/images/products/692/048/401/8985/front_en.3.400.jpg,,
dump,6921211112426,"Crazy dips",,"Crazy dips",,"Chupa Chups",xx:chupa-chups,,,,,https://images.openfoodfacts.org/images/products/692/121/111/2426/front_en.4.400.jpg,,
dump,6921667816169,"مارشميلو تفاح",,"مارشميلو تفاح",,,,"13 g",13,,,https://images.openfoodfacts.org/images/products/692/166/781/6169/front_en.3.400.jpg,,
dump,6922532828140,"Hoisin sauce",,"Hoisin sauce",,,,240g,240,,,https://images.openfoodfacts.org/images/products/692/253/282/8140/front_en.3.400.jpg,,
dump,6922532828300,"Worcester sauce",,"Worcester sauce",,,,,,,,https://images.openfoodfacts.org/images/products/692/253/282/8300/front_en.3.400.jpg,,
dump,6922532888649,"Teriyaki sauce",,"Teriyaki sauce",,,,,,,,https://images.openfoodfacts.org/images/products/692/253/288/8649/front_en.5.400.jpg,,
dump,6923353927241,"لولي بوب رول",,"لولي بوب رول",,,,,,,,https://images.openfoodfacts.org/images/products/692/335/392/7241/front_en.3.400.jpg,,
dump,6925253905046,"Rio Juicy Lychee Sugar Free Mints",,"Rio Juicy Lychee Sugar Free Mints",,Lychee,lychee,,,,,,,
dump,6926202201035,Wasabi,,Wasabi,,,,"1 kg",1000,,,https://images.openfoodfacts.org/images/products/692/620/220/1035/front_en.3.400.jpg,,
dump,6926737592585,,,,,,,,,,,https://images.openfoodfacts.org/images/products/692/673/759/2585/front_en.3.400.jpg,,
dump,6926901800515,,,,,,,,,,,,,
dump,6929309500537,,,,,,,,,,,https://images.openfoodfacts.org/images/products/692/930/950/0537/front_ar.3.400.jpg,,
dump,6931722325253,"Pizza Marshmallow",,"Pizza Marshmallow",,,,,,,,https://images.openfoodfacts.org/images/products/693/172/232/5253/front_en.3.400.jpg,,
dump,6931925807037,"Crazy bubble gum",,"Crazy bubble gum",,,,"12 g",12,,,https://images.openfoodfacts.org/images/products/693/192/580/7037/front_en.3.400.jpg,,
dump,6932794321211,"Egg noodles",,"Egg noodles",,,,454g,454,,,https://images.openfoodfacts.org/images/products/693/279/432/1211/front_en.3.400.jpg,,
dump,6936756276625,Peelz,,Peelz,,,,,,,,,,
dump,6939945100978,,,,,,,,,,en:condiments|en:sauces|en:soy-sauces,https://images.openfoodfacts.org/images/products/693/994/510/0978/front_en.4.400.jpg,,
dump,6941556288518,خلاط,,خلاط,,,,,,,,https://images.openfoodfacts.org/images/products/694/155/628/8518/front_ar.3.400.jpg,,
dump,6970606990149,"Soy sauce",,"Soy sauce",,,,,,,,https://images.openfoodfacts.org/images/products/697/060/699/0149/front_fr.3.400.jpg,,
dump,6971332260018,"Hondashy powder",,"Hondashy powder",,,,1kg,1000,,,https://images.openfoodfacts.org/images/products/697/133/226/0018/front_en.3.400.jpg,,
dump,6973362920085,"Wasapi powder",,"Wasapi powder",,,,1kg,1000,,,https://images.openfoodfacts.org/images/products/697/336/292/0085/front_en.3.400.jpg,,
dump,6978030990063,,,,,,,"40 g",40,,,https://images.openfoodfacts.org/images/products/697/803/099/0063/front_en.3.400.jpg,,
dump,7011122000000,"Fresh Multicereal Burger Bun",,"Fresh Multicereal Burger Bun",,,,,,,,https://images.openfoodfacts.org/images/products/701/112/200/0000/front_fr.6.400.jpg,,
dump,7011163000007,"Gourmet Chicken Pie",,"Gourmet Chicken Pie",,,,,,,,https://images.openfoodfacts.org/images/products/701/116/300/0007/front_fr.3.400.jpg,,
dump,7011291000009,"Gourmet Herb Butter",,"Gourmet Herb Butter",,Gourmet,gourmet,,,,,,,
dump,7011436000000,"White Burger Bun with Sesame",,"White Burger Bun with Sesame",,,,,,,,https://images.openfoodfacts.org/images/products/701/143/600/0000/front_fr.3.400.jpg,,
dump,7015613700004,"Eggplant Parmigana",,"Eggplant Parmigana",,Gourmet,xx:gourmet,,,,,,,
dump,7015629030003,"Butter chicken with basmati rice",,"Butter chicken with basmati rice",,Gourmet,xx:gourmet,,,,,https://images.openfoodfacts.org/images/products/701/562/903/0003/front_en.3.400.jpg,,
dump,7015629240006,"Frozen Plain Guacamole",,"Frozen Plain Guacamole",,Gourmet,xx:gourmet,,,,,https://images.openfoodfacts.org/images/products/701/562/924/0006/front_en.3.400.jpg,,
dump,7026556667668,"Marinated BBQ Chicken Fillet",,"Marinated BBQ Chicken Fillet",,Temry,temry,,,,,,,
dump,7026556671443,Mediterranean,,Mediterranean,,Gourmet,gourmet,,,,,https://images.openfoodfacts.org/images/products/702/655/667/1443/front_en.3.400.jpg,,
dump,7026556671450,"Sweet Texas",,"Sweet Texas",,Gourmet,gourmet,,,,,https://images.openfoodfacts.org/images/products/702/655/667/1450/front_en.3.400.jpg,,
dump,71729466,"Apple cider",,"Apple cider",,"American Garden",american-garden,"946 ml",946,,en:condiments|en:vinegars|en:cider-vinegars,https://images.openfoodfacts.org/images/products/000/007/172/9466/front_fr.3.400.jpg,,
dump,7220005288200,"Didos berry",,"Didos berry",,,,,,,,https://images.openfoodfacts.org/images/products/722/000/528/8200/front_en.3.400.jpg,,
dump,7227023643998,"ماكتيفز نيبولز دارك",,"ماكتيفز نيبولز دارك",,,,,,,,https://images.openfoodfacts.org/images/products/722/702/364/3998/front_en.3.400.jpg,,
dump,7290004133320,"Yoplait Plain 1.5 Percent Fat Yogurt",,"Yoplait Plain 1.5 Percent Fat Yogurt",,Yoplait,xx:yoplait,,,,,https://images.openfoodfacts.org/images/products/729/000/413/3320/front_en.3.400.jpg,,
dump,7300382220250,"سكويز برتقال  لتر",,"سكويز برتقال  لتر",,,,,,,,https://images.openfoodfacts.org/images/products/730/038/222/0250/front_en.4.400.jpg,,
dump,7300398000006,"سكويز جوافة ٢٥٠ ملي",,"سكويز جوافة ٢٥٠ ملي",,,,,,,,https://images.openfoodfacts.org/images/products/730/039/800/0006/front_en.4.400.jpg,,
dump,7300398000150,"سكويز صلصة حارة",,"سكويز صلصة حارة",,,,,,,,https://images.openfoodfacts.org/images/products/730/039/800/0150/front_en.4.400.jpg,,
dump,7300398000396,"سكويز ليموناده ٢٥٠ ملي",,"سكويز ليموناده ٢٥٠ ملي",,,,,,,,https://images.openfoodfacts.org/images/products/730/039/800/0396/front_en.4.400.jpg,,
dump,7300398000662,"سكويز برتقال اناناس  لتر",,"سكويز برتقال اناناس  لتر",,,,,,,,https://images.openfoodfacts.org/images/products/730/039/800/0662/front_en.4.400.jpg,,
dump,7300398000709,"سكويز فراولة جوافة  لتر",,"سكويز فراولة جوافة  لتر",,,,,,,,https://images.openfoodfacts.org/images/products/730/039/800/0709/front_en.5.400.jpg,,
dump,7300398000730,"سكويز برتقال ٢٥٠ ملي",,"سكويز برتقال ٢٥٠ ملي",,,,,,,,https://images.openfoodfacts.org/images/products/730/039/800/0730/front_en.5.400.jpg,,
dump,7305582220109,"سكويز ليموناده",,"سكويز ليموناده",,,,,,,,https://images.openfoodfacts.org/images/products/730/558/222/0109/front_en.5.400.jpg,,
dump,7305582220307,"سكويز ليمون فراولة ٢٥٠ ملي",,"سكويز ليمون فراولة ٢٥٠ ملي",,,,,,,,https://images.openfoodfacts.org/images/products/730/558/222/0307/front_en.4.400.jpg,,
dump,7305582220734,"سكويز جوافة",,"سكويز جوافة",,,,,,,,https://images.openfoodfacts.org/images/products/730/558/222/0734/front_en.4.400.jpg,,
dump,7311041032220,"Eldorado Muffins Lemon 12-p 350g",,"Eldorado Muffins Lemon 12-p 350g",,Eldorado,eldorado,,,,,,,
dump,7451106945956,"bruz granola mixed seeds",,"bruz granola mixed seeds",,Bruz,xx:bruz,,,,,https://images.openfoodfacts.org/images/products/745/110/694/5956/front_en.3.400.jpg,,
dump,7451106946014,"Brüz chocolate oats",,"Brüz chocolate oats",,Bruz,xx:bruz,,,,,https://images.openfoodfacts.org/images/products/745/110/694/6014/front_en.9.400.jpg,,
dump,7551399030008,"Moko huzelnut",,"Moko huzelnut",,,,,,,,https://images.openfoodfacts.org/images/products/755/139/903/0008/front_en.3.400.jpg,,
dump,7613031370641,"Lion cereal with caramel and chocolate",,"Lion cereal with caramel and chocolate",,Nestlé,xx:nestle,"400 g",400,,en:plant-based-foods-and-beverages|en:plant-based-foods|en:breakfasts|en:cereals-and-potatoes|en:cereals-and-their-products|en:breakfast-cereals|en:chocolate-cereals|en:extruded-cereals|en:breakfast-cereals-rich-in-fibre|en:cereals-with-caramel,https://images.openfoodfacts.org/images/products/761/303/137/0641/front_en.69.400.jpg,,
dump,7613034759344,"NAN optipro 2",,"NAN optipro 2",,Nestlé,nestle,,,,,https://images.openfoodfacts.org/images/products/761/303/475/9344/front_fr.3.400.jpg,,
dump,7613035250888,Nan,,Nan,,Nestlé,nestle,,,,,https://images.openfoodfacts.org/images/products/761/303/525/0888/front_fr.3.400.jpg,,
dump,7613035728257,"S-26 Promil Gold 2",,"S-26 Promil Gold 2",,,,"800 g",800,,,https://images.openfoodfacts.org/images/products/761/303/572/8257/front_fr.3.400.jpg,,
dump,7613036322751,"Bonka Café del trópico",,"Bonka Café del trópico",,Nestlé,nestle,"250 g",250,,es:cafe-molido-de-tueste-natural,https://images.openfoodfacts.org/images/products/761/303/632/2751/front_es.13.400.jpg,,
dump,7613287910776,"Lion Peanut",,"Lion Peanut",,"Nestlé, Lion",xx:nestle|xx:lion,41g,41,,en:snacks|en:sweet-snacks|en:biscuits-and-cakes|en:cocoa-and-its-products|en:confectioneries|en:chocolate-candies|en:bars|en:coated-chocolate-bar-without-biscuit,https://images.openfoodfacts.org/images/products/761/328/791/0776/front_en.18.400.jpg,,
dump,76162978,"موسي خوخ",,"موسي خوخ",,,,,,,,https://images.openfoodfacts.org/images/products/000/007/616/2978/front_en.4.400.jpg,,
dump,7622201118617,"Trident strawberry",,"Trident strawberry",,Trident,xx:trident,"8 g",8,,en:snacks|en:sweet-snacks|en:confectioneries|en:chewing-gum|en:sugar-free-chewing-gum,https://images.openfoodfacts.org/images/products/762/220/111/8617/front_en.17.400.jpg,,
dump,7622201437657,"بسكويت بالكاكاو مع حشوه بطعم الفانيليا",,"بسكويت بالكاكاو مع حشوه بطعم الفانيليا",,borio,xx:borio,"36 غرام",0,,en:snacks|en:sweet-snacks|en:biscuits-and-cakes|en:biscuits,https://images.openfoodfacts.org/images/products/762/220/143/7657/front_en.6.400.jpg,,
dump,7622201444310,"Clorets gum original mint flavour",,"Clorets gum original mint flavour",,Clorets,xx:clorets,"182 g",182,,,,,
dump,7622201508265,"Cadbury dairy milk",,"Cadbury dairy milk",,Cadbury,cadbury,,,,,https://images.openfoodfacts.org/images/products/762/220/150/8265/front_fr.3.400.jpg,,
dump,7622201508524,"Dairy milk original",,"Dairy milk original",,Cadbury,xx:cadbury,35g,35,,en:dairies|en:snacks|en:sweet-snacks|en:cocoa-and-its-products|en:milks-liquid-and-powder|en:milks|en:chocolates,https://images.openfoodfacts.org/images/products/762/220/150/8524/front_en.4.400.jpg,,
dump,7622201510671,"Dairy mulk oreo",,"Dairy mulk oreo",,Cadbury,xx:cadbury,35g,35,,,https://images.openfoodfacts.org/images/products/762/220/151/0671/front_en.4.400.jpg,,
dump,7622201519544,"100% ALPINE MILK Milka SUSTAINABLY SOURCED COCOA 4",,"100% ALPINE MILK Milka SUSTAINABLY SOURCED COCOA 4",,Milka,xx:milka,,,,en:snacks|en:sweet-snacks|en:cocoa-and-its-products|en:chocolates|en:milk-chocolates,https://images.openfoodfacts.org/images/products/762/220/151/9544/front_en.10.400.jpg,,
dump,7622201695248,"Halls menthol flavor",,"Halls menthol flavor",,Halls,xx:halls,,,,,https://images.openfoodfacts.org/images/products/762/220/169/5248/front_en.3.400.jpg,,
dump,7622201695286,"Halls lime",,"Halls lime",,,,,,,,https://images.openfoodfacts.org/images/products/762/220/169/5286/front_en.3.400.jpg,,
dump,7622201698942,Oreo,,Oreo,,Oreo,oreo,,,,en:snacks|en:sweet-snacks|en:biscuits-and-cakes|en:biscuits|en:filled-biscuits|en:chocolate-sandwich-cookies,https://images.openfoodfacts.org/images/products/762/220/169/8942/front_fr.3.400.jpg,,
dump,7622201707118,"Oreo Original Tray 358.8 g",,"Oreo Original Tray 358.8 g",,Oreo,xx:oreo,,,,,https://images.openfoodfacts.org/images/products/762/220/170/7118/front_en.5.400.jpg,,
dump,7622201719753,Moro,,Moro,,Cadbury,cadbury,,,,,https://images.openfoodfacts.org/images/products/762/220/171/9753/front_en.5.400.jpg,,
dump,7622201721695,"Oreo Goal",,"Oreo Goal",,"Oreo,",oreo,"55.2 g",55.2,,en:snacks|en:sweet-snacks|en:biscuits-and-cakes|en:biscuits|en:filled-biscuits|en:biscuit-cookie-snack-w-chocolate-filling,https://images.openfoodfacts.org/images/products/762/220/172/1695/front_en.18.400.jpg,,
dump,7622201721923,اوريو,,اوريو,,,,1,,,,,,
dump,7622201750480,6000679,,6000679,,Mondelez,xx:mondelez,256g,256,,en:snacks|en:sweet-snacks|en:cocoa-and-its-products|en:confectioneries|en:chocolates,https://images.openfoodfacts.org/images/products/762/220/175/0480/front_en.3.400.jpg,,
dump,7622201772161,تشكلس,,تشكلس,,Chiclets,chiclets,2,,,en:snacks|en:sweet-snacks|en:confectioneries|en:chewing-gum,https://images.openfoodfacts.org/images/products/762/220/177/2161/front_de.9.400.jpg,,
dump,7622202205101,"Dairy milk hozel nut",,"Dairy milk hozel nut",,,,,,,,https://images.openfoodfacts.org/images/products/762/220/220/5101/front_en.3.400.jpg,,
dump,7622202206757,"Classic Dairy Milk",,"Classic Dairy Milk",,Cadbury,xx:cadbury,,,,,https://images.openfoodfacts.org/images/products/762/220/220/6757/front_en.4.400.jpg,,
dump,7622202209918,Eclaris,,Eclaris,,Cadbury,xx:cadbury,,,,,https://images.openfoodfacts.org/images/products/762/220/220/9918/front_en.7.400.jpg,,
dump,7622202213205,,,,,,,,,,,https://images.openfoodfacts.org/images/products/762/220/221/3205/front_en.3.400.jpg,,
dump,7622202221675,,,,,,,,,,en:snacks|en:sweet-snacks|en:cocoa-and-its-products|en:chocolates|de:milchschokolade,https://images.openfoodfacts.org/images/products/762/220/222/1675/front_en.3.400.jpg,,
dump,7622202221743,,,,,,,,,,,https://images.openfoodfacts.org/images/products/762/220/222/1743/front_en.3.400.jpg,,
dump,7622202221835,"ديري ميلك بالبندق",,"ديري ميلك بالبندق",,,,,,,,https://images.openfoodfacts.org/images/products/762/220/222/1835/front_en.3.400.jpg,,
dump,7622202228360,"Dairy milk classic",,"Dairy milk classic",,,,,,,,https://images.openfoodfacts.org/images/products/762/220/222/8360/front_en.3.400.jpg,,
dump,7622202229619,"Dairy milk hazelnut",,"Dairy milk hazelnut",,,,,,,,https://images.openfoodfacts.org/images/products/762/220/222/9619/front_en.3.400.jpg,,
dump,7622202282775,oreo,,oreo,,,,,,,,https://images.openfoodfacts.org/images/products/762/220/228/2775/front_en.4.400.jpg,,
dump,7622202284458,,,,,,,,,,,https://images.openfoodfacts.org/images/products/762/220/228/4458/front_en.3.400.jpg,,
dump,7622202285691,,,,,,,,,,,https://images.openfoodfacts.org/images/products/762/220/228/5691/front_en.3.400.jpg,,
dump,7622202294242,"DairyMilk cream&Delight",,"DairyMilk cream&Delight",,,,,,,,https://images.openfoodfacts.org/images/products/762/220/229/4242/front_en.3.400.jpg,,
dump,7622202294563,,,,,,,,,,,https://images.openfoodfacts.org/images/products/762/220/229/4563/front_en.3.400.jpg,,
dump,7622202296529,"Dairy milk Oreo",,"Dairy milk Oreo",,,,,,,,https://images.openfoodfacts.org/images/products/762/220/229/6529/front_en.3.400.jpg,,
dump,7622202297540,"Dairy Milk bubbly",,"Dairy Milk bubbly",,,,,,,,https://images.openfoodfacts.org/images/products/762/220/229/7540/front_en.3.400.jpg,,
dump,7622202304774,"Dairy milk bubbly",,"Dairy milk bubbly",,,,,,,,,,
dump,7622202305832,,,,,,,,,,,https://images.openfoodfacts.org/images/products/762/220/230/5832/front_en.3.400.jpg,,
dump,7622202305979,اوريو,,اوريو,,,,,,,,https://images.openfoodfacts.org/images/products/762/220/230/5979/front_en.4.400.jpg,,
dump,7622202310492,"Oreo chocolate cream",,"Oreo chocolate cream",,,,,,,,https://images.openfoodfacts.org/images/products/762/220/231/0492/front_en.3.400.jpg,,
dump,7622202310638,"Oreo Chocolate Flavoured Creme",,"Oreo Chocolate Flavoured Creme",,Oreo,xx:oreo,,,,,,,
dump,7622202325397,"chocolate And Hazelnut FLAVOURED CREME",,"chocolate And Hazelnut FLAVOURED CREME",,oreo,xx:oreo,,,,,https://images.openfoodfacts.org/images/products/762/220/232/5397/front_en.3.400.jpg,,
dump,7622202337017,,,,,,,,,,,https://images.openfoodfacts.org/images/products/762/220/233/7017/front_en.3.400.jpg,,
dump,7622202340659,"Borio Egypt 8+2 Offer",,"Borio Egypt 8+2 Offer",,Borio,xx:borio,,,,,https://images.openfoodfacts.org/images/products/762/220/234/0659/front_en.3.400.jpg,,
dump,7622202350092,Mandolin,,Mandolin,,Wafee,xx:wafee,,,,,https://images.openfoodfacts.org/images/products/762/220/235/0092/front_en.3.400.jpg,,
dump,7622202368233,"Dairy Milk muty cream",,"Dairy Milk muty cream",,,,,,,,https://images.openfoodfacts.org/images/products/762/220/236/8233/front_en.3.400.jpg,,
dump,7622202369308,"Dairy Milk sticky Toffee",,"Dairy Milk sticky Toffee",,,,,,,,https://images.openfoodfacts.org/images/products/762/220/236/9308/front_en.3.400.jpg,,
dump,7622202371301,"Dairy milk pistachio crunch",,"Dairy milk pistachio crunch",,,,,,,,,,
dump,7622202376658,,,,,,,,,,,https://images.openfoodfacts.org/images/products/762/220/237/6658/front_en.3.400.jpg,,
dump,7622202382246,"King Size Mandolin",,"King Size Mandolin",,Cadbury,xx:cadbury,,,,,,,
dump,7622202831621,"Oreo 6 psc",,"Oreo 6 psc",,,,,,,,https://images.openfoodfacts.org/images/products/762/220/283/1621/front_en.3.400.jpg,,
dump,7622210625038,"dairy milk oreo",,"dairy milk oreo",,Cadbury,xx:cadbury,,,,,https://images.openfoodfacts.org/images/products/762/221/062/5038/front_fr.5.400.jpg,,
dump,7622210712950,"Cadbury plain 38gm",,"Cadbury plain 38gm",,Cadbury,cadbury,,,,,,,
dump,7622210757050,Mandolin,,Mandolin,,Cadbury,xx:cadbury,,,,,https://images.openfoodfacts.org/images/products/762/221/075/7050/front_en.7.400.jpg,,
dump,7622210796844,,,,,kent,xx:kent,,,,en:snacks|en:sweet-snacks|en:confectioneries|en:candies,https://images.openfoodfacts.org/images/products/762/221/079/6844/front_en.9.400.jpg,,
dump,7622210892652,"Dairy milk",,"Dairy milk",,Cadbury,cadbury,,,,,https://images.openfoodfacts.org/images/products/762/221/089/2652/front_en.4.400.jpg,,
dump,7622210953001,"مثلما اوريو",,"مثلما اوريو",,,,,,,,https://images.openfoodfacts.org/images/products/762/221/095/3001/front_en.3.400.jpg,,
dump,7630030322990,"Volutto decaff",,"Volutto decaff",,,,,,,,https://images.openfoodfacts.org/images/products/763/003/032/2990/front_en.4.400.jpg,,
dump,7630047677762,Vinezia,,Vinezia,,,,,,,,,,
dump,7630054475504,"Ispirazione Ristretto Decaff",,"Ispirazione Ristretto Decaff",,,,,,,,,,
dump,7630054476242,"Ispirazione firenze arpeggio decaff",,"Ispirazione firenze arpeggio decaff",,,,,,,,,,
dump,7630054494178,Shanghai,,Shanghai,,,,,,,,,,
dump,7630054494338,Stockholm,,Stockholm,,,,,,,,,,
dump,7630054494666,"Vienna linizio",,"Vienna linizio",,,,,,,,,,
dump,7630311541980,Caramel,,Caramel,,,,,,,,,,
dump,7630311542208,Chiaro,,Chiaro,,,,,,,,,,
dump,7630311542376,Vanilla,,Vanilla,,,,,,,,,,
dump,7630311542499,Scuro,,Scuro,,,,,,,,,,
dump,7630311542819,Corto,,Corto,,,,,,,,,,
dump,7630311549658,Nicaragua,,Nicaragua,,,,,,,,,,
dump,7630311549894,India,,India,,,,,,,,,,
dump,7630311550135,Indonesia,,Indonesia,,,,,,,,,,
dump,7630311550371,Colombia,,Colombia,,,,,,,,,,
dump,7630311558773,"Peru Organic",,"Peru Organic",,,,,,,,,,
dump,7630311594313,"Cocoa truffle",,"Cocoa truffle",,,,,,,,,,
dump,7630428710149,Istanbul,,Istanbul,,,,,,,,,,
dump,7630428710361,"Aged sumatra",,"Aged sumatra",,,,,,,,,,
dump,7630428710408,"Rio De Janeiro",,"Rio De Janeiro",,,,,,,,,,
dump,7630428710446,Paris,,Paris,,,,,,,,,,
dump,7630428717810,"Fredo delicato",,"Fredo delicato",,,,,,,,,,
dump,7630428718152,Scuro,,Scuro,,,,,,,,,,
dump,7630428719050,Kazaar,,Kazaar,,,,,,,,,,
dump,7630428720360,"Freddo Intenso",,"Freddo Intenso",,,,,,,,,,
dump,7630428720407,"Fredo Intenso",,"Fredo Intenso",,,,,,,,,,
dump,7630428720964,Venezia,,Venezia,,,,,,,,,,
dump,7630428721183,"Conconut over ice",,"Conconut over ice",,,,,,,,,,
dump,7630428721480,Tokyo,,Tokyo,,,,,,,,,,
dump,7630428732585,Cioccolatino,,Cioccolatino,,,,,,,,,,
dump,7630428781712,"Infiniment Fruite",,"Infiniment Fruite",,,,,,,,,,
dump,7630477801850,"Buenos aires lungo",,"Buenos aires lungo",,,,,,,,,,
dump,7690109101284,"Bebto pink white",,"Bebto pink white",,,,,,,,https://images.openfoodfacts.org/images/products/769/010/910/1284/front_en.5.400.jpg,,
dump,7798146600026,"Dulce de Leche Tipo Arsenal",,"Dulce de Leche Tipo Arsenal",,,,,,,,https://images.openfoodfacts.org/images/products/779/814/660/0026/front_fr.3.400.jpg,,
dump,7891118010769,flics,,flics,,arcor,xx:arcor,17g,17,,en:sweeteners|en:sugars|pt:aromatizantes|pt:corante-dioxido-de-titanio-e171-ins-171-e-glaceante-cera-de-carnauba|pt:emulsificante-lecitina-de-soja|pt:goma-base|pt:maltodextrina|pt:umectante-glicerina|pt:xarope-de-glicose,https://images.openfoodfacts.org/images/products/789/111/801/0769/front_pt.4.400.jpg,,"magazine luiza"
dump,7891515605629,"Breaded Chicken Burger",,"Breaded Chicken Burger",,Sadia,xx:sadia,,,,,https://images.openfoodfacts.org/images/products/789/151/560/5629/front_en.4.400.jpg,,
dump,7994543102334,"هلو باندا ميلك",,"هلو باندا ميلك",,,,"42 g",42,,,https://images.openfoodfacts.org/images/products/799/454/310/2334/front_en.3.400.jpg,,
dump,8000070051423,"Lavazza Espresso Arabica",,"Lavazza Espresso Arabica",,Lavazza,lavazza,"1 kg",1000,,,https://images.openfoodfacts.org/images/products/800/007/005/1423/front_en.3.400.jpg,,
dump,8000380210442,,,,,,,,,,,https://images.openfoodfacts.org/images/products/800/038/021/0442/front_en.3.400.jpg,,
dump,8001090466761,,,,,,,,,,,https://images.openfoodfacts.org/images/products/800/109/046/6761/front_en.3.400.jpg,,
dump,8002200141806,"kimbo capsules",,"kimbo capsules",,Kimbo,xx:kimbo,,,,en:plant-based-foods-and-beverages|en:plant-based-foods|en:coffees,https://images.openfoodfacts.org/images/products/800/220/014/1806/front_en.3.400.jpg,,
dump,8002330013493,"formaggio a pasta filato",,"formaggio a pasta filato",,"smart,",xx:smart,540,0,,en:dairies|en:fermented-foods|en:fermented-milk-products|en:cheeses,,,
dump,8003407131294,"Apple Vinger",,"Apple Vinger",,,,"500 ml",500,,,https://images.openfoodfacts.org/images/products/800/340/713/1294/front_en.5.400.jpg,,
dump,8003407141293,"Red grape Vinegar",,"Red grape Vinegar",,,,"500 ml",500,,,https://images.openfoodfacts.org/images/products/800/340/714/1293/front_en.5.400.jpg,,
dump,8003407151292,"White grape Vineger",,"White grape Vineger",,,,"500 ml",500,,,https://images.openfoodfacts.org/images/products/800/340/715/1292/front_en.3.400.jpg,,
dump,8003407161291,"Balsamic Vinegar Of Modena",,"Balsamic Vinegar Of Modena",,,,"500 ml",500,,,https://images.openfoodfacts.org/images/products/800/340/716/1291/front_en.3.400.jpg,,
dump,8005510001600,"Monini oil",,"Monini oil",,,,2l,2000,,,https://images.openfoodfacts.org/images/products/800/551/000/1600/front_en.3.400.jpg,,
dump,8005510007336,,,,,,,,,,,https://images.openfoodfacts.org/images/products/800/551/000/7336/front_en.3.400.jpg,,
dump,8005510007763,"Coratina olive oil",,"Coratina olive oil",,,,"500 gm",500,,,https://images.openfoodfacts.org/images/products/800/551/000/7763/front_en.3.400.jpg,,
dump,8005510077636,"Coratina bio oil",,"Coratina bio oil",,,,"500 ml",500,,,https://images.openfoodfacts.org/images/products/800/551/007/7636/front_en.3.400.jpg,,
dump,8006530010344,,,,,,,,,,,https://images.openfoodfacts.org/images/products/800/653/001/0344/front_ar.4.400.jpg,,
dump,8007290451484,"Whole Peeled Tomatoes",,"Whole Peeled Tomatoes",,Granoro,granoro,,,,,,,
dump,8007497004087,"Truffle oil",,"Truffle oil",,,,,,,,https://images.openfoodfacts.org/images/products/800/749/700/4087/front_en.6.400.jpg,,
dump,8008714008147,"Ami Paprika Crunchy!",,"Ami Paprika Crunchy!",,"Amica Chips",xx:amica-chips,,,,,,,
dump,8008825015041,"Sugo con basilico",,"Sugo con basilico",,Rodolfi,rodolfi,,,,en:plant-based-foods-and-beverages|en:plant-based-foods|en:fruits-and-vegetables-based-foods|en:condiments|en:vegetables-based-foods|en:sauces|en:tomatoes-and-their-products|en:groceries,https://images.openfoodfacts.org/images/products/800/882/501/5041/front_fr.3.400.jpg,,
dump,8008912014155,"Liguori pastificio",,"Liguori pastificio",,Liguori,liguori,"500 gm",500,,en:plant-based-foods-and-beverages|en:plant-based-foods|en:pastas|en:dry-pastas,https://images.openfoodfacts.org/images/products/800/891/201/4155/front_en.3.400.jpg,,
dump,8012708020961,Stab,,Stab,,,,"450 g",450,,,https://images.openfoodfacts.org/images/products/801/270/802/0961/front_en.3.400.jpg,,
dump,8021274070102,"Stagioni pizza Napoli flour",,"Stagioni pizza Napoli flour",,"Le 5 Stagioni, Agugiaro&Figna",le-5-stagioni|agugiaro-figna,"10 kg",10000,,en:plant-based-foods-and-beverages|en:plant-based-foods|en:flours,https://images.openfoodfacts.org/images/products/802/127/407/0102/front_en.3.400.jpg,,
dump,8026530702117,Arabian,,Arabian,,Gourmet,gourmet,,,,,https://images.openfoodfacts.org/images/products/802/653/070/2117/front_en.3.400.jpg,,
dump,8028868001306,"Peeled Tomatoes",,"Peeled Tomatoes",,"Castello Di Battipaglia",xx:castello-di-battipaglia,,,,,,,
dump,8033661802524,HYALO4,,HYALO4,,,,,,,,https://images.openfoodfacts.org/images/products/803/366/180/2524/front_en.6.400.jpg,,
dump,8056249561019,"BOB TEA SAKURA PEACH",,"BOB TEA SAKURA PEACH",,,,,,,,https://images.openfoodfacts.org/images/products/805/624/956/1019/front_en.3.400.jpg,,
dump,8077147570422,"Pineapple Malt vitamin",,"Pineapple Malt vitamin",,,,,,,,https://images.openfoodfacts.org/images/products/807/714/757/0422/front_en.3.400.jpg,,
dump,80777410,"Big babol adet",,"Big babol adet",,,,,,,,https://images.openfoodfacts.org/images/products/000/008/077/7410/front_en.3.400.jpg,,
dump,80914662,"Big babol str",,"Big babol str",,,,,,,,https://images.openfoodfacts.org/images/products/000/008/091/4662/front_en.3.400.jpg,,
dump,80930341,Loacker,,Loacker,,Loacker,xx:loacker,,,,en:snacks|en:sweet-snacks|en:biscuits-and-cakes|en:biscuits-and-crackers|en:biscuits|en:wafers|en:chocolate-biscuits|en:stuffed-wafers|en:chocolate-stuffed-wafers,https://images.openfoodfacts.org/images/products/000/008/093/0341/front_en.13.400.jpg,,
dump,80936237,"Loacker classic",,"Loacker classic",,Loacker,loacker,,,,,https://images.openfoodfacts.org/images/products/000/008/093/6237/front_en.4.400.jpg,,
dump,80965435,"Loacker classic cremkakao",,"Loacker classic cremkakao",,Loacker,xx:loacker,,,,,https://images.openfoodfacts.org/images/products/000/008/096/5435/front_en.4.400.jpg,,
dump,80969129,"Mentos 60 g",,"Mentos 60 g",,,,,,,,,,
dump,8225072505242,"ملح لمون",,"ملح لمون",,,,,,,,https://images.openfoodfacts.org/images/products/822/507/250/5242/front_en.3.400.jpg,,
dump,8287123142011,,,,,,,,,,,https://images.openfoodfacts.org/images/products/828/712/314/2011/front_en.3.400.jpg,,
dump,8306771895954,Daim,,Daim,,Daim,daim,,,,,https://images.openfoodfacts.org/images/products/830/677/189/5954/front_en.5.400.jpg,,
dump,8402001032592,"Cacao en polvo",,"Cacao en polvo",,Hacendado,xx:hacendado,1000g,1000,,en:beverages-and-beverages-preparations|en:cocoa-and-its-products|en:beverage-preparations|en:cocoa-and-chocolate-powders|en:instant-beverages|en:cocoa-powders|ar:ب,https://images.openfoodfacts.org/images/products/840/200/103/2592/front_es.6.400.jpg,,
dump,8410175065414,"Hero Baby biscuits 6+",,"Hero Baby biscuits 6+",,"Hero, Hero baby",xx:hero|xx:hero-baby,,,,en:snacks|en:sweet-snacks|en:biscuits-and-cakes|en:biscuits-and-crackers|en:biscuits,https://images.openfoodfacts.org/images/products/841/017/506/5414/front_fr.3.400.jpg,,
dump,8410379958109,"Hero baby nutradefence",,"Hero baby nutradefence",,,,,,,,https://images.openfoodfacts.org/images/products/841/037/995/8109/front_en.5.400.jpg,,
dump,8410525259913,,,,,,,,,,,https://images.openfoodfacts.org/images/products/841/052/525/9913/front_en.3.400.jpg,,
dump,8410525271939,"Fini lucioles",,"Fini lucioles",,,,,,,,https://images.openfoodfacts.org/images/products/841/052/527/1939/front_en.3.400.jpg,,
dump,8413052130038,Mashroom,,Mashroom,,A.M.R,xx:a-m-r,"800 gm",800,,,https://images.openfoodfacts.org/images/products/841/305/213/0038/front_en.3.400.jpg,,
dump,84196712,"لولي بوب صفاره فروله",,"لولي بوب صفاره فروله",,,,,,,,https://images.openfoodfacts.org/images/products/000/008/419/6712/front_en.3.400.jpg,,
dump,8595139790301,,,,,,,,,,,https://images.openfoodfacts.org/images/products/859/513/979/0301/front_ar.3.400.jpg,,
dump,8595229919285,"Nuts & Protein  coconut and almonds",,"Nuts & Protein  coconut and almonds",,Emco,xx:emco,"35 g",35,,,https://images.openfoodfacts.org/images/products/859/522/991/9285/front_fr.3.400.jpg,,Coles
dump,8680075441049,,,,,,,,,,,https://images.openfoodfacts.org/images/products/868/007/544/1049/front_ar.3.400.jpg,,
dump,8680202110244,Levure,,Levure,,,,,,,en:food-additives|en:yeast,https://images.openfoodfacts.org/images/products/868/020/211/0244/front_fr.3.400.jpg,,
dump,8681080411256,,,,,,,,,,,https://images.openfoodfacts.org/images/products/868/108/041/1256/front_en.3.400.jpg,,
dump,8681153935009,,,,,,,,,,en:beverages-and-beverages-preparations|en:beverages|en:carbonated-drinks|en:sodas,https://images.openfoodfacts.org/images/products/868/115/393/5009/front_ar.6.400.jpg,,
dump,8681451519512,"توي بوكس جيلي",,"توي بوكس جيلي",,,,,,,,https://images.openfoodfacts.org/images/products/868/145/151/9512/front_en.3.400.jpg,,
dump,8681990324325,espresso-lab,,espresso-lab,,,,,,,,https://images.openfoodfacts.org/images/products/868/199/032/4325/front_en.3.400.jpg,,
dump,8683522295820,ممبم,,ممبم,,تتبتبن,تتبتبن,قخهقهق,,,,,,
dump,8684952044262,Vocco,,Vocco,,,,,,,,,,
dump,8690146071686,"Bebto sour blast",,"Bebto sour blast",,Bebeto,xx:bebeto,,,,,https://images.openfoodfacts.org/images/products/869/014/607/1686/front_en.4.400.jpg,,
dump,8690146108535,"Bebto sour sticks",,"Bebto sour sticks",,Bebeto,bebeto,,,,,https://images.openfoodfacts.org/images/products/869/014/610/8535/front_en.4.400.jpg,,
dump,8690146127079,"Bebto cloa mallow",,"Bebto cloa mallow",,Bebeto,bebeto,,,,,https://images.openfoodfacts.org/images/products/869/014/612/7079/front_en.4.400.jpg,,
dump,8690146131069,"Bebto ice cream",,"Bebto ice cream",,Bebeto,bebeto,,,,,https://images.openfoodfacts.org/images/products/869/014/613/1069/front_en.4.400.jpg,,
dump,8690146132578,"Bebto sour sticks",,"Bebto sour sticks",,Bebeto,bebeto,,,,,https://images.openfoodfacts.org/images/products/869/014/613/2578/front_en.4.400.jpg,,
dump,8690146680253,"Bebto sour sticks",,"Bebto sour sticks",,Bebeto,bebeto,,,,,https://images.openfoodfacts.org/images/products/869/014/668/0253/front_en.4.400.jpg,,
dump,8690481017011,,,,,,,,,,,https://images.openfoodfacts.org/images/products/869/048/101/7011/front_ar.9.400.jpg,,
dump,8690504550792,,,,,,,,,,,https://images.openfoodfacts.org/images/products/869/050/455/0792/front_en.3.400.jpg,,
dump,8690504551263,"Chicken casserole",,"Chicken casserole",,"Hero baby",hero-baby,,,,,https://images.openfoodfacts.org/images/products/869/050/455/1263/front_fr.3.400.jpg,,
dump,8690504551355,"Hero baby rice & corn",,"Hero baby rice & corn",,"Hero baby",hero-baby,"150 g",150,,,https://images.openfoodfacts.org/images/products/869/050/455/1355/front_fr.3.400.jpg,,
dump,8690504552895,"8 cereals",,"8 cereals",,,,"150 g",150,,,https://images.openfoodfacts.org/images/products/869/050/455/2895/front_fr.3.400.jpg,,
dump,8690504554455,"8 cereals & vegetables",,"8 cereals & vegetables",,,,"150 g",150,,,https://images.openfoodfacts.org/images/products/869/050/455/4455/front_fr.3.400.jpg,,
dump,8690506523619,,,,,,,,,,,https://images.openfoodfacts.org/images/products/869/050/652/3619/front_ar.3.400.jpg,,
dump,8690515118257,"KENT TOFITA",,"KENT TOFITA",,,,,,,,https://images.openfoodfacts.org/images/products/869/051/511/8257/front_en.5.400.jpg,,
dump,8690997017536,"دخلت بلاست بطيخ",,"دخلت بلاست بطيخ",,,,,,,,https://images.openfoodfacts.org/images/products/869/099/701/7536/front_en.3.400.jpg,,
dump,8690997030030,"دملا ساور بلاست اناناس",,"دملا ساور بلاست اناناس",,,,,,,,https://images.openfoodfacts.org/images/products/869/099/703/0030/front_en.3.400.jpg,,
dump,8691216013643,Haribo,,Haribo,,Haribo,haribo,,,,,https://images.openfoodfacts.org/images/products/869/121/601/3643/front_fr.3.400.jpg,,
dump,8691216094239,"Haribo Happy Cola",,"Haribo Happy Cola",,Haribo,haribo,,,,,https://images.openfoodfacts.org/images/products/869/121/609/4239/front_fr.3.400.jpg,,
dump,8691216095496,"Harbio happy cola: fizz",,"Harbio happy cola: fizz",,Haribo,xx:haribo,,,,en:snacks|en:sweet-snacks|en:confectioneries|en:candies|en:gummi-candies,https://images.openfoodfacts.org/images/products/869/121/609/5496/front_fr.3.400.jpg,,
dump,8691216098299,"Haribo Chamallows Party",,"Haribo Chamallows Party",,Haribo,xx:haribo,,,,,https://images.openfoodfacts.org/images/products/869/121/609/8299/front_fr.3.400.jpg,,
dump,8691216099296,"Haribo happy cola",,"Haribo happy cola",,Haribo,haribo,,,,,https://images.openfoodfacts.org/images/products/869/121/609/9296/front_en.4.400.jpg,,
dump,8691216099326,"Haribo solucan",,"Haribo solucan",,Haribo,haribo,,,,,https://images.openfoodfacts.org/images/products/869/121/609/9326/front_en.4.400.jpg,,
dump,8691707060217,بسيت,,بسيت,,,,,,,,,,
dump,8691707090672,Ozmo,,Ozmo,,,,,,,,,,
dump,8691707095127,"Chocolate Coated Waver",,"Chocolate Coated Waver",,"Go Fresh",xx:go-fresh,,,,,,,
dump,8691720020366,,,,,,,,,,,https://images.openfoodfacts.org/images/products/869/172/002/0366/front_en.3.400.jpg,,
dump,8692158093120,,,,,,,,,,,https://images.openfoodfacts.org/images/products/869/215/809/3120/front_ar.3.400.jpg,,
dump,8693323007102,"Nazar Naneli Sakız",,"Nazar Naneli Sakız",,Nazar,nazar,,,,,,,
dump,8694587147436,Pancake,,Pancake,,,,"450 g",450,,,https://images.openfoodfacts.org/images/products/869/458/714/7436/front_fr.3.400.jpg,,
dump,8697439305510,"Mr.bite hazelnut",,"Mr.bite hazelnut",,,,,,,,,,
dump,8697439305541,"Mr.bite milk",,"Mr.bite milk",,,,,,,,,,
dump,8697439306944,"Mr.bite Almond",,"Mr.bite Almond",,,,,,,,,,
dump,8699141132088,,,,,,,,,,,https://images.openfoodfacts.org/images/products/869/914/113/2088/front_en.3.400.jpg,,
dump,8699449032721,Exit,,Exit,,,,,,,,https://images.openfoodfacts.org/images/products/869/944/903/2721/front_en.4.400.jpg,,
dump,8710398527691,,,,,Cheetos,xx:cheetos,,,,,https://images.openfoodfacts.org/images/products/871/039/852/7691/front_en.3.400.jpg,,
dump,8711258027986,"Organic Red Chili Cheese",,"Organic Red Chili Cheese",,"Henri Willig",xx:henri-willig,,,,,,,
dump,8712857981075,"Chupa Chups - Sparkling Strawberry & Cream Soda - 24x 345ml",,"Chupa Chups - Sparkling Strawberry & Cream Soda - 24x 345ml",,"Chupa Chups",xx:chupa-chups,,,,,https://images.openfoodfacts.org/images/products/871/285/798/1075/front_en.3.400.jpg,,
dump,8714800040822,"Flavoured malt drink",,"Flavoured malt drink",,Bavaria,bavaria,,,,,https://images.openfoodfacts.org/images/products/871/480/004/0822/front_fr.3.400.jpg,,
dump,8715700129174,"Sumatra Hot Sauce",,"Sumatra Hot Sauce",,Heinz,xx:heinz,,,,,,,
dump,8717403069528,Wei-proteine,,Wei-proteine,,,,,,,,https://images.openfoodfacts.org/images/products/871/740/306/9528/front_fr.3.400.jpg,,
dump,8718117606894,bebelac,,bebelac,,,,,,,,https://images.openfoodfacts.org/images/products/871/811/760/6894/front_fr.3.400.jpg,,
dump,8720608632916,"نعناع ليبتون 12فتله",,"نعناع ليبتون 12فتله",,,,,,,,,,
dump,8720791232580,,,,,,,,,,,https://images.openfoodfacts.org/images/products/872/079/123/2580/front_ar.6.400.jpg,,
dump,87355581,"Strawberry daiouiri ice",,"Strawberry daiouiri ice",,,,,,,,https://images.openfoodfacts.org/images/products/000/008/735/5581/front_en.4.400.jpg,,
dump,87878787,keto,,keto,,keto,xx:keto,11,,,,,,
dump,8799800004609,,,,,,,,,,,,,
dump,8801043049436,,,,,nongshim,nongshim,"106 g",106,,en:نودلز-كوري,,,
dump,8801045010922,,,,,Ottogi,ottogi,,,,,,,
dump,8809409343082,luxury,,luxury,,medi-peel,xx:medi-peel,,,,,,,
dump,8809950200117,Tobokki,,Tobokki,,"Good Seoul",xx:good-seoul,,,,,https://images.openfoodfacts.org/images/products/880/995/020/0117/front_en.5.400.jpg,,
dump,8809950200599,"توبوكي كاربونار",,"توبوكي كاربونار",,,,,,,,https://images.openfoodfacts.org/images/products/880/995/020/0599/front_en.3.400.jpg,,
dump,8850100222213,,,,,,,"14 oz",396.89332375,,,https://images.openfoodfacts.org/images/products/885/010/022/2213/front_en.3.400.jpg,,
dump,8850297990018,"Bread crumbs",,"Bread crumbs",,,,1kg,1000,,,https://images.openfoodfacts.org/images/products/885/029/799/0018/front_en.3.400.jpg,,
dump,8850297990216,"Tempura flour",,"Tempura flour",,,,1000g,1000,,,https://images.openfoodfacts.org/images/products/885/029/799/0216/front_en.3.400.jpg,,
dump,8850344200213,"Coconut milk",,"Coconut milk",,,,400g,400,,,https://images.openfoodfacts.org/images/products/885/034/420/0213/front_en.3.400.jpg,,
dump,8850632603689,"ساور بانك كولا",,"ساور بانك كولا",,,,,,,,https://images.openfoodfacts.org/images/products/885/063/260/3689/front_en.3.400.jpg,,
dump,8850632607939,Extreme,,Extreme,,,,,,,,https://images.openfoodfacts.org/images/products/885/063/260/7939/front_en.4.400.jpg,,
dump,8850632608974,ExtremeZ,,ExtremeZ,,,,,,,,https://images.openfoodfacts.org/images/products/885/063/260/8974/front_fr.3.400.jpg,,
dump,8850718804573,"Lays stax",,"Lays stax",,Lay's,xx:lay-s,,,,,https://images.openfoodfacts.org/images/products/885/071/880/4573/front_en.3.400.jpg,,
dump,8850789106491,"Mogu pineapple",,"Mogu pineapple",,,,,,,,https://images.openfoodfacts.org/images/products/885/078/910/6491/front_en.3.400.jpg,,
dump,8850866116702,"Plum sauce",,"Plum sauce",,,,345g,345,,,https://images.openfoodfacts.org/images/products/885/086/611/6702/front_en.3.400.jpg,,
dump,8852021011280,"Light Tuna Chunks",,"Light Tuna Chunks",,Fisherman,fisherman,,,,,,,
dump,8854579004165,YakiNori,,YakiNori,,,,140g,140,,,https://images.openfoodfacts.org/images/products/885/457/900/4165/front_en.3.400.jpg,,
dump,8855044048332,"Pineapple Coconut Milk",,"Pineapple Coconut Milk",,Chocoloco,xx:chocoloco,,,,,,,
dump,8855044049711,"Coconut Milk Drink",,"Coconut Milk Drink",,Cocoloco,xx:cocoloco,,,,,,,
dump,8855044052070,"Coconut Milk With Nata De Coco",,"Coconut Milk With Nata De Coco",,Dream,xx:dream,,,,,,,
dump,8857121248994,"coco royal",,"coco royal",,,,,,,,https://images.openfoodfacts.org/images/products/885/712/124/8994/front_en.3.400.jpg,,
dump,8858463000066,"Tuna Chunks In Brine",,"Tuna Chunks In Brine",,Heinz,xx:heinz,,,,,,,
dump,8858741211061,"Jasmine rice",,"Jasmine rice",,,,"1 kg",1000,,,https://images.openfoodfacts.org/images/products/885/874/121/1061/front_en.5.400.jpg,,
dump,8858870307840,"Tempura flour",,"Tempura flour",,,,,,,,https://images.openfoodfacts.org/images/products/885/887/030/7840/front_en.3.400.jpg,,
dump,8869431352544,"سانتوس 40 قطعه نعناع",,"سانتوس 40 قطعه نعناع",,,,,,,,https://images.openfoodfacts.org/images/products/886/943/135/2544/front_en.3.400.jpg,,
dump,8900090240220,"Food coloring",,"Food coloring",,,,,,,,https://images.openfoodfacts.org/images/products/890/009/024/0220/front_fr.3.400.jpg,,
dump,8901111349137,,,,,,,,,,ar:هل-للضغط-او-لا,,,
dump,8901393020564,Tubes,,Tubes,,,,,,,,https://images.openfoodfacts.org/images/products/890/139/302/0564/front_ar.7.400.jpg,,
dump,8901440023067,,,,,,,,,,,https://images.openfoodfacts.org/images/products/890/144/002/3067/front_en.6.400.jpg,,
dump,8901905501161,"مونجيني كيك الذبدة",,"مونجيني كيك الذبدة",,,,,,,,https://images.openfoodfacts.org/images/products/890/190/550/1161/front_en.3.400.jpg,,
dump,8901905501178,"مونجيني كيك برتقال",,"مونجيني كيك برتقال",,,,,,,,https://images.openfoodfacts.org/images/products/890/190/550/1178/front_en.3.400.jpg,,
dump,8901905501185,"مونجيني كيك بالذبدة",,"مونجيني كيك بالذبدة",,,,2,,,,https://images.openfoodfacts.org/images/products/890/190/550/1185/front_en.3.400.jpg,,
dump,8901905501208,"مونجيني كيك شيكولاتة",,"مونجيني كيك شيكولاتة",,,,,,,,https://images.openfoodfacts.org/images/products/890/190/550/1208/front_en.5.400.jpg,,
dump,8901905502151,"Butter pound cake",,"Butter pound cake",,,,,,,,https://images.openfoodfacts.org/images/products/890/190/550/2151/front_fr.3.400.jpg,,
dump,8904033601871,Glory,,Glory,,,,,,,,https://images.openfoodfacts.org/images/products/890/403/360/1871/front_en.3.400.jpg,,
dump,8906001051169,"ماذرز رسيبي( مدراس مسحوق الكاري )",,"ماذرز رسيبي( مدراس مسحوق الكاري )",,,,,,,,https://images.openfoodfacts.org/images/products/890/600/105/1169/front_en.3.400.jpg,,
dump,8908017415157,,,,,,,,,,,,,
dump,8935001713388,"Mentos pure fresh",,"Mentos pure fresh",,Mentos,mentos,,,,,https://images.openfoodfacts.org/images/products/893/500/171/3388/front_en.10.400.jpg,,
dump,8935001713401,"Mentos pure fresh",,"Mentos pure fresh",,Mentos,mentos,,,,,https://images.openfoodfacts.org/images/products/893/500/171/3401/front_en.4.400.jpg,,
dump,8935001723479,"مصاصة شوبا شوبس",,"مصاصة شوبا شوبس",,,,,,,,https://images.openfoodfacts.org/images/products/893/500/172/3479/front_en.4.400.jpg,,
dump,8935330212712,vint,,vint,,,,,,,,,,
dump,8936177709632,"BoBA QuEEN",,"BoBA QuEEN",,,,,,,,https://images.openfoodfacts.org/images/products/893/617/770/9632/front_en.3.400.jpg,,
dump,8938504246049,"Fresh Fillet Fish",,"Fresh Fillet Fish",,Hormuz,xx:hormuz,,,,,,,
dump,8990800020341,"تشوبا بوب فولي فولي",,"تشوبا بوب فولي فولي",,,,,,,,https://images.openfoodfacts.org/images/products/899/080/002/0341/front_en.3.400.jpg,,
dump,8990800022543,"Mentos mint",,"Mentos mint",,,,,,,,https://images.openfoodfacts.org/images/products/899/080/002/2543/front_en.3.400.jpg,,
dump,8990800022550,Mentos,,Mentos,,,,,,,en:snacks|en:sweet-snacks|en:confectioneries,https://images.openfoodfacts.org/images/products/899/080/002/2550/front_en.3.400.jpg,,
dump,8990800022567,"Mentos grapo",,"Mentos grapo",,,,,,,,https://images.openfoodfacts.org/images/products/899/080/002/2567/front_en.3.400.jpg,,
dump,8992741904315,"gummy Big Frank",,"gummy Big Frank",,,,,,,,https://images.openfoodfacts.org/images/products/899/274/190/4315/front_en.10.400.jpg,,
dump,8992741905718,"YUPI GIANT COLA",,"YUPI GIANT COLA",,,,,,,,https://images.openfoodfacts.org/images/products/899/274/190/5718/front_en.4.400.jpg,,
dump,8992741940153,يوبي,,يوبي,,,,,,,,https://images.openfoodfacts.org/images/products/899/274/194/0153/front_en.3.400.jpg,,
dump,8997010321824,"Kikkoman Teriyaki Lada Hitam",,"Kikkoman Teriyaki Lada Hitam",,Kikkoman,xx:kikkoman,300g,300,,,https://images.openfoodfacts.org/images/products/899/701/032/1824/front_en.3.400.jpg,,
dump,9002907007336,"Sliced Pineapple",,"Sliced Pineapple",,A.M.R,a-m-r,"850 gm",850,,,https://images.openfoodfacts.org/images/products/900/290/700/7336/front_en.3.400.jpg,,
dump,9018199801064,"Monster absolutely zero",,"Monster absolutely zero",,,,,,,,https://images.openfoodfacts.org/images/products/901/819/980/1064/front_en.3.400.jpg,,
dump,9023800431011,koores,,koores,,korees,xx:korees,"20 g",20,,,,,
dump,90453281,"Red bull green",,"Red bull green",,"Red Bull",red-bull,,,,,https://images.openfoodfacts.org/images/products/000/009/045/3281/front_en.4.400.jpg,,
dump,90454103,"Red bull apricot",,"Red bull apricot",,"Red Bull",red-bull,250ml,250,,,https://images.openfoodfacts.org/images/products/000/009/045/4103/front_en.4.400.jpg,,
dump,90456190,"Red bull açai berry flavor energy drink",,"Red bull açai berry flavor energy drink",,,,,,,,https://images.openfoodfacts.org/images/products/000/009/045/6190/front_en.3.400.jpg,,
dump,90456206,,,,,,,,,,,https://images.openfoodfacts.org/images/products/000/009/045/6206/front_en.5.400.jpg,,
dump,90474750,"The Spring Edition redbull",,"The Spring Edition redbull",,Redbull,xx:redbull,,,,,https://images.openfoodfacts.org/images/products/000/009/047/4750/front_en.3.400.jpg,,
dump,90486111,"Cherry & Wild Berries Energy Drink",,"Cherry & Wild Berries Energy Drink",,Redbull,xx:redbull,,,,,https://images.openfoodfacts.org/images/products/000/009/048/6111/front_en.7.400.jpg,,
dump,90865275,"Spanish latte",,"Spanish latte",,,,,,,,https://images.openfoodfacts.org/images/products/000/009/086/5275/front_en.3.400.jpg,,
dump,9120031211983,Togarashi,,Togarashi,,,,300g,300,,,https://images.openfoodfacts.org/images/products/912/003/121/1983/front_en.3.400.jpg,,
dump,9197186804803,,,,,,,,,,,https://images.openfoodfacts.org/images/products/919/718/680/4803/front_ar.3.400.jpg,,
dump,9222445235309,"Protein Puffs Sweet Heat",,"Protein Puffs Sweet Heat",,Balance,balance,,,,,,,
dump,9222445238294,"Sour And Cream Chips",,"Sour And Cream Chips",,"Big Chips",xx:big-chips,,,,,,,
dump,9222445238348,,,,,,,,,,,https://images.openfoodfacts.org/images/products/922/244/523/8348/front_en.3.400.jpg,,
dump,9224461167428,,,,,,,,,,,https://images.openfoodfacts.org/images/products/922/446/116/7428/front_en.3.400.jpg,,
dump,9224470709930,"حليب كامل الدسم",,"حليب كامل الدسم",,"Obour land,عبور لاند",xx:obour-land|xx:عبور-لاند,,,,en:dairies|en:milks-liquid-and-powder|en:milks|en:whole-milks,https://images.openfoodfacts.org/images/products/922/447/070/9930/front_en.3.400.jpg,,
dump,9294406539054,"كيت كات مربع كبير",,"كيت كات مربع كبير",,,,,,,,,,
dump,9300698501454,"نوتيلا جالون 3 كجم",,"نوتيلا جالون 3 كجم",,Nutella,xx:nutella,,,,fr:20,https://images.openfoodfacts.org/images/products/930/069/850/1454/front_en.3.400.jpg,,
dump,9310273211838,"Microwave popcorn raw",,"Microwave popcorn raw",,Poppin,poppin,,,,,,,
dump,9432404860118,,,,,,,,,,,https://images.openfoodfacts.org/images/products/943/240/486/0118/front_ar.3.400.jpg,,
dump,9501025261212,,,,,Digestive,xx:digestive,,,,,https://images.openfoodfacts.org/images/products/950/102/526/1212/front_en.3.400.jpg,,
dump,9501100010728,,,,,,,,,,,https://images.openfoodfacts.org/images/products/950/110/001/0728/front_ar.3.400.jpg,,
dump,9501101942431,,,,,,,,,,ar:طعام-دجاج,https://images.openfoodfacts.org/images/products/950/110/194/2431/front_ar.13.400.jpg,,
dump,9556995200020,,,,,,,,,,,https://images.openfoodfacts.org/images/products/955/699/520/0020/front_en.3.400.jpg,,
dump,9556995203564,,,,,"White Castle",xx:white-castle,,,,,https://images.openfoodfacts.org/images/products/955/699/520/3564/front_en.6.400.jpg,,
dump,9556995203601,"Luxury cream wafers",,"Luxury cream wafers",,,,,,,en:snacks|en:sweet-snacks|en:biscuits-and-cakes,https://images.openfoodfacts.org/images/products/955/699/520/3601/front_fr.3.400.jpg,,
dump,9595959595959,95,,95,,95,xx:95,22,,,,,,
dump,9614000221009,"سويت ان",,"سويت ان",,,,,,,,https://images.openfoodfacts.org/images/products/961/400/022/1009/front_en.4.400.jpg,,
dump,9614000405010,"سائغ عسل 340 جم",,"سائغ عسل 340 جم",,,,,,,,,,
dump,9614000405188,"سائغ عسل مكسرات",,"سائغ عسل مكسرات",,,,,,,,,,
dump,9614000405324,"عسل سائع 450 جم",,"عسل سائع 450 جم",,,,,,,,https://images.openfoodfacts.org/images/products/961/400/040/5324/front_en.3.400.jpg,,
dump,9614000462044,"Rice Cake",,"Rice Cake",,المتحدة,xx:المتحدة,,,,,,,
dump,9732359001421,"جلاكسي  كرسبي",,"جلاكسي  كرسبي",,,,,,,,https://images.openfoodfacts.org/images/products/973/235/900/1421/front_en.3.400.jpg,,
dump,9858401208034,"Warheads sour black cherry",,"Warheads sour black cherry",,,,,,,,https://images.openfoodfacts.org/images/products/985/840/120/8034/front_en.3.400.jpg,,
