bim_code,product_category_slug,product_category_name_ar,product_category_name_en,product_category_child_slug,product_category_child_name_ar,product_category_child_name_en,brand_slug,brand_name_ar,brand_name_en,brand_country_code,product_type,name_ar,name_en,short_name_ar,unit_code,unit_name_ar,unit_name_en,unit_type,package_value,package_label_ar,package_label_en,country_code,market_scope,is_verified_egypt,verification_source,search_keywords,approval_status,sort_order
BIM-RT-APPL-001,electronics_tech,إلكترونيات وأجهزة,Electronics & Tech,home_appliances,أجهزة كهربائية,Home Appliances,toshiba,توشيبا العربي,Toshiba El Araby,EG,simple,توشيبا العربي ثلاجة نوفروست ١٦ قدم,Toshiba El Araby No-Frost Refrigerator 16ft,ثلاجة نوفروست,pcs,قطعة,Piece,count,,,,EG,egypt,0,research,ثلاجة نوفروست توشيبا refrigerator,approved,1
BIM-RT-APPL-002,electronics_tech,إلكترونيات وأجهزة,Electronics & Tech,home_appliances,أجهزة كهربائية,Home Appliances,toshiba,توشيبا العربي,Toshiba El Araby,EG,simple,توشيبا العربي ثلاجة نوفروست ١٤ قدم,Toshiba El Araby No-Frost Refrigerator 14ft,ثلاجة نوفروست,pcs,قطعة,Piece,count,,,,EG,egypt,0,research,ثلاجة نوفروست توشيبا refrigerator,approved,2
BIM-RT-APPL-003,electronics_tech,إلكترونيات وأجهزة,Electronics & Tech,home_appliances,أجهزة كهربائية,Home Appliances,toshiba,توشيبا العربي,Toshiba El Araby,EG,simple,توشيبا العربي غسالة أوتوماتيك ٧ كجم,Toshiba El Araby Automatic Washing Machine 7kg,غسالة أوتوماتيك,pcs,قطعة,Piece,count,,,,EG,egypt,0,research,غسالة اوتوماتيك توشيبا washing machine,approved,3
BIM-RT-APPL-004,electronics_tech,إلكترونيات وأجهزة,Electronics & Tech,home_appliances,أجهزة كهربائية,Home Appliances,toshiba,توشيبا العربي,Toshiba El Araby,EG,simple,توشيبا العربي ديب فريزر ٥ درج,Toshiba El Araby Deep Freezer 5 Drawers,ديب فريزر,pcs,قطعة,Piece,count,,,,EG,egypt,0,research,ديب فريزر توشيبا freezer,approved,4
BIM-RT-APPL-005,electronics_tech,إلكترونيات وأجهزة,Electronics & Tech,home_appliances,أجهزة كهربائية,Home Appliances,toshiba,توشيبا العربي,Toshiba El Araby,EG,simple,توشيبا العربي تكييف سبليت ١.٥ حصان,Toshiba El Araby Split Air Conditioner 1.5HP,تكييف سبليت,pcs,قطعة,Piece,count,,,,EG,egypt,0,research,تكييف سبليت توشيبا air conditioner,approved,5
BIM-RT-APPL-006,electronics_tech,إلكترونيات وأجهزة,Electronics & Tech,home_appliances,أجهزة كهربائية,Home Appliances,toshiba,توشيبا العربي,Toshiba El Araby,EG,simple,توشيبا العربي سخان كهرباء ٥٠ لتر,Toshiba El Araby Electric Water Heater 50L,سخان كهرباء,pcs,قطعة,Piece,count,,,,EG,egypt,0,research,سخان كهرباء توشيبا water heater,approved,6
BIM-RT-APPL-007,electronics_tech,إلكترونيات وأجهزة,Electronics & Tech,home_appliances,أجهزة كهربائية,Home Appliances,kiriazi,كريازي,Kiriazi,EG,simple,كريازي ثلاجة نوفروست ١٤ قدم,Kiriazi No-Frost Refrigerator 14ft,ثلاجة نوفروست,pcs,قطعة,Piece,count,,,,EG,egypt,0,research,ثلاجة كريازي refrigerator,approved,7
BIM-RT-APPL-008,electronics_tech,إلكترونيات وأجهزة,Electronics & Tech,home_appliances,أجهزة كهربائية,Home Appliances,kiriazi,كريازي,Kiriazi,EG,simple,كريازي ديب فريزر ٧ درج,Kiriazi Deep Freezer 7 Drawers,ديب فريزر,pcs,قطعة,Piece,count,,,,EG,egypt,0,research,ديب فريزر كريازي freezer,approved,8
BIM-RT-APPL-009,electronics_tech,إلكترونيات وأجهزة,Electronics & Tech,home_appliances,أجهزة كهربائية,Home Appliances,kiriazi,كريازي,Kiriazi,EG,simple,كريازي بوتاجاز ٥ شعلة,Kiriazi Gas Cooker 5 Burners,بوتاجاز,pcs,قطعة,Piece,count,,,,EG,egypt,0,research,بوتاجاز كريازي cooker,approved,9
BIM-RT-APPL-010,electronics_tech,إلكترونيات وأجهزة,Electronics & Tech,home_appliances,أجهزة كهربائية,Home Appliances,kiriazi,كريازي,Kiriazi,EG,simple,كريازي غسالة نصف أوتوماتيك ٩ كجم,Kiriazi Semi-Automatic Washing Machine 9kg,غسالة نصف أوتوماتيك,pcs,قطعة,Piece,count,,,,EG,egypt,0,research,غسالة كريازي washing machine,approved,10
BIM-RT-APPL-011,electronics_tech,إلكترونيات وأجهزة,Electronics & Tech,home_appliances,أجهزة كهربائية,Home Appliances,kiriazi,كريازي,Kiriazi,EG,simple,كريازي سخان غاز ١٠ لتر,Kiriazi Gas Water Heater 10L,سخان غاز,pcs,قطعة,Piece,count,,,,EG,egypt,0,research,سخان غاز كريازي heater,approved,11
BIM-RT-APPL-012,electronics_tech,إلكترونيات وأجهزة,Electronics & Tech,home_appliances,أجهزة كهربائية,Home Appliances,fresh,فريش,Fresh,EG,simple,فريش بوتاجاز ٤ شعلة,Fresh Gas Cooker 4 Burners,بوتاجاز,pcs,قطعة,Piece,count,,,,EG,egypt,0,research,بوتاجاز فريش cooker,approved,12
BIM-RT-APPL-013,electronics_tech,إلكترونيات وأجهزة,Electronics & Tech,home_appliances,أجهزة كهربائية,Home Appliances,fresh,فريش,Fresh,EG,simple,فريش سخان كهرباء ٤٠ لتر,Fresh Electric Water Heater 40L,سخان كهرباء,pcs,قطعة,Piece,count,,,,EG,egypt,0,research,سخان فريش heater,approved,13
BIM-RT-APPL-014,electronics_tech,إلكترونيات وأجهزة,Electronics & Tech,home_appliances,أجهزة كهربائية,Home Appliances,fresh,فريش,Fresh,EG,simple,فريش دفاية كهربائية,Fresh Electric Heater,دفاية,pcs,قطعة,Piece,count,,,,EG,egypt,0,research,دفاية فريش heater,approved,14
BIM-RT-APPL-015,electronics_tech,إلكترونيات وأجهزة,Electronics & Tech,home_appliances,أجهزة كهربائية,Home Appliances,fresh,فريش,Fresh,EG,simple,فريش مروحة عمود,Fresh Stand Fan,مروحة عمود,pcs,قطعة,Piece,count,,,,EG,egypt,0,research,مروحة فريش fan,approved,15
BIM-RT-APPL-016,electronics_tech,إلكترونيات وأجهزة,Electronics & Tech,home_appliances,أجهزة كهربائية,Home Appliances,sharp,شارب,Sharp,JP,simple,شارب ثلاجة نوفروست ١٨ قدم,Sharp No-Frost Refrigerator 18ft,ثلاجة نوفروست,pcs,قطعة,Piece,count,,,,EG,egypt,0,research,ثلاجة شارب refrigerator,approved,16
BIM-RT-APPL-017,electronics_tech,إلكترونيات وأجهزة,Electronics & Tech,home_appliances,أجهزة كهربائية,Home Appliances,sharp,شارب,Sharp,JP,simple,شارب غسالة فول أوتوماتيك ٨ كجم,Sharp Fully Automatic Washing Machine 8kg,غسالة فول أوتوماتيك,pcs,قطعة,Piece,count,,,,EG,egypt,0,research,غسالة شارب washing machine,approved,17
BIM-RT-APPL-018,electronics_tech,إلكترونيات وأجهزة,Electronics & Tech,home_appliances,أجهزة كهربائية,Home Appliances,sharp,شارب,Sharp,JP,simple,شارب ميكروويف ٢٥ لتر,Sharp Microwave Oven 25L,ميكروويف,pcs,قطعة,Piece,count,,,,EG,egypt,0,research,ميكروويف شارب microwave,approved,18
BIM-RT-APPL-019,electronics_tech,إلكترونيات وأجهزة,Electronics & Tech,home_appliances,أجهزة كهربائية,Home Appliances,sharp,شارب,Sharp,JP,simple,شارب تكييف سبليت ٢.٢٥ حصان,Sharp Split Air Conditioner 2.25HP,تكييف سبليت,pcs,قطعة,Piece,count,,,,EG,egypt,0,research,تكييف شارب air conditioner,approved,19
BIM-RT-APPL-020,electronics_tech,إلكترونيات وأجهزة,Electronics & Tech,home_appliances,أجهزة كهربائية,Home Appliances,samsung,سامسونج,Samsung,KR,simple,سامسونج ثلاجة نوفروست ١٧ قدم,Samsung No-Frost Refrigerator 17ft,ثلاجة نوفروست,pcs,قطعة,Piece,count,,,,EG,egypt,0,research,ثلاجة سامسونج refrigerator,approved,20
BIM-RT-APPL-021,electronics_tech,إلكترونيات وأجهزة,Electronics & Tech,home_appliances,أجهزة كهربائية,Home Appliances,samsung,سامسونج,Samsung,KR,simple,سامسونج غسالة فول أوتوماتيك ٩ كجم,Samsung Fully Automatic Washing Machine 9kg,غسالة فول أوتوماتيك,pcs,قطعة,Piece,count,,,,EG,egypt,0,research,غسالة سامسونج washing machine,approved,21
BIM-RT-APPL-022,electronics_tech,إلكترونيات وأجهزة,Electronics & Tech,home_appliances,أجهزة كهربائية,Home Appliances,samsung,سامسونج,Samsung,KR,simple,سامسونج ميكروويف ٢٣ لتر,Samsung Microwave Oven 23L,ميكروويف,pcs,قطعة,Piece,count,,,,EG,egypt,0,research,ميكروويف سامسونج microwave,approved,22
BIM-RT-APPL-023,electronics_tech,إلكترونيات وأجهزة,Electronics & Tech,home_appliances,أجهزة كهربائية,Home Appliances,lg,إل جي,LG,KR,simple,إل جي ثلاجة نوفروست ٢١ قدم,LG No-Frost Refrigerator 21ft,ثلاجة نوفروست,pcs,قطعة,Piece,count,,,,EG,egypt,0,research,ثلاجة ال جي refrigerator,approved,23
BIM-RT-APPL-024,electronics_tech,إلكترونيات وأجهزة,Electronics & Tech,home_appliances,أجهزة كهربائية,Home Appliances,lg,إل جي,LG,KR,simple,إل جي غسالة فول أوتوماتيك ٨ كجم,LG Fully Automatic Washing Machine 8kg,غسالة فول أوتوماتيك,pcs,قطعة,Piece,count,,,,EG,egypt,0,research,غسالة ال جي washing machine,approved,24
BIM-RT-APPL-025,electronics_tech,إلكترونيات وأجهزة,Electronics & Tech,home_appliances,أجهزة كهربائية,Home Appliances,lg,إل جي,LG,KR,simple,إل جي شاشة سمارت ٥٥ بوصة,LG Smart TV 55 inch,شاشة سمارت,pcs,قطعة,Piece,count,,,,EG,egypt,0,research,شاشة ال جي smart tv,approved,25
BIM-RT-APPL-026,electronics_tech,إلكترونيات وأجهزة,Electronics & Tech,home_appliances,أجهزة كهربائية,Home Appliances,zanussi,زانوسي,Zanussi,IT,simple,زانوسي غسالة أوتوماتيك ٧ كجم,Zanussi Automatic Washing Machine 7kg,غسالة أوتوماتيك,pcs,قطعة,Piece,count,,,,EG,egypt,0,research,غسالة زانوسي washing machine,approved,26
BIM-RT-APPL-027,electronics_tech,إلكترونيات وأجهزة,Electronics & Tech,home_appliances,أجهزة كهربائية,Home Appliances,zanussi,زانوسي,Zanussi,IT,simple,زانوسي بوتاجاز ٤ شعلة,Zanussi Gas Cooker 4 Burners,بوتاجاز,pcs,قطعة,Piece,count,,,,EG,egypt,0,research,بوتاجاز زانوسي cooker,approved,27
BIM-RT-APPL-028,electronics_tech,إلكترونيات وأجهزة,Electronics & Tech,home_appliances,أجهزة كهربائية,Home Appliances,white_whale,وايت ويل,White Whale,EG,simple,وايت ويل تكييف سبليت ٣ حصان,White Whale Split Air Conditioner 3HP,تكييف سبليت,pcs,قطعة,Piece,count,,,,EG,egypt,0,research,تكييف وايت ويل air conditioner,approved,28
BIM-RT-APPL-029,electronics_tech,إلكترونيات وأجهزة,Electronics & Tech,home_appliances,أجهزة كهربائية,Home Appliances,white_whale,وايت ويل,White Whale,EG,simple,وايت ويل غسالة أطباق ١٢ فرد,White Whale Dishwasher 12 Place Settings,غسالة أطباق,pcs,قطعة,Piece,count,,,,EG,egypt,0,research,غسالة اطباق وايت ويل dishwasher,approved,29
BIM-RT-APPL-030,electronics_tech,إلكترونيات وأجهزة,Electronics & Tech,home_appliances,أجهزة كهربائية,Home Appliances,unionaire,يونيون اير,Unionaire,EG,simple,يونيون اير تكييف سبليت ١.٥ حصان,Unionaire Split Air Conditioner 1.5HP,تكييف سبليت,pcs,قطعة,Piece,count,,,,EG,egypt,0,research,تكييف يونيون اير air conditioner,approved,30
BIM-RT-APPL-031,electronics_tech,إلكترونيات وأجهزة,Electronics & Tech,home_appliances,أجهزة كهربائية,Home Appliances,unionaire,يونيون اير,Unionaire,EG,simple,يونيون اير ثلاجة نوفروست ١٦ قدم,Unionaire No-Frost Refrigerator 16ft,ثلاجة نوفروست,pcs,قطعة,Piece,count,,,,EG,egypt,0,research,ثلاجة يونيون اير refrigerator,approved,31
BIM-RT-APPL-032,electronics_tech,إلكترونيات وأجهزة,Electronics & Tech,home_appliances,أجهزة كهربائية,Home Appliances,tornado,تورنيدو,Tornado,EG,simple,تورنيدو تكييف سبليت ٢.٢٥ حصان,Tornado Split Air Conditioner 2.25HP,تكييف سبليت,pcs,قطعة,Piece,count,,,,EG,egypt,0,research,تكييف تورنيدو air conditioner,approved,32
BIM-RT-APPL-033,electronics_tech,إلكترونيات وأجهزة,Electronics & Tech,home_appliances,أجهزة كهربائية,Home Appliances,tornado,تورنيدو,Tornado,EG,simple,تورنيدو خلاط كهربائي,Tornado Electric Blender,خلاط,pcs,قطعة,Piece,count,,,,EG,egypt,0,research,خلاط تورنيدو blender,approved,33
BIM-RT-APPL-034,electronics_tech,إلكترونيات وأجهزة,Electronics & Tech,home_appliances,أجهزة كهربائية,Home Appliances,tornado,تورنيدو,Tornado,EG,simple,تورنيدو سخان كهرباء ٣٠ لتر,Tornado Electric Water Heater 30L,سخان كهرباء,pcs,قطعة,Piece,count,,,,EG,egypt,0,research,سخان تورنيدو heater,approved,34
BIM-RT-APPL-035,electronics_tech,إلكترونيات وأجهزة,Electronics & Tech,home_appliances,أجهزة كهربائية,Home Appliances,beko,بيكو,Beko,TR,simple,بيكو غسالة فول أوتوماتيك ٧ كجم,Beko Fully Automatic Washing Machine 7kg,غسالة فول أوتوماتيك,pcs,قطعة,Piece,count,,,,EG,egypt,0,research,غسالة بيكو washing machine,approved,35
BIM-RT-APPL-036,electronics_tech,إلكترونيات وأجهزة,Electronics & Tech,home_appliances,أجهزة كهربائية,Home Appliances,beko,بيكو,Beko,TR,simple,بيكو ثلاجة نوفروست ١٥ قدم,Beko No-Frost Refrigerator 15ft,ثلاجة نوفروست,pcs,قطعة,Piece,count,,,,EG,egypt,0,research,ثلاجة بيكو refrigerator,approved,36
BIM-RT-APSP-001,electronics_tech,إلكترونيات وأجهزة,Electronics & Tech,appliance_spare_parts,قطع غيار أجهزة,Appliance Spare Parts,generic,بدون علامة,Generic,EG,simple,كمبروسر ثلاجة ١/٤ حصان,Refrigerator Compressor 1/4HP,كمبروسر ثلاجة,pcs,قطعة,Piece,count,,,,EG,egypt,0,research,كمبروسر ثلاجة compressor,approved,37
BIM-RT-APSP-002,electronics_tech,إلكترونيات وأجهزة,Electronics & Tech,appliance_spare_parts,قطع غيار أجهزة,Appliance Spare Parts,generic,بدون علامة,Generic,EG,simple,ترموستات ثلاجة,Refrigerator Thermostat,ترموستات,pcs,قطعة,Piece,count,,,,EG,egypt,0,research,ترموستات ثلاجة thermostat,approved,38
BIM-RT-APSP-003,electronics_tech,إلكترونيات وأجهزة,Electronics & Tech,appliance_spare_parts,قطع غيار أجهزة,Appliance Spare Parts,generic,بدون علامة,Generic,EG,simple,سير غسالة أوتوماتيك,Washing Machine Belt,سير غسالة,pcs,قطعة,Piece,count,,,,EG,egypt,0,research,سير غسالة belt,approved,39
BIM-RT-APSP-004,electronics_tech,إلكترونيات وأجهزة,Electronics & Tech,appliance_spare_parts,قطع غيار أجهزة,Appliance Spare Parts,generic,بدون علامة,Generic,EG,simple,موتور غسالة أوتوماتيك,Washing Machine Motor,موتور غسالة,pcs,قطعة,Piece,count,,,,EG,egypt,0,research,موتور غسالة motor,approved,40
BIM-RT-APSP-005,electronics_tech,إلكترونيات وأجهزة,Electronics & Tech,appliance_spare_parts,قطع غيار أجهزة,Appliance Spare Parts,generic,بدون علامة,Generic,EG,simple,سخان مياه سخان كهرباء,Water Heater Element,سخان عنصر,pcs,قطعة,Piece,count,,,,EG,egypt,0,research,عنصر تسخين heater element,approved,41
BIM-RT-APSP-006,electronics_tech,إلكترونيات وأجهزة,Electronics & Tech,appliance_spare_parts,قطع غيار أجهزة,Appliance Spare Parts,generic,بدون علامة,Generic,EG,simple,ريموت تكييف يونيفرسال,Universal AC Remote,ريموت تكييف,pcs,قطعة,Piece,count,,,,EG,egypt,0,research,ريموت تكييف remote,approved,42
BIM-RT-COMP-001,electronics_tech,إلكترونيات وأجهزة,Electronics & Tech,computers_laptops,كمبيوتر ولابتوب,Computers & Laptops,hp,اتش بي,HP,US,simple,اتش بي لابتوب بروبوك ١٥.٦ بوصة,HP ProBook Laptop 15.6 inch,لابتوب,pcs,قطعة,Piece,count,,,,EG,egypt,0,research,اتش بي لابتوب laptop كمبيوتر,approved,43
BIM-RT-COMP-002,electronics_tech,إلكترونيات وأجهزة,Electronics & Tech,computers_laptops,كمبيوتر ولابتوب,Computers & Laptops,hp,اتش بي,HP,US,simple,اتش بي لابتوب بافيليون ١٤ بوصة,HP Pavilion Laptop 14 inch,لابتوب,pcs,قطعة,Piece,count,,,,EG,egypt,0,research,اتش بي لابتوب laptop كمبيوتر,approved,44
BIM-RT-COMP-003,electronics_tech,إلكترونيات وأجهزة,Electronics & Tech,computers_laptops,كمبيوتر ولابتوب,Computers & Laptops,hp,اتش بي,HP,US,simple,اتش بي طابعة ليزر أبيض وأسود,HP LaserJet Mono Printer,طابعة ليزر,pcs,قطعة,Piece,count,,,,EG,egypt,0,research,اتش بي طابعة ليزر laptop كمبيوتر,approved,45
BIM-RT-COMP-004,electronics_tech,إلكترونيات وأجهزة,Electronics & Tech,computers_laptops,كمبيوتر ولابتوب,Computers & Laptops,dell,ديل,Dell,US,simple,ديل لابتوب انسبايرون ١٥ بوصة,Dell Inspiron Laptop 15 inch,لابتوب,pcs,قطعة,Piece,count,,,,EG,egypt,0,research,ديل لابتوب laptop كمبيوتر,approved,46
BIM-RT-COMP-005,electronics_tech,إلكترونيات وأجهزة,Electronics & Tech,computers_laptops,كمبيوتر ولابتوب,Computers & Laptops,dell,ديل,Dell,US,simple,ديل لابتوب لاتيتيود ١٤ بوصة,Dell Latitude Laptop 14 inch,لابتوب,pcs,قطعة,Piece,count,,,,EG,egypt,0,research,ديل لابتوب laptop كمبيوتر,approved,47
BIM-RT-COMP-006,electronics_tech,إلكترونيات وأجهزة,Electronics & Tech,computers_laptops,كمبيوتر ولابتوب,Computers & Laptops,dell,ديل,Dell,US,simple,ديل شاشة كمبيوتر ٢٤ بوصة,Dell Monitor 24 inch,شاشة كمبيوتر,pcs,قطعة,Piece,count,,,,EG,egypt,0,research,ديل شاشة كمبيوتر laptop كمبيوتر,approved,48
BIM-RT-COMP-007,electronics_tech,إلكترونيات وأجهزة,Electronics & Tech,computers_laptops,كمبيوتر ولابتوب,Computers & Laptops,lenovo,لينوفو,Lenovo,CN,simple,لينوفو لابتوب ايديا باد ١٥.٦ بوصة,Lenovo IdeaPad Laptop 15.6 inch,لابتوب,pcs,قطعة,Piece,count,,,,EG,egypt,0,research,لينوفو لابتوب laptop كمبيوتر,approved,49
BIM-RT-COMP-008,electronics_tech,إلكترونيات وأجهزة,Electronics & Tech,computers_laptops,كمبيوتر ولابتوب,Computers & Laptops,lenovo,لينوفو,Lenovo,CN,simple,لينوفو لابتوب ثينك باد ١٤ بوصة,Lenovo ThinkPad Laptop 14 inch,لابتوب,pcs,قطعة,Piece,count,,,,EG,egypt,0,research,لينوفو لابتوب laptop كمبيوتر,approved,50
BIM-RT-COMP-009,electronics_tech,إلكترونيات وأجهزة,Electronics & Tech,computers_laptops,كمبيوتر ولابتوب,Computers & Laptops,asus,اسوس,Asus,TW,simple,اسوس لابتوب فيفو بوك ١٥.٦ بوصة,Asus VivoBook Laptop 15.6 inch,لابتوب,pcs,قطعة,Piece,count,,,,EG,egypt,0,research,اسوس لابتوب laptop كمبيوتر,approved,51
BIM-RT-COMP-010,electronics_tech,إلكترونيات وأجهزة,Electronics & Tech,computers_laptops,كمبيوتر ولابتوب,Computers & Laptops,asus,اسوس,Asus,TW,simple,اسوس لابتوب تاف جيمنج ١٥.٦ بوصة,Asus TUF Gaming Laptop 15.6 inch,لابتوب جيمنج,pcs,قطعة,Piece,count,,,,EG,egypt,0,research,اسوس لابتوب جيمنج laptop كمبيوتر,approved,52
BIM-RT-COMP-011,electronics_tech,إلكترونيات وأجهزة,Electronics & Tech,computers_laptops,كمبيوتر ولابتوب,Computers & Laptops,acer,ايسر,Acer,TW,simple,ايسر لابتوب اسباير ١٥.٦ بوصة,Acer Aspire Laptop 15.6 inch,لابتوب,pcs,قطعة,Piece,count,,,,EG,egypt,0,research,ايسر لابتوب laptop كمبيوتر,approved,53
BIM-RT-COMP-012,electronics_tech,إلكترونيات وأجهزة,Electronics & Tech,computers_laptops,كمبيوتر ولابتوب,Computers & Laptops,apple,ابل,Apple,US,simple,ابل ماك بوك اير ١٣ بوصة,Apple MacBook Air 13 inch,ماك بوك,pcs,قطعة,Piece,count,,,,EG,egypt,0,research,ابل ماك بوك laptop كمبيوتر,approved,54
BIM-RT-COMP-013,electronics_tech,إلكترونيات وأجهزة,Electronics & Tech,computers_laptops,كمبيوتر ولابتوب,Computers & Laptops,apple,ابل,Apple,US,simple,ابل ايباد ١٠.٩ بوصة,Apple iPad 10.9 inch,ايباد,pcs,قطعة,Piece,count,,,,EG,egypt,0,research,ابل ايباد laptop كمبيوتر,approved,55
BIM-RT-MOBI-001,electronics_tech,إلكترونيات وأجهزة,Electronics & Tech,mobiles_accessories,موبايلات وإكسسوارات,Mobiles & Accessories,samsung,سامسونج,Samsung,KR,simple,سامسونج جالاكسي A١٥ ١٢٨ جيجا,Samsung Galaxy A15 128GB,موبايل,pcs,قطعة,Piece,count,,,,EG,egypt,0,research,سامسونج موبايل mobile Samsung,approved,56
BIM-RT-MOBI-002,electronics_tech,إلكترونيات وأجهزة,Electronics & Tech,mobiles_accessories,موبايلات وإكسسوارات,Mobiles & Accessories,samsung,سامسونج,Samsung,KR,simple,سامسونج جالاكسي A٥٤ ٢٥٦ جيجا,Samsung Galaxy A54 256GB,موبايل,pcs,قطعة,Piece,count,,,,EG,egypt,0,research,سامسونج موبايل mobile Samsung,approved,57
BIM-RT-MOBI-003,electronics_tech,إلكترونيات وأجهزة,Electronics & Tech,mobiles_accessories,موبايلات وإكسسوارات,Mobiles & Accessories,samsung,سامسونج,Samsung,KR,simple,سامسونج جالاكسي S٢٣ ٢٥٦ جيجا,Samsung Galaxy S23 256GB,موبايل,pcs,قطعة,Piece,count,,,,EG,egypt,0,research,سامسونج موبايل mobile Samsung,approved,58
BIM-RT-MOBI-004,electronics_tech,إلكترونيات وأجهزة,Electronics & Tech,mobiles_accessories,موبايلات وإكسسوارات,Mobiles & Accessories,xiaomi,شاومي,Xiaomi,CN,simple,شاومي ريدمي نوت ١٣ ١٢٨ جيجا,Xiaomi Redmi Note 13 128GB,موبايل,pcs,قطعة,Piece,count,,,,EG,egypt,0,research,شاومي موبايل mobile Xiaomi,approved,59
BIM-RT-MOBI-005,electronics_tech,إلكترونيات وأجهزة,Electronics & Tech,mobiles_accessories,موبايلات وإكسسوارات,Mobiles & Accessories,xiaomi,شاومي,Xiaomi,CN,simple,شاومي ريدمي ١٣C ١٢٨ جيجا,Xiaomi Redmi 13C 128GB,موبايل,pcs,قطعة,Piece,count,,,,EG,egypt,0,research,شاومي موبايل mobile Xiaomi,approved,60
BIM-RT-MOBI-006,electronics_tech,إلكترونيات وأجهزة,Electronics & Tech,mobiles_accessories,موبايلات وإكسسوارات,Mobiles & Accessories,oppo,اوبو,Oppo,CN,simple,اوبو رينو ١١ ٢٥٦ جيجا,Oppo Reno 11 256GB,موبايل,pcs,قطعة,Piece,count,,,,EG,egypt,0,research,اوبو موبايل mobile Oppo,approved,61
BIM-RT-MOBI-007,electronics_tech,إلكترونيات وأجهزة,Electronics & Tech,mobiles_accessories,موبايلات وإكسسوارات,Mobiles & Accessories,oppo,اوبو,Oppo,CN,simple,اوبو A٧٨ ١٢٨ جيجا,Oppo A78 128GB,موبايل,pcs,قطعة,Piece,count,,,,EG,egypt,0,research,اوبو موبايل mobile Oppo,approved,62
BIM-RT-MOBI-008,electronics_tech,إلكترونيات وأجهزة,Electronics & Tech,mobiles_accessories,موبايلات وإكسسوارات,Mobiles & Accessories,realme,ريلمي,Realme,CN,simple,ريلمي C٥٥ ١٢٨ جيجا,Realme C55 128GB,موبايل,pcs,قطعة,Piece,count,,,,EG,egypt,0,research,ريلمي موبايل mobile Realme,approved,63
BIM-RT-MOBI-009,electronics_tech,إلكترونيات وأجهزة,Electronics & Tech,mobiles_accessories,موبايلات وإكسسوارات,Mobiles & Accessories,infinix,انفينكس,Infinix,HK,simple,انفينكس هوت ٤٠ ١٢٨ جيجا,Infinix Hot 40 128GB,موبايل,pcs,قطعة,Piece,count,,,,EG,egypt,0,research,انفينكس موبايل mobile Infinix,approved,64
BIM-RT-MOBI-010,electronics_tech,إلكترونيات وأجهزة,Electronics & Tech,mobiles_accessories,موبايلات وإكسسوارات,Mobiles & Accessories,infinix,انفينكس,Infinix,HK,simple,انفينكس نوت ٣٠ ٢٥٦ جيجا,Infinix Note 30 256GB,موبايل,pcs,قطعة,Piece,count,,,,EG,egypt,0,research,انفينكس موبايل mobile Infinix,approved,65
BIM-RT-MOBI-011,electronics_tech,إلكترونيات وأجهزة,Electronics & Tech,mobiles_accessories,موبايلات وإكسسوارات,Mobiles & Accessories,tecno,تكنو,Tecno,HK,simple,تكنو سبارك ٢٠ ١٢٨ جيجا,Tecno Spark 20 128GB,موبايل,pcs,قطعة,Piece,count,,,,EG,egypt,0,research,تكنو موبايل mobile Tecno,approved,66
BIM-RT-MOBI-012,electronics_tech,إلكترونيات وأجهزة,Electronics & Tech,mobiles_accessories,موبايلات وإكسسوارات,Mobiles & Accessories,honor,هونر,Honor,CN,simple,هونر X٩b ٢٥٦ جيجا,Honor X9b 256GB,موبايل,pcs,قطعة,Piece,count,,,,EG,egypt,0,research,هونر موبايل mobile Honor,approved,67
BIM-RT-MOBI-013,electronics_tech,إلكترونيات وأجهزة,Electronics & Tech,mobiles_accessories,موبايلات وإكسسوارات,Mobiles & Accessories,apple,ابل,Apple,US,simple,ابل ايفون ١٥ ١٢٨ جيجا,Apple iPhone 15 128GB,موبايل,pcs,قطعة,Piece,count,,,,EG,egypt,0,research,ابل موبايل mobile Apple,approved,68
BIM-RT-MOBI-014,electronics_tech,إلكترونيات وأجهزة,Electronics & Tech,mobiles_accessories,موبايلات وإكسسوارات,Mobiles & Accessories,apple,ابل,Apple,US,simple,ابل ايفون ١٣ ١٢٨ جيجا,Apple iPhone 13 128GB,موبايل,pcs,قطعة,Piece,count,,,,EG,egypt,0,research,ابل موبايل mobile Apple,approved,69
BIM-RT-MOBI-015,electronics_tech,إلكترونيات وأجهزة,Electronics & Tech,mobiles_accessories,موبايلات وإكسسوارات,Mobiles & Accessories,anker,انكر,Anker,CN,simple,انكر شاحن سريع ٢٠ وات,Anker Fast Charger 20W,شاحن,pcs,قطعة,Piece,count,,,,EG,egypt,0,research,شاحن accessory اكسسوار موبايل,approved,70
BIM-RT-MOBI-016,electronics_tech,إلكترونيات وأجهزة,Electronics & Tech,mobiles_accessories,موبايلات وإكسسوارات,Mobiles & Accessories,anker,انكر,Anker,CN,simple,انكر باور بنك ١٠٠٠٠ مللي أمبير,Anker Power Bank 10000mAh,باور بنك,pcs,قطعة,Piece,count,,,,EG,egypt,0,research,باور بنك accessory اكسسوار موبايل,approved,71
BIM-RT-MOBI-017,electronics_tech,إلكترونيات وأجهزة,Electronics & Tech,mobiles_accessories,موبايلات وإكسسوارات,Mobiles & Accessories,anker,انكر,Anker,CN,simple,انكر كابل تايب سي ١ متر,Anker Type-C Cable 1m,كابل شحن,pcs,قطعة,Piece,count,,,,EG,egypt,0,research,كابل شحن accessory اكسسوار موبايل,approved,72
BIM-RT-MOBI-018,electronics_tech,إلكترونيات وأجهزة,Electronics & Tech,mobiles_accessories,موبايلات وإكسسوارات,Mobiles & Accessories,generic,بدون علامة,Generic,EG,simple,جراب سيليكون موبايل,Silicone Phone Case,جراب موبايل,pcs,قطعة,Piece,count,,,,EG,egypt,0,research,جراب موبايل accessory اكسسوار موبايل,approved,73
BIM-RT-MOBI-019,electronics_tech,إلكترونيات وأجهزة,Electronics & Tech,mobiles_accessories,موبايلات وإكسسوارات,Mobiles & Accessories,generic,بدون علامة,Generic,EG,simple,اسكرين حماية زجاج,Tempered Glass Screen Protector,اسكرين حماية,pcs,قطعة,Piece,count,,,,EG,egypt,0,research,اسكرين حماية accessory اكسسوار موبايل,approved,74
BIM-RT-GAME-001,electronics_tech,إلكترونيات وأجهزة,Electronics & Tech,gaming_consoles,أجهزة ألعاب وبلايستيشن,Gaming Consoles,sony,سوني,Sony,JP,simple,سوني بلايستيشن ٥ اصدار قرص,Sony PlayStation 5 Disc Edition,بلايستيشن,pcs,قطعة,Piece,count,,,,EG,egypt,0,research,بلايستيشن console العاب gaming,approved,75
BIM-RT-GAME-002,electronics_tech,إلكترونيات وأجهزة,Electronics & Tech,gaming_consoles,أجهزة ألعاب وبلايستيشن,Gaming Consoles,sony,سوني,Sony,JP,simple,سوني بلايستيشن ٥ ديجيتال,Sony PlayStation 5 Digital Edition,بلايستيشن,pcs,قطعة,Piece,count,,,,EG,egypt,0,research,بلايستيشن console العاب gaming,approved,76
BIM-RT-GAME-003,electronics_tech,إلكترونيات وأجهزة,Electronics & Tech,gaming_consoles,أجهزة ألعاب وبلايستيشن,Gaming Consoles,sony,سوني,Sony,JP,simple,سوني بلايستيشن ٤ سليم ٥٠٠ جيجا,Sony PlayStation 4 Slim 500GB,بلايستيشن,pcs,قطعة,Piece,count,,,,EG,egypt,0,research,بلايستيشن console العاب gaming,approved,77
BIM-RT-GAME-004,electronics_tech,إلكترونيات وأجهزة,Electronics & Tech,gaming_consoles,أجهزة ألعاب وبلايستيشن,Gaming Consoles,sony,سوني,Sony,JP,simple,سوني دراع بلايستيشن ٥ ديوال سينس,Sony DualSense Controller,دراع بلايستيشن,pcs,قطعة,Piece,count,,,,EG,egypt,0,research,دراع بلايستيشن console العاب gaming,approved,78
BIM-RT-GAME-005,electronics_tech,إلكترونيات وأجهزة,Electronics & Tech,gaming_consoles,أجهزة ألعاب وبلايستيشن,Gaming Consoles,microsoft,مايكروسوفت,Microsoft,US,simple,مايكروسوفت اكس بوكس سيريس S,Microsoft Xbox Series S,اكس بوكس,pcs,قطعة,Piece,count,,,,EG,egypt,0,research,اكس بوكس console العاب gaming,approved,79
BIM-RT-GAME-006,electronics_tech,إلكترونيات وأجهزة,Electronics & Tech,gaming_consoles,أجهزة ألعاب وبلايستيشن,Gaming Consoles,microsoft,مايكروسوفت,Microsoft,US,simple,مايكروسوفت اكس بوكس سيريس X,Microsoft Xbox Series X,اكس بوكس,pcs,قطعة,Piece,count,,,,EG,egypt,0,research,اكس بوكس console العاب gaming,approved,80
BIM-RT-GAME-007,electronics_tech,إلكترونيات وأجهزة,Electronics & Tech,gaming_consoles,أجهزة ألعاب وبلايستيشن,Gaming Consoles,nintendo,نينتندو,Nintendo,JP,simple,نينتندو سويتش OLED,Nintendo Switch OLED,نينتندو سويتش,pcs,قطعة,Piece,count,,,,EG,egypt,0,research,نينتندو سويتش console العاب gaming,approved,81
BIM-RT-SPRT-001,electronics_tech,إلكترونيات وأجهزة,Electronics & Tech,sports_equipment,أجهزة رياضية,Sports Equipment,generic,بدون علامة,Generic,EG,simple,مشاية كهربائية منزلية,Home Treadmill,مشاية كهربائية,pcs,قطعة,Piece,count,,,,EG,egypt,0,research,مشاية كهربائية رياضة gym fitness,approved,82
BIM-RT-SPRT-002,electronics_tech,إلكترونيات وأجهزة,Electronics & Tech,sports_equipment,أجهزة رياضية,Sports Equipment,generic,بدون علامة,Generic,EG,simple,عجلة ثابتة للتمارين,Stationary Exercise Bike,عجلة ثابتة,pcs,قطعة,Piece,count,,,,EG,egypt,0,research,عجلة ثابتة رياضة gym fitness,approved,83
BIM-RT-SPRT-003,electronics_tech,إلكترونيات وأجهزة,Electronics & Tech,sports_equipment,أجهزة رياضية,Sports Equipment,generic,بدون علامة,Generic,EG,simple,جهاز اوربيتراك,Elliptical Trainer,اوربيتراك,pcs,قطعة,Piece,count,,,,EG,egypt,0,research,اوربيتراك رياضة gym fitness,approved,84
BIM-RT-SPRT-004,electronics_tech,إلكترونيات وأجهزة,Electronics & Tech,sports_equipment,أجهزة رياضية,Sports Equipment,generic,بدون علامة,Generic,EG,simple,دمبل حديد ٥ كجم,Dumbbell 5kg,دمبل,pcs,قطعة,Piece,count,,,,EG,egypt,0,research,دمبل رياضة gym fitness,approved,85
BIM-RT-SPRT-005,electronics_tech,إلكترونيات وأجهزة,Electronics & Tech,sports_equipment,أجهزة رياضية,Sports Equipment,generic,بدون علامة,Generic,EG,simple,دمبل حديد ١٠ كجم,Dumbbell 10kg,دمبل,pcs,قطعة,Piece,count,,,,EG,egypt,0,research,دمبل رياضة gym fitness,approved,86
BIM-RT-SPRT-006,electronics_tech,إلكترونيات وأجهزة,Electronics & Tech,sports_equipment,أجهزة رياضية,Sports Equipment,generic,بدون علامة,Generic,EG,simple,بار حديد ١.٨ متر,Barbell Bar 1.8m,بار حديد,pcs,قطعة,Piece,count,,,,EG,egypt,0,research,بار حديد رياضة gym fitness,approved,87
BIM-RT-SPRT-007,electronics_tech,إلكترونيات وأجهزة,Electronics & Tech,sports_equipment,أجهزة رياضية,Sports Equipment,generic,بدون علامة,Generic,EG,simple,بنش تمارين قابل للطي,Foldable Workout Bench,بنش تمارين,pcs,قطعة,Piece,count,,,,EG,egypt,0,research,بنش تمارين رياضة gym fitness,approved,88
BIM-RT-SPRT-008,electronics_tech,إلكترونيات وأجهزة,Electronics & Tech,sports_equipment,أجهزة رياضية,Sports Equipment,generic,بدون علامة,Generic,EG,simple,مرتبة يوجا,Yoga Mat,مرتبة يوجا,pcs,قطعة,Piece,count,,,,EG,egypt,0,research,مرتبة يوجا رياضة gym fitness,approved,89
BIM-RT-SPRT-009,electronics_tech,إلكترونيات وأجهزة,Electronics & Tech,sports_equipment,أجهزة رياضية,Sports Equipment,generic,بدون علامة,Generic,EG,simple,حبل نط,Jump Rope,حبل نط,pcs,قطعة,Piece,count,,,,EG,egypt,0,research,حبل نط رياضة gym fitness,approved,90
BIM-RT-SPRT-010,electronics_tech,إلكترونيات وأجهزة,Electronics & Tech,sports_equipment,أجهزة رياضية,Sports Equipment,generic,بدون علامة,Generic,EG,simple,كرة تمارين سويسرية,Swiss Exercise Ball,كرة تمارين,pcs,قطعة,Piece,count,,,,EG,egypt,0,research,كرة تمارين رياضة gym fitness,approved,91
BIM-RT-COSM-001,beauty_health_retail,تجميل وصحة,Beauty & Health,beauty_cosmetics,أدوات تجميل,Cosmetics,maybelline,ميبيلين,Maybelline,US,simple,ميبيلين مسكرا لاش سنسيشنال ٩.٥ مل,Maybelline Lash Sensational Mascara,مسكرا,ml,مل,Milliliter,volume,9.5,٩.٥ مل,,EG,egypt,0,research,مسكرا مكياج cosmetics Maybelline,approved,92
BIM-RT-COSM-002,beauty_health_retail,تجميل وصحة,Beauty & Health,beauty_cosmetics,أدوات تجميل,Cosmetics,maybelline,ميبيلين,Maybelline,US,simple,ميبيلين كحل جل ايه لاينر,Maybelline Eye Liner Gel,كحل,pcs,قطعة,Piece,count,,,,EG,egypt,0,research,كحل مكياج cosmetics Maybelline,approved,93
BIM-RT-COSM-003,beauty_health_retail,تجميل وصحة,Beauty & Health,beauty_cosmetics,أدوات تجميل,Cosmetics,maybelline,ميبيلين,Maybelline,US,simple,ميبيلين كريم اساس فيت مي ٣٠ مل,Maybelline Fit Me Foundation,كريم اساس,ml,مل,Milliliter,volume,30,٣٠ مل,,EG,egypt,0,research,كريم اساس مكياج cosmetics Maybelline,approved,94
BIM-RT-COSM-004,beauty_health_retail,تجميل وصحة,Beauty & Health,beauty_cosmetics,أدوات تجميل,Cosmetics,loreal,لوريال,L'Oreal,FR,simple,لوريال صبغة شعر ايكسلانس عبوة,L'Oreal Excellence Hair Color,صبغة شعر,pack,عبوة,Pack,count,,عبوة,,EG,egypt,0,research,صبغة شعر مكياج cosmetics L'Oreal,approved,95
BIM-RT-COSM-005,beauty_health_retail,تجميل وصحة,Beauty & Health,beauty_cosmetics,أدوات تجميل,Cosmetics,loreal,لوريال,L'Oreal,FR,simple,لوريال شامبو الفيف ٤٠٠ مل,L'Oreal Elvive Shampoo,شامبو,ml,مل,Milliliter,volume,400,٤٠٠ مل,,EG,egypt,0,research,شامبو مكياج cosmetics L'Oreal,approved,96
BIM-RT-COSM-006,beauty_health_retail,تجميل وصحة,Beauty & Health,beauty_cosmetics,أدوات تجميل,Cosmetics,loreal,لوريال,L'Oreal,FR,simple,لوريال روج مات,L'Oreal Matte Lipstick,روج,pcs,قطعة,Piece,count,,,,EG,egypt,0,research,روج مكياج cosmetics L'Oreal,approved,97
BIM-RT-COSM-007,beauty_health_retail,تجميل وصحة,Beauty & Health,beauty_cosmetics,أدوات تجميل,Cosmetics,garnier,غارنييه,Garnier,FR,simple,غارنييه غسول وجه فيتامين سي ١٠٠ مل,Garnier Vitamin C Face Wash,غسول وجه,ml,مل,Milliliter,volume,100,١٠٠ مل,,EG,egypt,0,research,غسول وجه مكياج cosmetics Garnier,approved,98
BIM-RT-COSM-008,beauty_health_retail,تجميل وصحة,Beauty & Health,beauty_cosmetics,أدوات تجميل,Cosmetics,garnier,غارنييه,Garnier,FR,simple,غارنييه ماسك ورقي للوجه,Garnier Sheet Face Mask,ماسك وجه,pcs,قطعة,Piece,count,,,,EG,egypt,0,research,ماسك وجه مكياج cosmetics Garnier,approved,99
BIM-RT-COSM-009,beauty_health_retail,تجميل وصحة,Beauty & Health,beauty_cosmetics,أدوات تجميل,Cosmetics,eva_cosmetics,ايفا,Eva Cosmetics,EG,simple,ايفا كريم مرطب للوجه ١٠٠ مل,Eva Cosmetics Moisturizing Face Cream,كريم مرطب,ml,مل,Milliliter,volume,100,١٠٠ مل,,EG,egypt,0,research,كريم مرطب مكياج cosmetics Eva Cosmetics,approved,100
BIM-RT-COSM-010,beauty_health_retail,تجميل وصحة,Beauty & Health,beauty_cosmetics,أدوات تجميل,Cosmetics,eva_cosmetics,ايفا,Eva Cosmetics,EG,simple,ايفا زيت شعر بالصبار ١٢٠ مل,Eva Cosmetics Aloe Vera Hair Oil,زيت شعر,ml,مل,Milliliter,volume,120,١٢٠ مل,,EG,egypt,0,research,زيت شعر مكياج cosmetics Eva Cosmetics,approved,101
BIM-RT-COSM-011,beauty_health_retail,تجميل وصحة,Beauty & Health,beauty_cosmetics,أدوات تجميل,Cosmetics,eva_cosmetics,ايفا,Eva Cosmetics,EG,simple,ايفا صابون جليسرين ١٠٠ جم,Eva Cosmetics Glycerin Soap,صابون,g,جم,Gram,weight,100,١٠٠ جم,,EG,egypt,0,research,صابون مكياج cosmetics Eva Cosmetics,approved,102
BIM-RT-COSM-012,beauty_health_retail,تجميل وصحة,Beauty & Health,beauty_cosmetics,أدوات تجميل,Cosmetics,bourjois,بورجوا,Bourjois,FR,simple,بورجوا بودرة كومباكت ٩ جم,Bourjois Compact Powder,بودرة,g,جم,Gram,weight,9,٩ جم,,EG,egypt,0,research,بودرة مكياج cosmetics Bourjois,approved,103
BIM-RT-COSM-013,beauty_health_retail,تجميل وصحة,Beauty & Health,beauty_cosmetics,أدوات تجميل,Cosmetics,nivea,نيفيا,Nivea,DE,simple,نيفيا كريم نيفيا الازرق ١٥٠ مل,Nivea Nivea Creme,كريم مرطب,ml,مل,Milliliter,volume,150,١٥٠ مل,,EG,egypt,0,research,كريم مرطب مكياج cosmetics Nivea,approved,104
BIM-RT-COSM-014,beauty_health_retail,تجميل وصحة,Beauty & Health,beauty_cosmetics,أدوات تجميل,Cosmetics,nivea,نيفيا,Nivea,DE,simple,نيفيا مزيل عرق رول ٥٠ مل,Nivea Roll-on Deodorant,مزيل عرق,ml,مل,Milliliter,volume,50,٥٠ مل,,EG,egypt,0,research,مزيل عرق مكياج cosmetics Nivea,approved,105
BIM-RT-COSM-015,beauty_health_retail,تجميل وصحة,Beauty & Health,beauty_cosmetics,أدوات تجميل,Cosmetics,vaseline,فازلين,Vaseline,US,simple,فازلين لوشن ترطيب الجسم ٤٠٠ مل,Vaseline Body Lotion,لوشن جسم,ml,مل,Milliliter,volume,400,٤٠٠ مل,,EG,egypt,0,research,لوشن جسم مكياج cosmetics Vaseline,approved,106
BIM-RT-PERF-001,beauty_health_retail,تجميل وصحة,Beauty & Health,perfumes,عطور,Perfumes,rasasi,رصاصي,Rasasi,AE,simple,رصاصي عطر حلال الشام ١٠٠ مل,Rasasi Hawas Perfume,عطر حلال الشام,ml,مل,Milliliter,volume,100,١٠٠ مل,,EG,egypt,0,research,عطر حلال الشام عطر perfume,approved,107
BIM-RT-PERF-002,beauty_health_retail,تجميل وصحة,Beauty & Health,perfumes,عطور,Perfumes,rasasi,رصاصي,Rasasi,AE,simple,رصاصي عطر لا يوم ٧٥ مل,Rasasi La Yuqawam Perfume,عطر لا يوم,ml,مل,Milliliter,volume,75,٧٥ مل,,EG,egypt,0,research,عطر لا يوم عطر perfume,approved,108
BIM-RT-PERF-003,beauty_health_retail,تجميل وصحة,Beauty & Health,perfumes,عطور,Perfumes,al_haramain,الحرمين,Al Haramain,AE,simple,الحرمين عطر أمبر أود ٦٠ مل,Al Haramain Amber Oud Perfume,عطر أمبر أود,ml,مل,Milliliter,volume,60,٦٠ مل,,EG,egypt,0,research,عطر أمبر أود عطر perfume,approved,109
BIM-RT-PERF-004,beauty_health_retail,تجميل وصحة,Beauty & Health,perfumes,عطور,Perfumes,al_haramain,الحرمين,Al Haramain,AE,simple,الحرمين دهن عود ٣٠ مل,Al Haramain Dehn Al Oud,دهن عود,ml,مل,Milliliter,volume,30,٣٠ مل,,EG,egypt,0,research,دهن عود عطر perfume,approved,110
BIM-RT-PERF-005,beauty_health_retail,تجميل وصحة,Beauty & Health,perfumes,عطور,Perfumes,ajmal,اجمل,Ajmal,AE,simple,اجمل عطر أمبر ولد ١٠٠ مل,Ajmal Amber Wood Perfume,عطر أمبر ولد,ml,مل,Milliliter,volume,100,١٠٠ مل,,EG,egypt,0,research,عطر أمبر ولد عطر perfume,approved,111
BIM-RT-PERF-006,beauty_health_retail,تجميل وصحة,Beauty & Health,perfumes,عطور,Perfumes,swiss_arabian,سويس ارابيان,Swiss Arabian,AE,simple,سويس ارابيان عطر شغف ٧٥ مل,Swiss Arabian Shaghaf Perfume,عطر شغف,ml,مل,Milliliter,volume,75,٧٥ مل,,EG,egypt,0,research,عطر شغف عطر perfume,approved,112
BIM-RT-PERF-007,beauty_health_retail,تجميل وصحة,Beauty & Health,perfumes,عطور,Perfumes,yardley,ياردلي,Yardley,GB,simple,ياردلي عطر انجليش روز ٥٠ مل,Yardley English Rose Perfume,عطر انجليش روز,ml,مل,Milliliter,volume,50,٥٠ مل,,EG,egypt,0,research,عطر انجليش روز عطر perfume,approved,113
BIM-RT-PERF-008,beauty_health_retail,تجميل وصحة,Beauty & Health,perfumes,عطور,Perfumes,generic,بدون علامة,Generic,EG,simple,مسك ابيض زيتي ١٢ مل,Generic White Musk Oil,مسك ابيض زيتي,ml,مل,Milliliter,volume,12,١٢ مل,,EG,egypt,0,research,مسك ابيض زيتي عطر perfume,approved,114
BIM-RT-PERF-009,beauty_health_retail,تجميل وصحة,Beauty & Health,perfumes,عطور,Perfumes,generic,بدون علامة,Generic,EG,simple,زيت عطري عود كمبودي ٦ مل,Generic Cambodian Oud Oil,زيت عطري عود كمبودي,ml,مل,Milliliter,volume,6,٦ مل,,EG,egypt,0,research,زيت عطري عود كمبودي عطر perfume,approved,115
BIM-RT-MEDR-001,beauty_health_retail,تجميل وصحة,Beauty & Health,medical_retail,مستلزمات طبية,Medical Supplies,omron,اومرون,Omron,JP,simple,اومرون جهاز قياس ضغط الدم ديجيتال,Omron Digital Blood Pressure Monitor,جهاز ضغط,pcs,قطعة,Piece,count,,,,EG,egypt,0,research,جهاز ضغط مستلزمات طبية medical,approved,116
BIM-RT-MEDR-002,beauty_health_retail,تجميل وصحة,Beauty & Health,medical_retail,مستلزمات طبية,Medical Supplies,omron,اومرون,Omron,JP,simple,اومرون جهاز بخار نيبولايزر,Omron Nebulizer,جهاز بخار,pcs,قطعة,Piece,count,,,,EG,egypt,0,research,جهاز بخار مستلزمات طبية medical,approved,117
BIM-RT-MEDR-003,beauty_health_retail,تجميل وصحة,Beauty & Health,medical_retail,مستلزمات طبية,Medical Supplies,accu_chek,اكيو تشيك,Accu-Chek,CH,simple,اكيو تشيك جهاز قياس السكر,Accu-Chek Blood Glucose Meter,جهاز سكر,pcs,قطعة,Piece,count,,,,EG,egypt,0,research,جهاز سكر مستلزمات طبية medical,approved,118
BIM-RT-MEDR-004,beauty_health_retail,تجميل وصحة,Beauty & Health,medical_retail,مستلزمات طبية,Medical Supplies,accu_chek,اكيو تشيك,Accu-Chek,CH,simple,اكيو تشيك شرائط قياس السكر ٥٠ شريحة,Accu-Chek Glucose Test Strips 50,شرائط سكر,pcs,قطعة,Piece,count,,,,EG,egypt,0,research,شرائط سكر مستلزمات طبية medical,approved,119
BIM-RT-MEDR-005,beauty_health_retail,تجميل وصحة,Beauty & Health,medical_retail,مستلزمات طبية,Medical Supplies,beurer,بيورر,Beurer,DE,simple,بيورر ترمومتر ديجيتال,Beurer Digital Thermometer,ترمومتر,pcs,قطعة,Piece,count,,,,EG,egypt,0,research,ترمومتر مستلزمات طبية medical,approved,120
BIM-RT-MEDR-006,beauty_health_retail,تجميل وصحة,Beauty & Health,medical_retail,مستلزمات طبية,Medical Supplies,beurer,بيورر,Beurer,DE,simple,بيورر ميزان طبي ديجيتال,Beurer Digital Body Scale,ميزان طبي,pcs,قطعة,Piece,count,,,,EG,egypt,0,research,ميزان طبي مستلزمات طبية medical,approved,121
BIM-RT-MEDR-007,beauty_health_retail,تجميل وصحة,Beauty & Health,medical_retail,مستلزمات طبية,Medical Supplies,generic,بدون علامة,Generic,EG,simple,كرسي متحرك قابل للطي,Generic Foldable Wheelchair,كرسي متحرك,pcs,قطعة,Piece,count,,,,EG,egypt,0,research,كرسي متحرك مستلزمات طبية medical,approved,122
BIM-RT-MEDR-008,beauty_health_retail,تجميل وصحة,Beauty & Health,medical_retail,مستلزمات طبية,Medical Supplies,generic,بدون علامة,Generic,EG,simple,عكاز طبي قابل للتعديل,Generic Adjustable Walking Cane,عكاز طبي,pcs,قطعة,Piece,count,,,,EG,egypt,0,research,عكاز طبي مستلزمات طبية medical,approved,123
BIM-RT-MEDR-009,beauty_health_retail,تجميل وصحة,Beauty & Health,medical_retail,مستلزمات طبية,Medical Supplies,generic,بدون علامة,Generic,EG,simple,شاش طبي معقم,Generic Sterile Medical Gauze,شاش طبي,pcs,قطعة,Piece,count,,,,EG,egypt,0,research,شاش طبي مستلزمات طبية medical,approved,124
BIM-RT-MEDR-010,beauty_health_retail,تجميل وصحة,Beauty & Health,medical_retail,مستلزمات طبية,Medical Supplies,generic,بدون علامة,Generic,EG,simple,قطن طبي ٥٠٠ جم,Generic Medical Cotton 500g,قطن طبي,pcs,قطعة,Piece,count,,,,EG,egypt,0,research,قطن طبي مستلزمات طبية medical,approved,125
BIM-RT-MEDR-011,beauty_health_retail,تجميل وصحة,Beauty & Health,medical_retail,مستلزمات طبية,Medical Supplies,generic,بدون علامة,Generic,EG,simple,كمامة طبية ٥٠ قطعة,Generic Surgical Mask 50pcs,كمامة طبية,pcs,قطعة,Piece,count,,,,EG,egypt,0,research,كمامة طبية مستلزمات طبية medical,approved,126
BIM-RT-MEDR-012,beauty_health_retail,تجميل وصحة,Beauty & Health,medical_retail,مستلزمات طبية,Medical Supplies,generic,بدون علامة,Generic,EG,simple,قفاز طبي لاتكس ١٠٠ قطعة,Generic Latex Gloves 100pcs,قفاز طبي,pcs,قطعة,Piece,count,,,,EG,egypt,0,research,قفاز طبي مستلزمات طبية medical,approved,127
BIM-RT-MEDR-013,beauty_health_retail,تجميل وصحة,Beauty & Health,medical_retail,مستلزمات طبية,Medical Supplies,generic,بدون علامة,Generic,EG,simple,حزام ظهر طبي,Generic Lumbar Support Belt,حزام ظهر,pcs,قطعة,Piece,count,,,,EG,egypt,0,research,حزام ظهر مستلزمات طبية medical,approved,128
BIM-RT-PANT-001,building_hardware,مواد بناء وعدد,Building Materials & Hardware,paints_hardware,حدايد وبويات,Paints & Hardware,jotun,جوتن,Jotun,NO,simple,جوتن بلاستيك داخلي فيني ماتيكس ٩ لتر,Jotun Fenomastic Interior Paint,بلاستيك داخلي فيني ماتيكس,l,لتر,Liter,volume,9,٩ لتر,,EG,egypt,0,research,بلاستيك داخلي فيني ماتيكس بويات دهان paint,approved,129
BIM-RT-PANT-002,building_hardware,مواد بناء وعدد,Building Materials & Hardware,paints_hardware,حدايد وبويات,Paints & Hardware,jotun,جوتن,Jotun,NO,simple,جوتن دهان خارجي جوتاشيلد ١٨ لتر,Jotun Jotashield Exterior Paint,دهان خارجي جوتاشيلد,l,لتر,Liter,volume,18,١٨ لتر,,EG,egypt,0,research,دهان خارجي جوتاشيلد بويات دهان paint,approved,130
BIM-RT-PANT-003,building_hardware,مواد بناء وعدد,Building Materials & Hardware,paints_hardware,حدايد وبويات,Paints & Hardware,sipes,سايبس,Sipes,EG,simple,سايبس بلاستيك مطفي داخلي ٩ لتر,Sipes Matt Interior Emulsion,بلاستيك مطفي داخلي,l,لتر,Liter,volume,9,٩ لتر,,EG,egypt,0,research,بلاستيك مطفي داخلي بويات دهان paint,approved,131
BIM-RT-PANT-004,building_hardware,مواد بناء وعدد,Building Materials & Hardware,paints_hardware,حدايد وبويات,Paints & Hardware,sipes,سايبس,Sipes,EG,simple,سايبس دوكو لميع ٤ لتر,Sipes Gloss Enamel Paint,دوكو لميع,l,لتر,Liter,volume,4,٤ لتر,,EG,egypt,0,research,دوكو لميع بويات دهان paint,approved,132
BIM-RT-PANT-005,building_hardware,مواد بناء وعدد,Building Materials & Hardware,paints_hardware,حدايد وبويات,Paints & Hardware,scib,سكيب,SCIB,EG,simple,سكيب بلاستيك داخلي ٩ لتر,SCIB Interior Emulsion Paint,بلاستيك داخلي,l,لتر,Liter,volume,9,٩ لتر,,EG,egypt,0,research,بلاستيك داخلي بويات دهان paint,approved,133
BIM-RT-PANT-006,building_hardware,مواد بناء وعدد,Building Materials & Hardware,paints_hardware,حدايد وبويات,Paints & Hardware,scib,سكيب,SCIB,EG,simple,سكيب برايمر أساس ٤ لتر,SCIB Primer Undercoat,برايمر أساس,l,لتر,Liter,volume,4,٤ لتر,,EG,egypt,0,research,برايمر أساس بويات دهان paint,approved,134
BIM-RT-PANT-007,building_hardware,مواد بناء وعدد,Building Materials & Hardware,paints_hardware,حدايد وبويات,Paints & Hardware,glc_paints,جي إل سي,GLC,EG,simple,جي إل سي بلاستيك داخلي ٩ لتر,GLC Interior Emulsion Paint,بلاستيك داخلي,l,لتر,Liter,volume,9,٩ لتر,,EG,egypt,0,research,بلاستيك داخلي بويات دهان paint,approved,135
BIM-RT-PANT-008,building_hardware,مواد بناء وعدد,Building Materials & Hardware,paints_hardware,حدايد وبويات,Paints & Hardware,pachin,باكين,Pachin,EG,simple,باكين دهان زيت لميع ٤ لتر,Pachin Gloss Oil Paint,دهان زيت لميع,l,لتر,Liter,volume,4,٤ لتر,,EG,egypt,0,research,دهان زيت لميع بويات دهان paint,approved,136
BIM-RT-PANT-009,building_hardware,مواد بناء وعدد,Building Materials & Hardware,paints_hardware,حدايد وبويات,Paints & Hardware,pachin,باكين,Pachin,EG,simple,باكين ورنيش خشب ٤ لتر,Pachin Wood Varnish,ورنيش خشب,l,لتر,Liter,volume,4,٤ لتر,,EG,egypt,0,research,ورنيش خشب بويات دهان paint,approved,137
BIM-RT-PANT-010,building_hardware,مواد بناء وعدد,Building Materials & Hardware,paints_hardware,حدايد وبويات,Paints & Hardware,generic,بدون علامة,Generic,EG,simple,مسامير قلاووظ علبة,Screws Box,مسامير قلاووظ,pcs,قطعة,Piece,count,,,,EG,egypt,0,research,مسامير قلاووظ hardware عدد,approved,138
BIM-RT-PANT-011,building_hardware,مواد بناء وعدد,Building Materials & Hardware,paints_hardware,حدايد وبويات,Paints & Hardware,generic,بدون علامة,Generic,EG,simple,صنفرة خشب ورق,Wood Sandpaper,صنفرة,pcs,قطعة,Piece,count,,,,EG,egypt,0,research,صنفرة hardware عدد,approved,139
BIM-RT-PANT-012,building_hardware,مواد بناء وعدد,Building Materials & Hardware,paints_hardware,حدايد وبويات,Paints & Hardware,generic,بدون علامة,Generic,EG,simple,فرشاة دهان ٤ بوصة,Paint Brush 4 inch,فرشاة دهان,pcs,قطعة,Piece,count,,,,EG,egypt,0,research,فرشاة دهان hardware عدد,approved,140
BIM-RT-PANT-013,building_hardware,مواد بناء وعدد,Building Materials & Hardware,paints_hardware,حدايد وبويات,Paints & Hardware,generic,بدون علامة,Generic,EG,simple,رولة دهان ٩ بوصة,Paint Roller 9 inch,رولة دهان,pcs,قطعة,Piece,count,,,,EG,egypt,0,research,رولة دهان hardware عدد,approved,141
BIM-RT-RBAR-001,building_hardware,مواد بناء وعدد,Building Materials & Hardware,rebar_steel,حديد تسليح,Rebar & Steel,ezz_steel,حديد عز,Ezz Steel,EG,simple,حديد عز حديد تسليح قطر ١٠ مم,Ezz Steel Rebar 10mm,حديد تسليح,ton,طن,Ton,weight,1,طن,,EG,egypt,0,research,حديد تسليح rebar steel Ezz Steel,approved,142
BIM-RT-RBAR-002,building_hardware,مواد بناء وعدد,Building Materials & Hardware,rebar_steel,حديد تسليح,Rebar & Steel,ezz_steel,حديد عز,Ezz Steel,EG,simple,حديد عز حديد تسليح قطر ١٢ مم,Ezz Steel Rebar 12mm,حديد تسليح,ton,طن,Ton,weight,1,طن,,EG,egypt,0,research,حديد تسليح rebar steel Ezz Steel,approved,143
BIM-RT-RBAR-003,building_hardware,مواد بناء وعدد,Building Materials & Hardware,rebar_steel,حديد تسليح,Rebar & Steel,ezz_steel,حديد عز,Ezz Steel,EG,simple,حديد عز حديد تسليح قطر ١٦ مم,Ezz Steel Rebar 16mm,حديد تسليح,ton,طن,Ton,weight,1,طن,,EG,egypt,0,research,حديد تسليح rebar steel Ezz Steel,approved,144
BIM-RT-RBAR-004,building_hardware,مواد بناء وعدد,Building Materials & Hardware,rebar_steel,حديد تسليح,Rebar & Steel,beshay_steel,حديد بشاي,Beshay Steel,EG,simple,حديد بشاي حديد تسليح قطر ١٠ مم,Beshay Steel Rebar 10mm,حديد تسليح,ton,طن,Ton,weight,1,طن,,EG,egypt,0,research,حديد تسليح rebar steel Beshay Steel,approved,145
BIM-RT-RBAR-005,building_hardware,مواد بناء وعدد,Building Materials & Hardware,rebar_steel,حديد تسليح,Rebar & Steel,beshay_steel,حديد بشاي,Beshay Steel,EG,simple,حديد بشاي حديد تسليح قطر ١٢ مم,Beshay Steel Rebar 12mm,حديد تسليح,ton,طن,Ton,weight,1,طن,,EG,egypt,0,research,حديد تسليح rebar steel Beshay Steel,approved,146
BIM-RT-RBAR-006,building_hardware,مواد بناء وعدد,Building Materials & Hardware,rebar_steel,حديد تسليح,Rebar & Steel,beshay_steel,حديد بشاي,Beshay Steel,EG,simple,حديد بشاي حديد تسليح قطر ١٦ مم,Beshay Steel Rebar 16mm,حديد تسليح,ton,طن,Ton,weight,1,طن,,EG,egypt,0,research,حديد تسليح rebar steel Beshay Steel,approved,147
BIM-RT-RBAR-007,building_hardware,مواد بناء وعدد,Building Materials & Hardware,rebar_steel,حديد تسليح,Rebar & Steel,suez_steel,حديد السويس,Suez Steel,EG,simple,حديد السويس حديد تسليح قطر ١٠ مم,Suez Steel Rebar 10mm,حديد تسليح,ton,طن,Ton,weight,1,طن,,EG,egypt,0,research,حديد تسليح rebar steel Suez Steel,approved,148
BIM-RT-RBAR-008,building_hardware,مواد بناء وعدد,Building Materials & Hardware,rebar_steel,حديد تسليح,Rebar & Steel,suez_steel,حديد السويس,Suez Steel,EG,simple,حديد السويس حديد تسليح قطر ١٢ مم,Suez Steel Rebar 12mm,حديد تسليح,ton,طن,Ton,weight,1,طن,,EG,egypt,0,research,حديد تسليح rebar steel Suez Steel,approved,149
BIM-RT-RBAR-009,building_hardware,مواد بناء وعدد,Building Materials & Hardware,rebar_steel,حديد تسليح,Rebar & Steel,suez_steel,حديد السويس,Suez Steel,EG,simple,حديد السويس حديد تسليح قطر ١٦ مم,Suez Steel Rebar 16mm,حديد تسليح,ton,طن,Ton,weight,1,طن,,EG,egypt,0,research,حديد تسليح rebar steel Suez Steel,approved,150
BIM-RT-RBAR-010,building_hardware,مواد بناء وعدد,Building Materials & Hardware,rebar_steel,حديد تسليح,Rebar & Steel,marakby_steel,حديد المراكبي,Marakby Steel,EG,simple,حديد المراكبي حديد تسليح قطر ١٠ مم,Marakby Steel Rebar 10mm,حديد تسليح,ton,طن,Ton,weight,1,طن,,EG,egypt,0,research,حديد تسليح rebar steel Marakby Steel,approved,151
BIM-RT-RBAR-011,building_hardware,مواد بناء وعدد,Building Materials & Hardware,rebar_steel,حديد تسليح,Rebar & Steel,marakby_steel,حديد المراكبي,Marakby Steel,EG,simple,حديد المراكبي حديد تسليح قطر ١٢ مم,Marakby Steel Rebar 12mm,حديد تسليح,ton,طن,Ton,weight,1,طن,,EG,egypt,0,research,حديد تسليح rebar steel Marakby Steel,approved,152
BIM-RT-RBAR-012,building_hardware,مواد بناء وعدد,Building Materials & Hardware,rebar_steel,حديد تسليح,Rebar & Steel,marakby_steel,حديد المراكبي,Marakby Steel,EG,simple,حديد المراكبي حديد تسليح قطر ١٦ مم,Marakby Steel Rebar 16mm,حديد تسليح,ton,طن,Ton,weight,1,طن,,EG,egypt,0,research,حديد تسليح rebar steel Marakby Steel,approved,153
BIM-RT-CMNT-001,building_hardware,مواد بناء وعدد,Building Materials & Hardware,cement_building,أسمنت ومواد بناء,Cement & Building Materials,lafarge,لافارج,Lafarge,FR,simple,لافارج أسمنت بورتلاندي عادي شيكارة ٥٠ كجم,Lafarge Ordinary Portland Cement 50kg,أسمنت بورتلاندي,bag,كيس,Bag,count,50,شيكارة ٥٠ كجم,,EG,egypt,0,research,اسمنت cement Lafarge,approved,154
BIM-RT-CMNT-002,building_hardware,مواد بناء وعدد,Building Materials & Hardware,cement_building,أسمنت ومواد بناء,Cement & Building Materials,suez_cement,أسمنت السويس,Suez Cement,EG,simple,أسمنت السويس أسمنت بورتلاندي عادي شيكارة ٥٠ كجم,Suez Cement Ordinary Portland Cement 50kg,أسمنت بورتلاندي,bag,كيس,Bag,count,50,شيكارة ٥٠ كجم,,EG,egypt,0,research,اسمنت cement Suez Cement,approved,155
BIM-RT-CMNT-003,building_hardware,مواد بناء وعدد,Building Materials & Hardware,cement_building,أسمنت ومواد بناء,Cement & Building Materials,titan_cement,تيتان,Titan,GR,simple,تيتان أسمنت بورتلاندي عادي شيكارة ٥٠ كجم,Titan Ordinary Portland Cement 50kg,أسمنت بورتلاندي,bag,كيس,Bag,count,50,شيكارة ٥٠ كجم,,EG,egypt,0,research,اسمنت cement Titan,approved,156
BIM-RT-CMNT-004,building_hardware,مواد بناء وعدد,Building Materials & Hardware,cement_building,أسمنت ومواد بناء,Cement & Building Materials,el_arish_cement,أسمنت العريش,El Arish Cement,EG,simple,أسمنت العريش أسمنت بورتلاندي عادي شيكارة ٥٠ كجم,El Arish Cement Ordinary Portland Cement 50kg,أسمنت بورتلاندي,bag,كيس,Bag,count,50,شيكارة ٥٠ كجم,,EG,egypt,0,research,اسمنت cement El Arish Cement,approved,157
BIM-RT-CMNT-005,building_hardware,مواد بناء وعدد,Building Materials & Hardware,cement_building,أسمنت ومواد بناء,Cement & Building Materials,helwan_cement,أسمنت حلوان,Helwan Cement,EG,simple,أسمنت حلوان أسمنت بورتلاندي عادي شيكارة ٥٠ كجم,Helwan Cement Ordinary Portland Cement 50kg,أسمنت بورتلاندي,bag,كيس,Bag,count,50,شيكارة ٥٠ كجم,,EG,egypt,0,research,اسمنت cement Helwan Cement,approved,158
BIM-RT-CMNT-006,building_hardware,مواد بناء وعدد,Building Materials & Hardware,cement_building,أسمنت ومواد بناء,Cement & Building Materials,generic,بدون علامة,Generic,EG,simple,طوب طفلي مصمت,Solid Clay Brick,طوب طفلي,pcs,قطعة,Piece,count,,,,EG,egypt,0,research,طوب طفلي مواد بناء building,approved,159
BIM-RT-CMNT-007,building_hardware,مواد بناء وعدد,Building Materials & Hardware,cement_building,أسمنت ومواد بناء,Cement & Building Materials,generic,بدون علامة,Generic,EG,simple,طوب أسمنتي مفرغ,Hollow Concrete Block,طوب أسمنتي,pcs,قطعة,Piece,count,,,,EG,egypt,0,research,طوب أسمنتي مواد بناء building,approved,160
BIM-RT-CMNT-008,building_hardware,مواد بناء وعدد,Building Materials & Hardware,cement_building,أسمنت ومواد بناء,Cement & Building Materials,generic,بدون علامة,Generic,EG,simple,رمل بناء متر مكعب,Building Sand per m3,رمل بناء,pcs,قطعة,Piece,count,,متر مكعب,,EG,egypt,0,research,رمل بناء مواد بناء building,approved,161
BIM-RT-CMNT-009,building_hardware,مواد بناء وعدد,Building Materials & Hardware,cement_building,أسمنت ومواد بناء,Cement & Building Materials,generic,بدون علامة,Generic,EG,simple,زلط متر مكعب,Gravel per m3,زلط,pcs,قطعة,Piece,count,,متر مكعب,,EG,egypt,0,research,زلط مواد بناء building,approved,162
BIM-RT-CMNT-010,building_hardware,مواد بناء وعدد,Building Materials & Hardware,cement_building,أسمنت ومواد بناء,Cement & Building Materials,generic,بدون علامة,Generic,EG,simple,جبس بلدي شيكارة ٢٥ كجم,Gypsum Plaster 25kg,جبس,bag,كيس,Bag,count,25,شيكارة ٢٥ كجم,,EG,egypt,0,research,جبس مواد بناء building,approved,163
BIM-RT-MRBL-001,building_hardware,مواد بناء وعدد,Building Materials & Hardware,marble_stone,رخام وجرانيت,Marble & Granite,generic,بدون علامة,Generic,EG,simple,رخام سيلفيا متر مربع,Silvia Marble per m2,رخام سيلفيا,pcs,قطعة,Piece,count,,متر مربع,,EG,egypt,0,research,رخام سيلفيا رخام جرانيت marble granite,approved,164
BIM-RT-MRBL-002,building_hardware,مواد بناء وعدد,Building Materials & Hardware,marble_stone,رخام وجرانيت,Marble & Granite,generic,بدون علامة,Generic,EG,simple,رخام تريستا متر مربع,Triesta Marble per m2,رخام تريستا,pcs,قطعة,Piece,count,,متر مربع,,EG,egypt,0,research,رخام تريستا رخام جرانيت marble granite,approved,165
BIM-RT-MRBL-003,building_hardware,مواد بناء وعدد,Building Materials & Hardware,marble_stone,رخام وجرانيت,Marble & Granite,generic,بدون علامة,Generic,EG,simple,رخام جلالة متر مربع,Galala Marble per m2,رخام جلالة,pcs,قطعة,Piece,count,,متر مربع,,EG,egypt,0,research,رخام جلالة رخام جرانيت marble granite,approved,166
BIM-RT-MRBL-004,building_hardware,مواد بناء وعدد,Building Materials & Hardware,marble_stone,رخام وجرانيت,Marble & Granite,generic,بدون علامة,Generic,EG,simple,جرانيت حلايب متر مربع,Halayeb Granite per m2,جرانيت حلايب,pcs,قطعة,Piece,count,,متر مربع,,EG,egypt,0,research,جرانيت حلايب رخام جرانيت marble granite,approved,167
BIM-RT-MRBL-005,building_hardware,مواد بناء وعدد,Building Materials & Hardware,marble_stone,رخام وجرانيت,Marble & Granite,generic,بدون علامة,Generic,EG,simple,جرانيت أسوان الأحمر متر مربع,Aswan Red Granite per m2,جرانيت أسوان,pcs,قطعة,Piece,count,,متر مربع,,EG,egypt,0,research,جرانيت أسوان رخام جرانيت marble granite,approved,168
BIM-RT-MRBL-006,building_hardware,مواد بناء وعدد,Building Materials & Hardware,marble_stone,رخام وجرانيت,Marble & Granite,generic,بدون علامة,Generic,EG,simple,جرانيت فردي جراي متر مربع,Verdi Grey Granite per m2,جرانيت فردي,pcs,قطعة,Piece,count,,متر مربع,,EG,egypt,0,research,جرانيت فردي رخام جرانيت marble granite,approved,169
BIM-RT-SAFE-001,building_hardware,مواد بناء وعدد,Building Materials & Hardware,safety_fire,سيفتي ومقاومة حرائق,Safety & Fire Protection,generic,بدون علامة,Generic,EG,simple,طفاية حريق بودرة ٦ كجم,Dry Powder Fire Extinguisher 6kg,طفاية حريق,pcs,قطعة,Piece,count,,,,EG,egypt,0,research,طفاية حريق سيفتي safety fire,approved,170
BIM-RT-SAFE-002,building_hardware,مواد بناء وعدد,Building Materials & Hardware,safety_fire,سيفتي ومقاومة حرائق,Safety & Fire Protection,generic,بدون علامة,Generic,EG,simple,طفاية حريق ثاني أكسيد الكربون ٥ كجم,CO2 Fire Extinguisher 5kg,طفاية حريق,pcs,قطعة,Piece,count,,,,EG,egypt,0,research,طفاية حريق سيفتي safety fire,approved,171
BIM-RT-SAFE-003,building_hardware,مواد بناء وعدد,Building Materials & Hardware,safety_fire,سيفتي ومقاومة حرائق,Safety & Fire Protection,generic,بدون علامة,Generic,EG,simple,كاشف دخان,Smoke Detector,كاشف دخان,pcs,قطعة,Piece,count,,,,EG,egypt,0,research,كاشف دخان سيفتي safety fire,approved,172
BIM-RT-SAFE-004,building_hardware,مواد بناء وعدد,Building Materials & Hardware,safety_fire,سيفتي ومقاومة حرائق,Safety & Fire Protection,generic,بدون علامة,Generic,EG,simple,جرس إنذار حريق,Fire Alarm Bell,جرس إنذار,pcs,قطعة,Piece,count,,,,EG,egypt,0,research,جرس إنذار سيفتي safety fire,approved,173
BIM-RT-SAFE-005,building_hardware,مواد بناء وعدد,Building Materials & Hardware,safety_fire,سيفتي ومقاومة حرائق,Safety & Fire Protection,generic,بدون علامة,Generic,EG,simple,خرطوم إطفاء بكرة,Fire Hose Reel,خرطوم إطفاء,pcs,قطعة,Piece,count,,,,EG,egypt,0,research,خرطوم إطفاء سيفتي safety fire,approved,174
BIM-RT-SAFE-006,building_hardware,مواد بناء وعدد,Building Materials & Hardware,safety_fire,سيفتي ومقاومة حرائق,Safety & Fire Protection,generic,بدون علامة,Generic,EG,simple,خوذة أمان,Safety Helmet,خوذة أمان,pcs,قطعة,Piece,count,,,,EG,egypt,0,research,خوذة أمان سيفتي safety fire,approved,175
BIM-RT-SAFE-007,building_hardware,مواد بناء وعدد,Building Materials & Hardware,safety_fire,سيفتي ومقاومة حرائق,Safety & Fire Protection,generic,بدون علامة,Generic,EG,simple,حزام أمان للعمل على ارتفاع,Safety Harness,حزام أمان,pcs,قطعة,Piece,count,,,,EG,egypt,0,research,حزام أمان سيفتي safety fire,approved,176
BIM-RT-SAFE-008,building_hardware,مواد بناء وعدد,Building Materials & Hardware,safety_fire,سيفتي ومقاومة حرائق,Safety & Fire Protection,generic,بدون علامة,Generic,EG,simple,نظارة أمان شفافة,Clear Safety Goggles,نظارة أمان,pcs,قطعة,Piece,count,,,,EG,egypt,0,research,نظارة أمان سيفتي safety fire,approved,177
BIM-RT-TOOL-001,building_hardware,مواد بناء وعدد,Building Materials & Hardware,power_hand_tools,عدد وأدوات كهربائية,Power & Hand Tools,bosch,بوش,Bosch,DE,simple,بوش شنيور دقاق ٧٠٠ وات,Bosch Impact Drill 700W,شنيور,pcs,قطعة,Piece,count,,,,EG,egypt,0,research,شنيور عدة tools Bosch,approved,178
BIM-RT-TOOL-002,building_hardware,مواد بناء وعدد,Building Materials & Hardware,power_hand_tools,عدد وأدوات كهربائية,Power & Hand Tools,bosch,بوش,Bosch,DE,simple,بوش صاروخ قطع ١٢٥ مم,Bosch Angle Grinder 125mm,صاروخ قطع,pcs,قطعة,Piece,count,,,,EG,egypt,0,research,صاروخ قطع عدة tools Bosch,approved,179
BIM-RT-TOOL-003,building_hardware,مواد بناء وعدد,Building Materials & Hardware,power_hand_tools,عدد وأدوات كهربائية,Power & Hand Tools,bosch,بوش,Bosch,DE,simple,بوش مفك كهربائي بالبطارية ١٢ فولت,Bosch Cordless Screwdriver 12V,مفك كهربائي,pcs,قطعة,Piece,count,,,,EG,egypt,0,research,مفك كهربائي عدة tools Bosch,approved,180
BIM-RT-TOOL-004,building_hardware,مواد بناء وعدد,Building Materials & Hardware,power_hand_tools,عدد وأدوات كهربائية,Power & Hand Tools,makita,ماكيتا,Makita,JP,simple,ماكيتا شنيور بالبطارية ١٨ فولت,Makita Cordless Drill 18V,شنيور بالبطارية,pcs,قطعة,Piece,count,,,,EG,egypt,0,research,شنيور بالبطارية عدة tools Makita,approved,181
BIM-RT-TOOL-005,building_hardware,مواد بناء وعدد,Building Materials & Hardware,power_hand_tools,عدد وأدوات كهربائية,Power & Hand Tools,makita,ماكيتا,Makita,JP,simple,ماكيتا منشار دائري ١٩٠ مم,Makita Circular Saw 190mm,منشار دائري,pcs,قطعة,Piece,count,,,,EG,egypt,0,research,منشار دائري عدة tools Makita,approved,182
BIM-RT-TOOL-006,building_hardware,مواد بناء وعدد,Building Materials & Hardware,power_hand_tools,عدد وأدوات كهربائية,Power & Hand Tools,stanley,ستانلي,Stanley,US,simple,ستانلي شنطة عدة ١٥٠ قطعة,Stanley Tool Set 150pcs,شنطة عدة,pcs,قطعة,Piece,count,,,,EG,egypt,0,research,شنطة عدة عدة tools Stanley,approved,183
BIM-RT-TOOL-007,building_hardware,مواد بناء وعدد,Building Materials & Hardware,power_hand_tools,عدد وأدوات كهربائية,Power & Hand Tools,stanley,ستانلي,Stanley,US,simple,ستانلي متر قياس ٥ متر,Stanley Measuring Tape 5m,متر قياس,pcs,قطعة,Piece,count,,,,EG,egypt,0,research,متر قياس عدة tools Stanley,approved,184
BIM-RT-TOOL-008,building_hardware,مواد بناء وعدد,Building Materials & Hardware,power_hand_tools,عدد وأدوات كهربائية,Power & Hand Tools,stanley,ستانلي,Stanley,US,simple,ستانلي شاكوش ٥٠٠ جم,Stanley Claw Hammer 500g,شاكوش,pcs,قطعة,Piece,count,,,,EG,egypt,0,research,شاكوش عدة tools Stanley,approved,185
BIM-RT-TOOL-009,building_hardware,مواد بناء وعدد,Building Materials & Hardware,power_hand_tools,عدد وأدوات كهربائية,Power & Hand Tools,total_tools,توتال,Total Tools,CN,simple,توتال شنيور دقاق ٦٥٠ وات,Total Tools Impact Drill 650W,شنيور,pcs,قطعة,Piece,count,,,,EG,egypt,0,research,شنيور عدة tools Total Tools,approved,186
BIM-RT-TOOL-010,building_hardware,مواد بناء وعدد,Building Materials & Hardware,power_hand_tools,عدد وأدوات كهربائية,Power & Hand Tools,total_tools,توتال,Total Tools,CN,simple,توتال طقم مفكات ٦ قطع,Total Tools Screwdriver Set 6pcs,طقم مفكات,pcs,قطعة,Piece,count,,,,EG,egypt,0,research,طقم مفكات عدة tools Total Tools,approved,187
BIM-RT-TOOL-011,building_hardware,مواد بناء وعدد,Building Materials & Hardware,power_hand_tools,عدد وأدوات كهربائية,Power & Hand Tools,ingco,انجكو,Ingco,CN,simple,انجكو صاروخ قطع ١١٥ مم,Ingco Angle Grinder 115mm,صاروخ قطع,pcs,قطعة,Piece,count,,,,EG,egypt,0,research,صاروخ قطع عدة tools Ingco,approved,188
BIM-RT-TOOL-012,building_hardware,مواد بناء وعدد,Building Materials & Hardware,power_hand_tools,عدد وأدوات كهربائية,Power & Hand Tools,ingco,انجكو,Ingco,CN,simple,انجكو زرادية عادية ٨ بوصة,Ingco Combination Pliers 8 inch,زرادية,pcs,قطعة,Piece,count,,,,EG,egypt,0,research,زرادية عدة tools Ingco,approved,189
BIM-RT-TOOL-013,building_hardware,مواد بناء وعدد,Building Materials & Hardware,power_hand_tools,عدد وأدوات كهربائية,Power & Hand Tools,dewalt,ديوالت,DeWalt,US,simple,ديوالت شنيور هيلتي دقاق ٨٠٠ وات,DeWalt Rotary Hammer 800W,شنيور دقاق,pcs,قطعة,Piece,count,,,,EG,egypt,0,research,شنيور دقاق عدة tools DeWalt,approved,190
BIM-RT-TOOL-014,building_hardware,مواد بناء وعدد,Building Materials & Hardware,power_hand_tools,عدد وأدوات كهربائية,Power & Hand Tools,black_decker,بلاك اند ديكر,Black+Decker,US,simple,بلاك اند ديكر ماكينة تجليخ ٥٠٠ وات,Black+Decker Bench Grinder 500W,ماكينة تجليخ,pcs,قطعة,Piece,count,,,,EG,egypt,0,research,ماكينة تجليخ عدة tools Black+Decker,approved,191
BIM-RT-HOSE-001,building_hardware,مواد بناء وعدد,Building Materials & Hardware,hoses_fittings,خراطيم ووصلات,Hoses & Fittings,generic,بدون علامة,Generic,EG,simple,خرطوم مياه بلاستيك ١/٢ بوصة,PVC Water Hose 1/2 inch,خرطوم مياه,pcs,قطعة,Piece,count,,,,EG,egypt,0,research,خرطوم مياه خراطيم وصلات hose fitting,approved,192
BIM-RT-HOSE-002,building_hardware,مواد بناء وعدد,Building Materials & Hardware,hoses_fittings,خراطيم ووصلات,Hoses & Fittings,generic,بدون علامة,Generic,EG,simple,خرطوم ري بالتنقيط,Drip Irrigation Hose,خرطوم ري,pcs,قطعة,Piece,count,,,,EG,egypt,0,research,خرطوم ري خراطيم وصلات hose fitting,approved,193
BIM-RT-HOSE-003,building_hardware,مواد بناء وعدد,Building Materials & Hardware,hoses_fittings,خراطيم ووصلات,Hoses & Fittings,generic,بدون علامة,Generic,EG,simple,كوع بلاستيك ١/٢ بوصة,PVC Elbow 1/2 inch,كوع بلاستيك,pcs,قطعة,Piece,count,,,,EG,egypt,0,research,كوع بلاستيك خراطيم وصلات hose fitting,approved,194
BIM-RT-HOSE-004,building_hardware,مواد بناء وعدد,Building Materials & Hardware,hoses_fittings,خراطيم ووصلات,Hoses & Fittings,generic,بدون علامة,Generic,EG,simple,محبس مياه نحاس ١/٢ بوصة,Brass Water Valve 1/2 inch,محبس مياه,pcs,قطعة,Piece,count,,,,EG,egypt,0,research,محبس مياه خراطيم وصلات hose fitting,approved,195
BIM-RT-HOSE-005,building_hardware,مواد بناء وعدد,Building Materials & Hardware,hoses_fittings,خراطيم ووصلات,Hoses & Fittings,generic,بدون علامة,Generic,EG,simple,وصلة خرطوم سريعة,Quick Hose Connector,وصلة خرطوم,pcs,قطعة,Piece,count,,,,EG,egypt,0,research,وصلة خرطوم خراطيم وصلات hose fitting,approved,196
BIM-RT-HOSE-006,building_hardware,مواد بناء وعدد,Building Materials & Hardware,hoses_fittings,خراطيم ووصلات,Hoses & Fittings,generic,بدون علامة,Generic,EG,simple,شريط تفلون سباكة,Teflon Plumbing Tape,شريط تفلون,pcs,قطعة,Piece,count,,,,EG,egypt,0,research,شريط تفلون خراطيم وصلات hose fitting,approved,197
BIM-RT-LOCK-001,building_hardware,مواد بناء وعدد,Building Materials & Hardware,keys_locks,مفاتيح وأقفال,Keys & Locks,yale,ييل,Yale,GB,simple,ييل كالون باب أمان,Yale Security Door Lock,كالون باب,pcs,قطعة,Piece,count,,,,EG,egypt,0,research,كالون باب مفاتيح اقفال lock key,approved,198
BIM-RT-LOCK-002,building_hardware,مواد بناء وعدد,Building Materials & Hardware,keys_locks,مفاتيح وأقفال,Keys & Locks,yale,ييل,Yale,GB,simple,ييل كالون ديجيتال بالبصمة,Yale Digital Fingerprint Lock,كالون ديجيتال,pcs,قطعة,Piece,count,,,,EG,egypt,0,research,كالون ديجيتال مفاتيح اقفال lock key,approved,199
BIM-RT-LOCK-003,building_hardware,مواد بناء وعدد,Building Materials & Hardware,keys_locks,مفاتيح وأقفال,Keys & Locks,kale_kilit,كالة,Kale Kilit,TR,simple,كالة كالون باب مصفح,Kale Kilit Armored Door Lock,كالون باب,pcs,قطعة,Piece,count,,,,EG,egypt,0,research,كالون باب مفاتيح اقفال lock key,approved,200
BIM-RT-LOCK-004,building_hardware,مواد بناء وعدد,Building Materials & Hardware,keys_locks,مفاتيح وأقفال,Keys & Locks,generic,بدون علامة,Generic,EG,simple,قفل حديد ٥٠ مم,Generic Padlock 50mm,قفل حديد,pcs,قطعة,Piece,count,,,,EG,egypt,0,research,قفل حديد مفاتيح اقفال lock key,approved,201
BIM-RT-LOCK-005,building_hardware,مواد بناء وعدد,Building Materials & Hardware,keys_locks,مفاتيح وأقفال,Keys & Locks,generic,بدون علامة,Generic,EG,simple,اسطوانة كالون ٧٠ مم,Generic Lock Cylinder 70mm,اسطوانة كالون,pcs,قطعة,Piece,count,,,,EG,egypt,0,research,اسطوانة كالون مفاتيح اقفال lock key,approved,202
BIM-RT-LOCK-006,building_hardware,مواد بناء وعدد,Building Materials & Hardware,keys_locks,مفاتيح وأقفال,Keys & Locks,generic,بدون علامة,Generic,EG,simple,ماكينة نسخ مفاتيح,Generic Key Cutting Machine,ماكينة نسخ مفاتيح,pcs,قطعة,Piece,count,,,,EG,egypt,0,research,ماكينة نسخ مفاتيح مفاتيح اقفال lock key,approved,203
BIM-RT-CARP-001,building_hardware,مواد بناء وعدد,Building Materials & Hardware,carpentry_supplies,مستلزمات نجارة,Carpentry Supplies,generic,بدون علامة,Generic,EG,simple,لوح خشب MDF ١٨ مم,MDF Board 18mm,لوح MDF,pcs,قطعة,Piece,count,,,,EG,egypt,0,research,لوح MDF نجارة carpentry,approved,204
BIM-RT-CARP-002,building_hardware,مواد بناء وعدد,Building Materials & Hardware,carpentry_supplies,مستلزمات نجارة,Carpentry Supplies,generic,بدون علامة,Generic,EG,simple,لوح خشب كونتر ١٨ مم,Plywood Board 18mm,لوح كونتر,pcs,قطعة,Piece,count,,,,EG,egypt,0,research,لوح كونتر نجارة carpentry,approved,205
BIM-RT-CARP-003,building_hardware,مواد بناء وعدد,Building Materials & Hardware,carpentry_supplies,مستلزمات نجارة,Carpentry Supplies,generic,بدون علامة,Generic,EG,simple,قشرة خشب زان,Beech Wood Veneer,قشرة زان,pcs,قطعة,Piece,count,,,,EG,egypt,0,research,قشرة زان نجارة carpentry,approved,206
BIM-RT-CARP-004,building_hardware,مواد بناء وعدد,Building Materials & Hardware,carpentry_supplies,مستلزمات نجارة,Carpentry Supplies,generic,بدون علامة,Generic,EG,simple,غراء خشب أبيض ١ كجم,White Wood Glue 1kg,غراء خشب,pcs,قطعة,Piece,count,,,,EG,egypt,0,research,غراء خشب نجارة carpentry,approved,207
BIM-RT-CARP-005,building_hardware,مواد بناء وعدد,Building Materials & Hardware,carpentry_supplies,مستلزمات نجارة,Carpentry Supplies,generic,بدون علامة,Generic,EG,simple,مفصلة باب مطبخ,Kitchen Cabinet Hinge,مفصلة,pcs,قطعة,Piece,count,,,,EG,egypt,0,research,مفصلة نجارة carpentry,approved,208
BIM-RT-CARP-006,building_hardware,مواد بناء وعدد,Building Materials & Hardware,carpentry_supplies,مستلزمات نجارة,Carpentry Supplies,generic,بدون علامة,Generic,EG,simple,مجرى درج تليسكوبي ٤٥ سم,Telescopic Drawer Slide 45cm,مجرى درج,pcs,قطعة,Piece,count,,,,EG,egypt,0,research,مجرى درج نجارة carpentry,approved,209
BIM-RT-CARP-007,building_hardware,مواد بناء وعدد,Building Materials & Hardware,carpentry_supplies,مستلزمات نجارة,Carpentry Supplies,generic,بدون علامة,Generic,EG,simple,كالون درج,Drawer Lock,كالون درج,pcs,قطعة,Piece,count,,,,EG,egypt,0,research,كالون درج نجارة carpentry,approved,210
BIM-RT-PLAS-001,building_hardware,مواد بناء وعدد,Building Materials & Hardware,plastic_packaging,بلاستيك وأكياس,Plastic & Packaging,generic,بدون علامة,Generic,EG,simple,أكياس بلاستيك شفافة كيلو,Clear Plastic Bags 1kg,أكياس بلاستيك,pack,عبوة,Pack,count,,,,EG,egypt,0,research,أكياس بلاستيك بلاستيك تغليف plastic packaging,approved,211
BIM-RT-PLAS-002,building_hardware,مواد بناء وعدد,Building Materials & Hardware,plastic_packaging,بلاستيك وأكياس,Plastic & Packaging,generic,بدون علامة,Generic,EG,simple,أكياس قمامة كبيرة رول,Large Garbage Bags Roll,أكياس قمامة,pack,عبوة,Pack,count,,,,EG,egypt,0,research,أكياس قمامة بلاستيك تغليف plastic packaging,approved,212
BIM-RT-PLAS-003,building_hardware,مواد بناء وعدد,Building Materials & Hardware,plastic_packaging,بلاستيك وأكياس,Plastic & Packaging,generic,بدون علامة,Generic,EG,simple,شنط بلاستيك بأيدي كيلو,Plastic Handle Bags 1kg,شنط بلاستيك,pack,عبوة,Pack,count,,,,EG,egypt,0,research,شنط بلاستيك بلاستيك تغليف plastic packaging,approved,213
BIM-RT-PLAS-004,building_hardware,مواد بناء وعدد,Building Materials & Hardware,plastic_packaging,بلاستيك وأكياس,Plastic & Packaging,generic,بدون علامة,Generic,EG,simple,علب بلاستيك تيك اواي ٥٠ قطعة,Takeaway Containers 50pcs,علب تيك اواي,pack,عبوة,Pack,count,,,,EG,egypt,0,research,علب تيك اواي بلاستيك تغليف plastic packaging,approved,214
BIM-RT-PLAS-005,building_hardware,مواد بناء وعدد,Building Materials & Hardware,plastic_packaging,بلاستيك وأكياس,Plastic & Packaging,generic,بدون علامة,Generic,EG,simple,فيلم استرتش تغليف,Stretch Wrap Film,فيلم استرتش,pack,عبوة,Pack,count,,,,EG,egypt,0,research,فيلم استرتش بلاستيك تغليف plastic packaging,approved,215
BIM-RT-PLAS-006,building_hardware,مواد بناء وعدد,Building Materials & Hardware,plastic_packaging,بلاستيك وأكياس,Plastic & Packaging,generic,بدون علامة,Generic,EG,simple,شريط لاصق تغليف,Packing Tape,شريط لاصق,pack,عبوة,Pack,count,,,,EG,egypt,0,research,شريط لاصق بلاستيك تغليف plastic packaging,approved,216
BIM-RT-CARS-001,vehicles_parts,مركبات وقطع غيار,Vehicles & Parts,cars_showroom,سيارات,Cars,hyundai,هيونداي,Hyundai,KR,simple,هيونداي النترا CN٧,Hyundai Elantra CN7,النترا CN٧,pcs,قطعة,Piece,count,,,,EG,egypt,0,research,هيونداي النترا CN٧ سيارة car,approved,217
BIM-RT-CARS-002,vehicles_parts,مركبات وقطع غيار,Vehicles & Parts,cars_showroom,سيارات,Cars,hyundai,هيونداي,Hyundai,KR,simple,هيونداي اكسنت RB,Hyundai Accent RB,اكسنت RB,pcs,قطعة,Piece,count,,,,EG,egypt,0,research,هيونداي اكسنت RB سيارة car,approved,218
BIM-RT-CARS-003,vehicles_parts,مركبات وقطع غيار,Vehicles & Parts,cars_showroom,سيارات,Cars,chevrolet,شيفروليه,Chevrolet,US,simple,شيفروليه اوبترا,Chevrolet Optra,اوبترا,pcs,قطعة,Piece,count,,,,EG,egypt,0,research,شيفروليه اوبترا سيارة car,approved,219
BIM-RT-CARS-004,vehicles_parts,مركبات وقطع غيار,Vehicles & Parts,cars_showroom,سيارات,Cars,chevrolet,شيفروليه,Chevrolet,US,simple,شيفروليه كابتيفا,Chevrolet Captiva,كابتيفا,pcs,قطعة,Piece,count,,,,EG,egypt,0,research,شيفروليه كابتيفا سيارة car,approved,220
BIM-RT-CARS-005,vehicles_parts,مركبات وقطع غيار,Vehicles & Parts,cars_showroom,سيارات,Cars,nissan,نيسان,Nissan,JP,simple,نيسان صني,Nissan Sunny,صني,pcs,قطعة,Piece,count,,,,EG,egypt,0,research,نيسان صني سيارة car,approved,221
BIM-RT-CARS-006,vehicles_parts,مركبات وقطع غيار,Vehicles & Parts,cars_showroom,سيارات,Cars,kia,كيا,Kia,KR,simple,كيا سيراتو,Kia Cerato,سيراتو,pcs,قطعة,Piece,count,,,,EG,egypt,0,research,كيا سيراتو سيارة car,approved,222
BIM-RT-CARS-007,vehicles_parts,مركبات وقطع غيار,Vehicles & Parts,cars_showroom,سيارات,Cars,kia,كيا,Kia,KR,simple,كيا بيجاس,Kia Pegas,بيجاس,pcs,قطعة,Piece,count,,,,EG,egypt,0,research,كيا بيجاس سيارة car,approved,223
BIM-RT-CARS-008,vehicles_parts,مركبات وقطع غيار,Vehicles & Parts,cars_showroom,سيارات,Cars,toyota,تويوتا,Toyota,JP,simple,تويوتا كورولا,Toyota Corolla,كورولا,pcs,قطعة,Piece,count,,,,EG,egypt,0,research,تويوتا كورولا سيارة car,approved,224
BIM-RT-CARS-009,vehicles_parts,مركبات وقطع غيار,Vehicles & Parts,cars_showroom,سيارات,Cars,mg_motor,ام جي,MG,CN,simple,ام جي MG٥,MG MG5,MG٥,pcs,قطعة,Piece,count,,,,EG,egypt,0,research,ام جي MG٥ سيارة car,approved,225
BIM-RT-CARS-010,vehicles_parts,مركبات وقطع غيار,Vehicles & Parts,cars_showroom,سيارات,Cars,mg_motor,ام جي,MG,CN,simple,ام جي ZS,MG ZS,ZS,pcs,قطعة,Piece,count,,,,EG,egypt,0,research,ام جي ZS سيارة car,approved,226
BIM-RT-CARS-011,vehicles_parts,مركبات وقطع غيار,Vehicles & Parts,cars_showroom,سيارات,Cars,renault,رينو,Renault,FR,simple,رينو لوجان,Renault Logan,لوجان,pcs,قطعة,Piece,count,,,,EG,egypt,0,research,رينو لوجان سيارة car,approved,227
BIM-RT-CARS-012,vehicles_parts,مركبات وقطع غيار,Vehicles & Parts,cars_showroom,سيارات,Cars,fiat,فيات,Fiat,IT,simple,فيات تيبو,Fiat Tipo,تيبو,pcs,قطعة,Piece,count,,,,EG,egypt,0,research,فيات تيبو سيارة car,approved,228
BIM-RT-MOTO-001,vehicles_parts,مركبات وقطع غيار,Vehicles & Parts,motorcycles,موتوسيكلات,Motorcycles,bajaj,باجاج,Bajaj,IN,simple,باجاج بوكسر ١٥٠,Bajaj Boxer 150,بوكسر ١٥٠,pcs,قطعة,Piece,count,,,,EG,egypt,0,research,بوكسر ١٥٠ موتوسيكل motorcycle,approved,229
BIM-RT-MOTO-002,vehicles_parts,مركبات وقطع غيار,Vehicles & Parts,motorcycles,موتوسيكلات,Motorcycles,bajaj,باجاج,Bajaj,IN,simple,باجاج بلسر ١٨٠,Bajaj Pulsar 180,بلسر ١٨٠,pcs,قطعة,Piece,count,,,,EG,egypt,0,research,بلسر ١٨٠ موتوسيكل motorcycle,approved,230
BIM-RT-MOTO-003,vehicles_parts,مركبات وقطع غيار,Vehicles & Parts,motorcycles,موتوسيكلات,Motorcycles,honda,هوندا,Honda,JP,simple,هوندا CG ١٥٠,Honda CG 150,CG ١٥٠,pcs,قطعة,Piece,count,,,,EG,egypt,0,research,CG ١٥٠ موتوسيكل motorcycle,approved,231
BIM-RT-MOTO-004,vehicles_parts,مركبات وقطع غيار,Vehicles & Parts,motorcycles,موتوسيكلات,Motorcycles,suzuki,سوزوكي,Suzuki,JP,simple,سوزوكي GD ١١٠,Suzuki GD 110,GD ١١٠,pcs,قطعة,Piece,count,,,,EG,egypt,0,research,GD ١١٠ موتوسيكل motorcycle,approved,232
BIM-RT-MOTO-005,vehicles_parts,مركبات وقطع غيار,Vehicles & Parts,motorcycles,موتوسيكلات,Motorcycles,tvs,تي في اس,TVS,IN,simple,تي في اس ابتشي ١٦٠,TVS Apache 160,ابتشي ١٦٠,pcs,قطعة,Piece,count,,,,EG,egypt,0,research,ابتشي ١٦٠ موتوسيكل motorcycle,approved,233
BIM-RT-MOTO-006,vehicles_parts,مركبات وقطع غيار,Vehicles & Parts,motorcycles,موتوسيكلات,Motorcycles,generic,بدون علامة,Generic,EG,simple,سكوتر ١٥٠ سي سي,Generic Scooter 150cc,سكوتر ١٥٠ سي سي,pcs,قطعة,Piece,count,,,,EG,egypt,0,research,سكوتر ١٥٠ سي سي موتوسيكل motorcycle,approved,234
BIM-RT-MOTO-007,vehicles_parts,مركبات وقطع غيار,Vehicles & Parts,motorcycles,موتوسيكلات,Motorcycles,generic,بدون علامة,Generic,EG,simple,تروسيكل نقل بضائع,Generic Cargo Tricycle,تروسيكل نقل بضائع,pcs,قطعة,Piece,count,,,,EG,egypt,0,research,تروسيكل نقل بضائع موتوسيكل motorcycle,approved,235
BIM-RT-ASPR-001,vehicles_parts,مركبات وقطع غيار,Vehicles & Parts,auto_spare_parts,قطع غيار سيارات,Auto Spare Parts,bosch,بوش,Bosch,DE,simple,بوش بوجيهات سيارة طقم ٤,Bosch Spark Plugs Set of 4,بوجيهات,pcs,قطعة,Piece,count,,,,EG,egypt,0,research,بوجيهات قطع غيار spare part,approved,236
BIM-RT-ASPR-002,vehicles_parts,مركبات وقطع غيار,Vehicles & Parts,auto_spare_parts,قطع غيار سيارات,Auto Spare Parts,bosch,بوش,Bosch,DE,simple,بوش مساحات زجاج أمامي طقم,Bosch Wiper Blades Set,مساحات,pcs,قطعة,Piece,count,,,,EG,egypt,0,research,مساحات قطع غيار spare part,approved,237
BIM-RT-ASPR-003,vehicles_parts,مركبات وقطع غيار,Vehicles & Parts,auto_spare_parts,قطع غيار سيارات,Auto Spare Parts,ngk,ان جي كيه,NGK,JP,simple,ان جي كيه بوجيهات ايريديوم طقم ٤,NGK Iridium Spark Plugs Set of 4,بوجيهات,pcs,قطعة,Piece,count,,,,EG,egypt,0,research,بوجيهات قطع غيار spare part,approved,238
BIM-RT-ASPR-004,vehicles_parts,مركبات وقطع غيار,Vehicles & Parts,auto_spare_parts,قطع غيار سيارات,Auto Spare Parts,denso,دينسو,Denso,JP,simple,دينسو دينامو سيارة,Denso Alternator,دينامو,pcs,قطعة,Piece,count,,,,EG,egypt,0,research,دينامو قطع غيار spare part,approved,239
BIM-RT-ASPR-005,vehicles_parts,مركبات وقطع غيار,Vehicles & Parts,auto_spare_parts,قطع غيار سيارات,Auto Spare Parts,mann_filter,مان فلتر,Mann Filter,DE,simple,مان فلتر فلتر زيت,Mann Filter Oil Filter,فلتر زيت,pcs,قطعة,Piece,count,,,,EG,egypt,0,research,فلتر زيت قطع غيار spare part,approved,240
BIM-RT-ASPR-006,vehicles_parts,مركبات وقطع غيار,Vehicles & Parts,auto_spare_parts,قطع غيار سيارات,Auto Spare Parts,mann_filter,مان فلتر,Mann Filter,DE,simple,مان فلتر فلتر هواء,Mann Filter Air Filter,فلتر هواء,pcs,قطعة,Piece,count,,,,EG,egypt,0,research,فلتر هواء قطع غيار spare part,approved,241
BIM-RT-ASPR-007,vehicles_parts,مركبات وقطع غيار,Vehicles & Parts,auto_spare_parts,قطع غيار سيارات,Auto Spare Parts,mann_filter,مان فلتر,Mann Filter,DE,simple,مان فلتر فلتر بنزين,Mann Filter Fuel Filter,فلتر بنزين,pcs,قطعة,Piece,count,,,,EG,egypt,0,research,فلتر بنزين قطع غيار spare part,approved,242
BIM-RT-ASPR-008,vehicles_parts,مركبات وقطع غيار,Vehicles & Parts,auto_spare_parts,قطع غيار سيارات,Auto Spare Parts,valeo,فاليو,Valeo,FR,simple,فاليو طقم دبرياج,Valeo Clutch Kit,طقم دبرياج,pcs,قطعة,Piece,count,,,,EG,egypt,0,research,طقم دبرياج قطع غيار spare part,approved,243
BIM-RT-ASPR-009,vehicles_parts,مركبات وقطع غيار,Vehicles & Parts,auto_spare_parts,قطع غيار سيارات,Auto Spare Parts,generic,بدون علامة,Generic,EG,simple,تيل فرامل أمامي,Generic Front Brake Pads,تيل فرامل,pcs,قطعة,Piece,count,,,,EG,egypt,0,research,تيل فرامل قطع غيار spare part,approved,244
BIM-RT-ASPR-010,vehicles_parts,مركبات وقطع غيار,Vehicles & Parts,auto_spare_parts,قطع غيار سيارات,Auto Spare Parts,generic,بدون علامة,Generic,EG,simple,بطارية سيارة ٧٠ أمبير,Generic Car Battery 70Ah,بطارية سيارة,pcs,قطعة,Piece,count,,,,EG,egypt,0,research,بطارية سيارة قطع غيار spare part,approved,245
BIM-RT-AACC-001,vehicles_parts,مركبات وقطع غيار,Vehicles & Parts,auto_accessories,إكسسوارات سيارات,Auto Accessories,generic,بدون علامة,Generic,EG,simple,مفارش سيارة جلد طقم,Leather Seat Covers Set,مفارش سيارة,pcs,قطعة,Piece,count,,,,EG,egypt,0,research,مفارش سيارة اكسسوار سيارة car accessory,approved,246
BIM-RT-AACC-002,vehicles_parts,مركبات وقطع غيار,Vehicles & Parts,auto_accessories,إكسسوارات سيارات,Auto Accessories,generic,بدون علامة,Generic,EG,simple,دواسات أرضية مطاط طقم,Rubber Floor Mats Set,دواسات أرضية,pcs,قطعة,Piece,count,,,,EG,egypt,0,research,دواسات أرضية اكسسوار سيارة car accessory,approved,247
BIM-RT-AACC-003,vehicles_parts,مركبات وقطع غيار,Vehicles & Parts,auto_accessories,إكسسوارات سيارات,Auto Accessories,generic,بدون علامة,Generic,EG,simple,شاشة سيارة أندرويد ٩ بوصة,Android Car Screen 9 inch,شاشة سيارة,pcs,قطعة,Piece,count,,,,EG,egypt,0,research,شاشة سيارة اكسسوار سيارة car accessory,approved,248
BIM-RT-AACC-004,vehicles_parts,مركبات وقطع غيار,Vehicles & Parts,auto_accessories,إكسسوارات سيارات,Auto Accessories,generic,بدون علامة,Generic,EG,simple,كاميرا خلفية للسيارة,Car Rear Camera,كاميرا خلفية,pcs,قطعة,Piece,count,,,,EG,egypt,0,research,كاميرا خلفية اكسسوار سيارة car accessory,approved,249
BIM-RT-AACC-005,vehicles_parts,مركبات وقطع غيار,Vehicles & Parts,auto_accessories,إكسسوارات سيارات,Auto Accessories,generic,بدون علامة,Generic,EG,simple,حامل موبايل للسيارة,Car Phone Holder,حامل موبايل,pcs,قطعة,Piece,count,,,,EG,egypt,0,research,حامل موبايل اكسسوار سيارة car accessory,approved,250
BIM-RT-AACC-006,vehicles_parts,مركبات وقطع غيار,Vehicles & Parts,auto_accessories,إكسسوارات سيارات,Auto Accessories,generic,بدون علامة,Generic,EG,simple,غطاء سيارة خارجي,Car Body Cover,غطاء سيارة,pcs,قطعة,Piece,count,,,,EG,egypt,0,research,غطاء سيارة اكسسوار سيارة car accessory,approved,251
BIM-RT-AACC-007,vehicles_parts,مركبات وقطع غيار,Vehicles & Parts,auto_accessories,إكسسوارات سيارات,Auto Accessories,generic,بدون علامة,Generic,EG,simple,معطر سيارة,Car Air Freshener,معطر سيارة,pcs,قطعة,Piece,count,,,,EG,egypt,0,research,معطر سيارة اكسسوار سيارة car accessory,approved,252
BIM-RT-AACC-008,vehicles_parts,مركبات وقطع غيار,Vehicles & Parts,auto_accessories,إكسسوارات سيارات,Auto Accessories,generic,بدون علامة,Generic,EG,simple,كمبروسر هواء للكاوتش,Tire Air Compressor,كمبروسر هواء,pcs,قطعة,Piece,count,,,,EG,egypt,0,research,كمبروسر هواء اكسسوار سيارة car accessory,approved,253
BIM-RT-TIRE-001,vehicles_parts,مركبات وقطع غيار,Vehicles & Parts,tires_rims,جنوط وكاوتش,Tires & Rims,pirelli,بيريللي,Pirelli,IT,simple,بيريللي كاوتش ١٩٥/٦٥ R١٥,Pirelli Tire 195/65 R15,كاوتش سيارة,pcs,قطعة,Piece,count,,١٩٥/٦٥ R١٥,,EG,egypt,0,research,كاوتش tire Pirelli 195/65 R15,approved,254
BIM-RT-TIRE-002,vehicles_parts,مركبات وقطع غيار,Vehicles & Parts,tires_rims,جنوط وكاوتش,Tires & Rims,michelin,ميشلان,Michelin,FR,simple,ميشلان كاوتش ١٩٥/٦٥ R١٥,Michelin Tire 195/65 R15,كاوتش سيارة,pcs,قطعة,Piece,count,,١٩٥/٦٥ R١٥,,EG,egypt,0,research,كاوتش tire Michelin 195/65 R15,approved,255
BIM-RT-TIRE-003,vehicles_parts,مركبات وقطع غيار,Vehicles & Parts,tires_rims,جنوط وكاوتش,Tires & Rims,michelin,ميشلان,Michelin,FR,simple,ميشلان كاوتش ٢٠٥/٥٥ R١٦,Michelin Tire 205/55 R16,كاوتش سيارة,pcs,قطعة,Piece,count,,٢٠٥/٥٥ R١٦,,EG,egypt,0,research,كاوتش tire Michelin 205/55 R16,approved,256
BIM-RT-TIRE-004,vehicles_parts,مركبات وقطع غيار,Vehicles & Parts,tires_rims,جنوط وكاوتش,Tires & Rims,bridgestone,بريدجستون,Bridgestone,JP,simple,بريدجستون كاوتش ١٨٥/٦٥ R١٥,Bridgestone Tire 185/65 R15,كاوتش سيارة,pcs,قطعة,Piece,count,,١٨٥/٦٥ R١٥,,EG,egypt,0,research,كاوتش tire Bridgestone 185/65 R15,approved,257
BIM-RT-TIRE-005,vehicles_parts,مركبات وقطع غيار,Vehicles & Parts,tires_rims,جنوط وكاوتش,Tires & Rims,dunlop,دنلوب,Dunlop,GB,simple,دنلوب كاوتش ١٩٥/٦٠ R١٥,Dunlop Tire 195/60 R15,كاوتش سيارة,pcs,قطعة,Piece,count,,١٩٥/٦٠ R١٥,,EG,egypt,0,research,كاوتش tire Dunlop 195/60 R15,approved,258
BIM-RT-TIRE-006,vehicles_parts,مركبات وقطع غيار,Vehicles & Parts,tires_rims,جنوط وكاوتش,Tires & Rims,kumho,كومهو,Kumho,KR,simple,كومهو كاوتش ٢٠٥/٥٥ R١٦,Kumho Tire 205/55 R16,كاوتش سيارة,pcs,قطعة,Piece,count,,٢٠٥/٥٥ R١٦,,EG,egypt,0,research,كاوتش tire Kumho 205/55 R16,approved,259
BIM-RT-TIRE-007,vehicles_parts,مركبات وقطع غيار,Vehicles & Parts,tires_rims,جنوط وكاوتش,Tires & Rims,lassa,لاسا,Lassa,TR,simple,لاسا كاوتش ١٧٥/٧٠ R١٣,Lassa Tire 175/70 R13,كاوتش سيارة,pcs,قطعة,Piece,count,,١٧٥/٧٠ R١٣,,EG,egypt,0,research,كاوتش tire Lassa 175/70 R13,approved,260
BIM-RT-TIRE-008,vehicles_parts,مركبات وقطع غيار,Vehicles & Parts,tires_rims,جنوط وكاوتش,Tires & Rims,continental,كونتيننتال,Continental,DE,simple,كونتيننتال كاوتش ٢١٥/٦٠ R١٦,Continental Tire 215/60 R16,كاوتش سيارة,pcs,قطعة,Piece,count,,٢١٥/٦٠ R١٦,,EG,egypt,0,research,كاوتش tire Continental 215/60 R16,approved,261
BIM-RT-TIRE-009,vehicles_parts,مركبات وقطع غيار,Vehicles & Parts,tires_rims,جنوط وكاوتش,Tires & Rims,generic,بدون علامة,Generic,EG,simple,جنط حديد ١٥ بوصة,Steel Rim 15 inch,جنط حديد,pcs,قطعة,Piece,count,,,,EG,egypt,0,research,جنط حديد جنط rim,approved,262
BIM-RT-TIRE-010,vehicles_parts,مركبات وقطع غيار,Vehicles & Parts,tires_rims,جنوط وكاوتش,Tires & Rims,generic,بدون علامة,Generic,EG,simple,جنط سبيكة ١٦ بوصة,Alloy Rim 16 inch,جنط سبيكة,pcs,قطعة,Piece,count,,,,EG,egypt,0,research,جنط سبيكة جنط rim,approved,263
BIM-RT-TIRE-011,vehicles_parts,مركبات وقطع غيار,Vehicles & Parts,tires_rims,جنوط وكاوتش,Tires & Rims,generic,بدون علامة,Generic,EG,simple,طقم صواميل جنط,Wheel Nuts Set,صواميل جنط,pcs,قطعة,Piece,count,,,,EG,egypt,0,research,صواميل جنط جنط rim,approved,264
BIM-RT-AOIL-001,vehicles_parts,مركبات وقطع غيار,Vehicles & Parts,auto_oils_fluids,زيوت سيارات,Auto Oils & Fluids,mobil,موبيل,Mobil,US,simple,موبيل زيت محرك سوبر ٢٠W-٥٠ ٤ لتر,Mobil Super Engine Oil 20W-50,زيت محرك سوبر ٢٠W-٥٠,l,لتر,Liter,volume,4,٤ لتر,,EG,egypt,0,research,زيت محرك سوبر ٢٠W-٥٠ زيت oil,approved,265
BIM-RT-AOIL-002,vehicles_parts,مركبات وقطع غيار,Vehicles & Parts,auto_oils_fluids,زيوت سيارات,Auto Oils & Fluids,mobil,موبيل,Mobil,US,simple,موبيل زيت محرك سينثتك ٥W-٤٠ ٤ لتر,Mobil Synthetic Engine Oil 5W-40,زيت محرك سينثتك ٥W-٤٠,l,لتر,Liter,volume,4,٤ لتر,,EG,egypt,0,research,زيت محرك سينثتك ٥W-٤٠ زيت oil,approved,266
BIM-RT-AOIL-003,vehicles_parts,مركبات وقطع غيار,Vehicles & Parts,auto_oils_fluids,زيوت سيارات,Auto Oils & Fluids,castrol,كاسترول,Castrol,GB,simple,كاسترول زيت محرك ماجناتك ١٠W-٤٠ ٤ لتر,Castrol Magnatec Engine Oil 10W-40,زيت محرك ماجناتك ١٠W-٤٠,l,لتر,Liter,volume,4,٤ لتر,,EG,egypt,0,research,زيت محرك ماجناتك ١٠W-٤٠ زيت oil,approved,267
BIM-RT-AOIL-004,vehicles_parts,مركبات وقطع غيار,Vehicles & Parts,auto_oils_fluids,زيوت سيارات,Auto Oils & Fluids,castrol,كاسترول,Castrol,GB,simple,كاسترول زيت محرك GTX ٢٠W-٥٠ ٤ لتر,Castrol GTX Engine Oil 20W-50,زيت محرك GTX ٢٠W-٥٠,l,لتر,Liter,volume,4,٤ لتر,,EG,egypt,0,research,زيت محرك GTX ٢٠W-٥٠ زيت oil,approved,268
BIM-RT-AOIL-005,vehicles_parts,مركبات وقطع غيار,Vehicles & Parts,auto_oils_fluids,زيوت سيارات,Auto Oils & Fluids,shell,شل,Shell,GB,simple,شل زيت محرك هيلكس HX٧ ١٠W-٤٠ ٤ لتر,Shell Helix HX7 Engine Oil 10W-40,زيت محرك هيلكس HX٧ ١٠W-٤٠,l,لتر,Liter,volume,4,٤ لتر,,EG,egypt,0,research,زيت محرك هيلكس HX٧ ١٠W-٤٠ زيت oil,approved,269
BIM-RT-AOIL-006,vehicles_parts,مركبات وقطع غيار,Vehicles & Parts,auto_oils_fluids,زيوت سيارات,Auto Oils & Fluids,total_lubricants,توتال,Total Lubricants,FR,simple,توتال زيت محرك كوارتز ٢٠W-٥٠ ٤ لتر,Total Lubricants Quartz Engine Oil 20W-50,زيت محرك كوارتز ٢٠W-٥٠,l,لتر,Liter,volume,4,٤ لتر,,EG,egypt,0,research,زيت محرك كوارتز ٢٠W-٥٠ زيت oil,approved,270
BIM-RT-AOIL-007,vehicles_parts,مركبات وقطع غيار,Vehicles & Parts,auto_oils_fluids,زيوت سيارات,Auto Oils & Fluids,wataniya,الوطنية,Wataniya,EG,simple,الوطنية زيت محرك ٢٠W-٥٠ ٤ لتر,Wataniya Engine Oil 20W-50,زيت محرك ٢٠W-٥٠,l,لتر,Liter,volume,4,٤ لتر,,EG,egypt,0,research,زيت محرك ٢٠W-٥٠ زيت oil,approved,271
BIM-RT-AOIL-008,vehicles_parts,مركبات وقطع غيار,Vehicles & Parts,auto_oils_fluids,زيوت سيارات,Auto Oils & Fluids,misr_petroleum,مصر للبترول,Misr Petroleum,EG,simple,مصر للبترول زيت محرك ٢٠W-٥٠ ٤ لتر,Misr Petroleum Engine Oil 20W-50,زيت محرك ٢٠W-٥٠,l,لتر,Liter,volume,4,٤ لتر,,EG,egypt,0,research,زيت محرك ٢٠W-٥٠ زيت oil,approved,272
BIM-RT-AOIL-009,vehicles_parts,مركبات وقطع غيار,Vehicles & Parts,auto_oils_fluids,زيوت سيارات,Auto Oils & Fluids,chevron,شيفرون,Chevron,US,simple,شيفرون زيت محرك ديلو ١٥W-٤٠ ٤ لتر,Chevron Delo Engine Oil 15W-40,زيت محرك ديلو ١٥W-٤٠,l,لتر,Liter,volume,4,٤ لتر,,EG,egypt,0,research,زيت محرك ديلو ١٥W-٤٠ زيت oil,approved,273
BIM-RT-AOIL-010,vehicles_parts,مركبات وقطع غيار,Vehicles & Parts,auto_oils_fluids,زيوت سيارات,Auto Oils & Fluids,generic,بدون علامة,Generic,EG,simple,زيت فتيس أوتوماتيك ATF ١ لتر,Generic ATF Transmission Oil,زيت فتيس أوتوماتيك ATF,l,لتر,Liter,volume,1,١ لتر,,EG,egypt,0,research,زيت فتيس أوتوماتيك ATF زيت oil,approved,274
BIM-RT-AOIL-011,vehicles_parts,مركبات وقطع غيار,Vehicles & Parts,auto_oils_fluids,زيوت سيارات,Auto Oils & Fluids,generic,بدون علامة,Generic,EG,simple,مياه رادياتير مركزة ١ لتر,Generic Radiator Coolant,مياه رادياتير مركزة,l,لتر,Liter,volume,1,١ لتر,,EG,egypt,0,research,مياه رادياتير مركزة زيت oil,approved,275
BIM-RT-AOIL-012,vehicles_parts,مركبات وقطع غيار,Vehicles & Parts,auto_oils_fluids,زيوت سيارات,Auto Oils & Fluids,generic,بدون علامة,Generic,EG,simple,زيت فرامل DOT٤ ١ لتر,Generic Brake Fluid DOT4,زيت فرامل DOT٤,l,لتر,Liter,volume,1,١ لتر,,EG,egypt,0,research,زيت فرامل DOT٤ زيت oil,approved,276
BIM-RT-MATT-001,home_furnishings,أثاث ومفروشات,Home & Furnishings,mattresses,مراتب,Mattresses,janssen,جانسن,Janssen,EG,simple,جانسن مرتبة طبية ١٦٠×٢٠٠,Janssen Medical Mattress 160x200,مرتبة,pcs,قطعة,Piece,count,,١٦٠×٢٠٠,,EG,egypt,0,research,مرتبة mattress ١٦٠×٢٠٠,approved,277
BIM-RT-MATT-002,home_furnishings,أثاث ومفروشات,Home & Furnishings,mattresses,مراتب,Mattresses,janssen,جانسن,Janssen,EG,simple,جانسن مرتبة سوست ١٨٠×٢٠٠,Janssen Spring Mattress 180x200,مرتبة,pcs,قطعة,Piece,count,,١٨٠×٢٠٠,,EG,egypt,0,research,مرتبة mattress ١٨٠×٢٠٠,approved,278
BIM-RT-MATT-003,home_furnishings,أثاث ومفروشات,Home & Furnishings,mattresses,مراتب,Mattresses,generic,بدون علامة,Generic,EG,simple,مرتبة اسفنج ضغط عالي ١٢٠×٢٠٠,Generic High-Density Foam Mattress 120x200,مرتبة,pcs,قطعة,Piece,count,,١٢٠×٢٠٠,,EG,egypt,0,research,مرتبة mattress ١٢٠×٢٠٠,approved,279
BIM-RT-MATT-004,home_furnishings,أثاث ومفروشات,Home & Furnishings,mattresses,مراتب,Mattresses,generic,بدون علامة,Generic,EG,simple,مرتبة اسفنج ٩٠×٢٠٠,Generic Foam Mattress 90x200,مرتبة,pcs,قطعة,Piece,count,,٩٠×٢٠٠,,EG,egypt,0,research,مرتبة mattress ٩٠×٢٠٠,approved,280
BIM-RT-MATT-005,home_furnishings,أثاث ومفروشات,Home & Furnishings,mattresses,مراتب,Mattresses,generic,بدون علامة,Generic,EG,simple,مرتبة سرير أطفال ٧٠×١٤٠,Generic Baby Cot Mattress 70x140,مرتبة,pcs,قطعة,Piece,count,,٧٠×١٤٠,,EG,egypt,0,research,مرتبة mattress ٧٠×١٤٠,approved,281
BIM-RT-MATT-006,home_furnishings,أثاث ومفروشات,Home & Furnishings,mattresses,مراتب,Mattresses,generic,بدون علامة,Generic,EG,simple,مخدة اسفنج طبية,Generic Medical Foam Pillow,مرتبة,pcs,قطعة,Piece,count,,,,EG,egypt,0,research,مرتبة mattress ,approved,282
BIM-RT-FOAM-001,home_furnishings,أثاث ومفروشات,Home & Furnishings,foam_products,إسفنج,Foam Products,generic,بدون علامة,Generic,EG,simple,لوح اسفنج ضغط عالي ٥ سم,High-Density Foam Sheet 5cm,لوح اسفنج,pcs,قطعة,Piece,count,,,,EG,egypt,0,research,لوح اسفنج اسفنج foam,approved,283
BIM-RT-FOAM-002,home_furnishings,أثاث ومفروشات,Home & Furnishings,foam_products,إسفنج,Foam Products,generic,بدون علامة,Generic,EG,simple,لوح اسفنج ضغط عادي ١٠ سم,Standard Foam Sheet 10cm,لوح اسفنج,pcs,قطعة,Piece,count,,,,EG,egypt,0,research,لوح اسفنج اسفنج foam,approved,284
BIM-RT-FOAM-003,home_furnishings,أثاث ومفروشات,Home & Furnishings,foam_products,إسفنج,Foam Products,generic,بدون علامة,Generic,EG,simple,اسفنج ظهر كنبة,Sofa Back Foam,اسفنج كنبة,pcs,قطعة,Piece,count,,,,EG,egypt,0,research,اسفنج كنبة اسفنج foam,approved,285
BIM-RT-FOAM-004,home_furnishings,أثاث ومفروشات,Home & Furnishings,foam_products,إسفنج,Foam Products,generic,بدون علامة,Generic,EG,simple,اسفنج عازل صوت,Acoustic Foam Panel,اسفنج عازل,pcs,قطعة,Piece,count,,,,EG,egypt,0,research,اسفنج عازل اسفنج foam,approved,286
BIM-RT-FOAM-005,home_furnishings,أثاث ومفروشات,Home & Furnishings,foam_products,إسفنج,Foam Products,generic,بدون علامة,Generic,EG,simple,حشو مخدات اسفنج مفروم كيلو,Shredded Foam Filling 1kg,حشو مخدات,pcs,قطعة,Piece,count,,,,EG,egypt,0,research,حشو مخدات اسفنج foam,approved,287
BIM-RT-CARP2-001,home_furnishings,أثاث ومفروشات,Home & Furnishings,carpets_rugs,سجاد,Carpets & Rugs,oriental_weavers,أوريونتال ويفرز,Oriental Weavers,EG,simple,أوريونتال ويفرز سجاد موكيت ١٦٠×٢٣٠,Oriental Weavers Machine-Made Carpet 160x230,سجاد,pcs,قطعة,Piece,count,,١٦٠×٢٣٠,,EG,egypt,0,research,سجاد carpet rug ١٦٠×٢٣٠,approved,288
BIM-RT-CARP2-002,home_furnishings,أثاث ومفروشات,Home & Furnishings,carpets_rugs,سجاد,Carpets & Rugs,oriental_weavers,أوريونتال ويفرز,Oriental Weavers,EG,simple,أوريونتال ويفرز سجاد موكيت ٢٠٠×٢٩٠,Oriental Weavers Machine-Made Carpet 200x290,سجاد,pcs,قطعة,Piece,count,,٢٠٠×٢٩٠,,EG,egypt,0,research,سجاد carpet rug ٢٠٠×٢٩٠,approved,289
BIM-RT-CARP2-003,home_furnishings,أثاث ومفروشات,Home & Furnishings,carpets_rugs,سجاد,Carpets & Rugs,oriental_weavers,أوريونتال ويفرز,Oriental Weavers,EG,simple,أوريونتال ويفرز سجادة صلاة,Oriental Weavers Prayer Rug,سجاد,pcs,قطعة,Piece,count,,,,EG,egypt,0,research,سجاد carpet rug ,approved,290
BIM-RT-CARP2-004,home_furnishings,أثاث ومفروشات,Home & Furnishings,carpets_rugs,سجاد,Carpets & Rugs,oriental_weavers,أوريونتال ويفرز,Oriental Weavers,EG,simple,أوريونتال ويفرز سجاد عجمي ١٥٠×٢٢٠,Oriental Weavers Ajami Carpet 150x220,سجاد,pcs,قطعة,Piece,count,,١٥٠×٢٢٠,,EG,egypt,0,research,سجاد carpet rug ١٥٠×٢٢٠,approved,291
BIM-RT-CARP2-005,home_furnishings,أثاث ومفروشات,Home & Furnishings,carpets_rugs,سجاد,Carpets & Rugs,generic,بدون علامة,Generic,EG,simple,موكيت وول تو وول متر مربع,Wall-to-Wall Carpet per m2,موكيت,pcs,قطعة,Piece,count,,,,EG,egypt,0,research,موكيت carpet,approved,292
BIM-RT-CARP2-006,home_furnishings,أثاث ومفروشات,Home & Furnishings,carpets_rugs,سجاد,Carpets & Rugs,generic,بدون علامة,Generic,EG,simple,دعاسة مدخل مطاط,Rubber Entrance Mat,موكيت,pcs,قطعة,Piece,count,,,,EG,egypt,0,research,موكيت carpet,approved,293
BIM-RT-COOK-001,home_furnishings,أثاث ومفروشات,Home & Furnishings,aluminum_cookware,ألمونتال وأدوات مطبخ,Aluminum & Cookware,tefal,تيفال,Tefal,FR,simple,تيفال طاسة تيفال جرانيت ٢٨ سم,Tefal Granite Frying Pan 28cm,طاسة,pcs,قطعة,Piece,count,,,,EG,egypt,0,research,طاسة مطبخ kitchen cookware,approved,294
BIM-RT-COOK-002,home_furnishings,أثاث ومفروشات,Home & Furnishings,aluminum_cookware,ألمونتال وأدوات مطبخ,Aluminum & Cookware,tefal,تيفال,Tefal,FR,simple,تيفال طقم حلل جرانيت ٧ قطع,Tefal Granite Cookware Set 7pcs,طقم حلل,pcs,قطعة,Piece,count,,,,EG,egypt,0,research,طقم حلل مطبخ kitchen cookware,approved,295
BIM-RT-COOK-003,home_furnishings,أثاث ومفروشات,Home & Furnishings,aluminum_cookware,ألمونتال وأدوات مطبخ,Aluminum & Cookware,tefal,تيفال,Tefal,FR,simple,تيفال غلاية كهربائية ١.٧ لتر,Tefal Electric Kettle 1.7L,غلاية كهربائية,pcs,قطعة,Piece,count,,,,EG,egypt,0,research,غلاية كهربائية مطبخ kitchen cookware,approved,296
BIM-RT-COOK-004,home_furnishings,أثاث ومفروشات,Home & Furnishings,aluminum_cookware,ألمونتال وأدوات مطبخ,Aluminum & Cookware,prestige,بريستيج,Prestige,GB,simple,بريستيج حلة ضغط ٧ لتر,Prestige Pressure Cooker 7L,حلة ضغط,pcs,قطعة,Piece,count,,,,EG,egypt,0,research,حلة ضغط مطبخ kitchen cookware,approved,297
BIM-RT-COOK-005,home_furnishings,أثاث ومفروشات,Home & Furnishings,aluminum_cookware,ألمونتال وأدوات مطبخ,Aluminum & Cookware,prestige,بريستيج,Prestige,GB,simple,بريستيج طقم سكاكين ٦ قطع,Prestige Knife Set 6pcs,طقم سكاكين,pcs,قطعة,Piece,count,,,,EG,egypt,0,research,طقم سكاكين مطبخ kitchen cookware,approved,298
BIM-RT-COOK-006,home_furnishings,أثاث ومفروشات,Home & Furnishings,aluminum_cookware,ألمونتال وأدوات مطبخ,Aluminum & Cookware,generic,بدون علامة,Generic,EG,simple,طقم حلل ألومنيوم ٩ قطع,Generic Aluminum Cookware Set 9pcs,طقم حلل,pcs,قطعة,Piece,count,,,,EG,egypt,0,research,طقم حلل مطبخ kitchen cookware,approved,299
BIM-RT-COOK-007,home_furnishings,أثاث ومفروشات,Home & Furnishings,aluminum_cookware,ألمونتال وأدوات مطبخ,Aluminum & Cookware,generic,بدون علامة,Generic,EG,simple,صينية فرن ألومنيوم,Generic Aluminum Baking Tray,صينية فرن,pcs,قطعة,Piece,count,,,,EG,egypt,0,research,صينية فرن مطبخ kitchen cookware,approved,300
BIM-RT-COOK-008,home_furnishings,أثاث ومفروشات,Home & Furnishings,aluminum_cookware,ألمونتال وأدوات مطبخ,Aluminum & Cookware,generic,بدون علامة,Generic,EG,simple,طقم ملاعق استانلس ٢٤ قطعة,Generic Stainless Cutlery Set 24pcs,طقم ملاعق,pcs,قطعة,Piece,count,,,,EG,egypt,0,research,طقم ملاعق مطبخ kitchen cookware,approved,301
BIM-RT-COOK-009,home_furnishings,أثاث ومفروشات,Home & Furnishings,aluminum_cookware,ألمونتال وأدوات مطبخ,Aluminum & Cookware,generic,بدون علامة,Generic,EG,simple,مصفاة مكرونة استانلس,Generic Stainless Pasta Strainer,مصفاة,pcs,قطعة,Piece,count,,,,EG,egypt,0,research,مصفاة مطبخ kitchen cookware,approved,302
BIM-RT-CHNA-001,home_furnishings,أثاث ومفروشات,Home & Furnishings,china_housewares,صيني وخزف ومستلزمات بيت,China & Housewares,luminarc,لومينارك,Luminarc,FR,simple,لومينارك طقم صيني ١٨ قطعة,Luminarc Dinner Set 18pcs,طقم صيني,pcs,قطعة,Piece,count,,,,EG,egypt,0,research,طقم صيني صيني خزف china porcelain,approved,303
BIM-RT-CHNA-002,home_furnishings,أثاث ومفروشات,Home & Furnishings,china_housewares,صيني وخزف ومستلزمات بيت,China & Housewares,luminarc,لومينارك,Luminarc,FR,simple,لومينارك طقم أطباق تقديم ٦ قطع,Luminarc Serving Plates 6pcs,أطباق تقديم,pcs,قطعة,Piece,count,,,,EG,egypt,0,research,أطباق تقديم صيني خزف china porcelain,approved,304
BIM-RT-CHNA-003,home_furnishings,أثاث ومفروشات,Home & Furnishings,china_housewares,صيني وخزف ومستلزمات بيت,China & Housewares,pasabahce,باشباتشي,Pasabahce,TR,simple,باشباتشي طقم فناجين قهوة ٦ قطع,Pasabahce Coffee Cups Set 6pcs,فناجين قهوة,pcs,قطعة,Piece,count,,,,EG,egypt,0,research,فناجين قهوة صيني خزف china porcelain,approved,305
BIM-RT-CHNA-004,home_furnishings,أثاث ومفروشات,Home & Furnishings,china_housewares,صيني وخزف ومستلزمات بيت,China & Housewares,generic,بدون علامة,Generic,EG,simple,طقم صيني بورسلين ٤٠ قطعة,Generic Porcelain Dinner Set 40pcs,طقم صيني,pcs,قطعة,Piece,count,,,,EG,egypt,0,research,طقم صيني صيني خزف china porcelain,approved,306
BIM-RT-CHNA-005,home_furnishings,أثاث ومفروشات,Home & Furnishings,china_housewares,صيني وخزف ومستلزمات بيت,China & Housewares,generic,بدون علامة,Generic,EG,simple,طقم شاي خزف ١٢ قطعة,Generic Ceramic Tea Set 12pcs,طقم شاي,pcs,قطعة,Piece,count,,,,EG,egypt,0,research,طقم شاي صيني خزف china porcelain,approved,307
BIM-RT-CHNA-006,home_furnishings,أثاث ومفروشات,Home & Furnishings,china_housewares,صيني وخزف ومستلزمات بيت,China & Housewares,generic,بدون علامة,Generic,EG,simple,سلطانية خزف كبيرة,Generic Large Ceramic Bowl,سلطانية خزف,pcs,قطعة,Piece,count,,,,EG,egypt,0,research,سلطانية خزف صيني خزف china porcelain,approved,308
BIM-RT-GLAS-001,home_furnishings,أثاث ومفروشات,Home & Furnishings,glassware,زجاج,Glassware,luminarc,لومينارك,Luminarc,FR,simple,لومينارك طقم أكواب زجاج ٦ قطع,Luminarc Glass Tumblers 6pcs,أكواب زجاج,pcs,قطعة,Piece,count,,,,EG,egypt,0,research,أكواب زجاج زجاج glass,approved,309
BIM-RT-GLAS-002,home_furnishings,أثاث ومفروشات,Home & Furnishings,glassware,زجاج,Glassware,pasabahce,باشباتشي,Pasabahce,TR,simple,باشباتشي طقم كاسات شاي ٦ قطع,Pasabahce Tea Glasses 6pcs,كاسات شاي,pcs,قطعة,Piece,count,,,,EG,egypt,0,research,كاسات شاي زجاج glass,approved,310
BIM-RT-GLAS-003,home_furnishings,أثاث ومفروشات,Home & Furnishings,glassware,زجاج,Glassware,pasabahce,باشباتشي,Pasabahce,TR,simple,باشباتشي إبريق عصير زجاج ١.٥ لتر,Pasabahce Glass Juice Jug 1.5L,إبريق زجاج,pcs,قطعة,Piece,count,,,,EG,egypt,0,research,إبريق زجاج زجاج glass,approved,311
BIM-RT-GLAS-004,home_furnishings,أثاث ومفروشات,Home & Furnishings,glassware,زجاج,Glassware,generic,بدون علامة,Generic,EG,simple,زجاج سيكوريت ٦ مم متر مربع,Generic Tempered Glass 6mm per m2,زجاج سيكوريت,pcs,قطعة,Piece,count,,,,EG,egypt,0,research,زجاج سيكوريت زجاج glass,approved,312
BIM-RT-GLAS-005,home_furnishings,أثاث ومفروشات,Home & Furnishings,glassware,زجاج,Glassware,generic,بدون علامة,Generic,EG,simple,مرايا حائط ٦٠×٩٠,Generic Wall Mirror 60x90,مرايا حائط,pcs,قطعة,Piece,count,,,,EG,egypt,0,research,مرايا حائط زجاج glass,approved,313
BIM-RT-HTEX-001,home_furnishings,أثاث ومفروشات,Home & Furnishings,home_textiles,مفروشات,Home Textiles,generic,بدون علامة,Generic,EG,simple,طقم ملاءات سرير مزدوج ٤ قطع,Double Bed Sheet Set 4pcs,طقم ملاءات,pcs,قطعة,Piece,count,,١٨٠×٢٠٠,,EG,egypt,0,research,طقم ملاءات مفروشات bedding,approved,314
BIM-RT-HTEX-002,home_furnishings,أثاث ومفروشات,Home & Furnishings,home_textiles,مفروشات,Home Textiles,generic,بدون علامة,Generic,EG,simple,طقم ملاءات سرير فردي ٣ قطع,Single Bed Sheet Set 3pcs,طقم ملاءات,pcs,قطعة,Piece,count,,٩٠×٢٠٠,,EG,egypt,0,research,طقم ملاءات مفروشات bedding,approved,315
BIM-RT-HTEX-003,home_furnishings,أثاث ومفروشات,Home & Furnishings,home_textiles,مفروشات,Home Textiles,generic,بدون علامة,Generic,EG,simple,لحاف قطن مزدوج,Double Cotton Duvet,لحاف,pcs,قطعة,Piece,count,,٢٠٠×٢٤٠,,EG,egypt,0,research,لحاف مفروشات bedding,approved,316
BIM-RT-HTEX-004,home_furnishings,أثاث ومفروشات,Home & Furnishings,home_textiles,مفروشات,Home Textiles,generic,بدون علامة,Generic,EG,simple,بطانية صوف مزدوجة,Double Wool Blanket,بطانية,pcs,قطعة,Piece,count,,٢٠٠×٢٤٠,,EG,egypt,0,research,بطانية مفروشات bedding,approved,317
BIM-RT-HTEX-005,home_furnishings,أثاث ومفروشات,Home & Furnishings,home_textiles,مفروشات,Home Textiles,generic,بدون علامة,Generic,EG,simple,مخدة فيبر,Fiber Pillow,مخدة,pcs,قطعة,Piece,count,,,,EG,egypt,0,research,مخدة مفروشات bedding,approved,318
BIM-RT-HTEX-006,home_furnishings,أثاث ومفروشات,Home & Furnishings,home_textiles,مفروشات,Home Textiles,generic,بدون علامة,Generic,EG,simple,مفرش سرير مبطن,Quilted Bedspread,مفرش سرير,pcs,قطعة,Piece,count,,,,EG,egypt,0,research,مفرش سرير مفروشات bedding,approved,319
BIM-RT-TOYS-001,hobbies_general,هوايات ومتنوعات,Hobbies & General,kids_toys,لعب أطفال,Kids' Toys,lego,ليجو,Lego,DK,simple,ليجو مكعبات كلاسيك علبة,Lego Classic Bricks Box,مكعبات ليجو,pcs,قطعة,Piece,count,,,,EG,egypt,0,research,مكعبات ليجو لعب اطفال toys,approved,320
BIM-RT-TOYS-002,hobbies_general,هوايات ومتنوعات,Hobbies & General,kids_toys,لعب أطفال,Kids' Toys,lego,ليجو,Lego,DK,simple,ليجو سيتي مركز الاطفاء,Lego City Fire Station,ليجو سيتي,pcs,قطعة,Piece,count,,,,EG,egypt,0,research,ليجو سيتي لعب اطفال toys,approved,321
BIM-RT-TOYS-003,hobbies_general,هوايات ومتنوعات,Hobbies & General,kids_toys,لعب أطفال,Kids' Toys,hot_wheels,هوت ويلز,Hot Wheels,US,simple,هوت ويلز عربية معدن قطعة,Hot Wheels Die-cast Car,عربية هوت ويلز,pcs,قطعة,Piece,count,,,,EG,egypt,0,research,عربية هوت ويلز لعب اطفال toys,approved,322
BIM-RT-TOYS-004,hobbies_general,هوايات ومتنوعات,Hobbies & General,kids_toys,لعب أطفال,Kids' Toys,hot_wheels,هوت ويلز,Hot Wheels,US,simple,هوت ويلز مضمار سباق,Hot Wheels Track Set,مضمار سباق,pcs,قطعة,Piece,count,,,,EG,egypt,0,research,مضمار سباق لعب اطفال toys,approved,323
BIM-RT-TOYS-005,hobbies_general,هوايات ومتنوعات,Hobbies & General,kids_toys,لعب أطفال,Kids' Toys,barbie,باربي,Barbie,US,simple,باربي عروسة باربي كلاسيك,Barbie Classic Doll,عروسة باربي,pcs,قطعة,Piece,count,,,,EG,egypt,0,research,عروسة باربي لعب اطفال toys,approved,324
BIM-RT-TOYS-006,hobbies_general,هوايات ومتنوعات,Hobbies & General,kids_toys,لعب أطفال,Kids' Toys,fisher_price,فيشر برايس,Fisher-Price,US,simple,فيشر برايس لعبة تعليمية للرضع,Fisher-Price Infant Learning Toy,لعبة تعليمية,pcs,قطعة,Piece,count,,,,EG,egypt,0,research,لعبة تعليمية لعب اطفال toys,approved,325
BIM-RT-TOYS-007,hobbies_general,هوايات ومتنوعات,Hobbies & General,kids_toys,لعب أطفال,Kids' Toys,play_doh,بلاي دوه,Play-Doh,US,simple,بلاي دوه صلصال علبة ٤ ألوان,Play-Doh Modeling Clay 4 Colors,صلصال,pcs,قطعة,Piece,count,,,,EG,egypt,0,research,صلصال لعب اطفال toys,approved,326
BIM-RT-TOYS-008,hobbies_general,هوايات ومتنوعات,Hobbies & General,kids_toys,لعب أطفال,Kids' Toys,generic,بدون علامة,Generic,EG,simple,بازل ١٠٠٠ قطعة,Generic Puzzle 1000pcs,بازل,pcs,قطعة,Piece,count,,,,EG,egypt,0,research,بازل لعب اطفال toys,approved,327
BIM-RT-TOYS-009,hobbies_general,هوايات ومتنوعات,Hobbies & General,kids_toys,لعب أطفال,Kids' Toys,generic,بدون علامة,Generic,EG,simple,دراجة أطفال ١٦ بوصة,Generic Kids' Bicycle 16 inch,دراجة أطفال,pcs,قطعة,Piece,count,,,,EG,egypt,0,research,دراجة أطفال لعب اطفال toys,approved,328
BIM-RT-TOYS-010,hobbies_general,هوايات ومتنوعات,Hobbies & General,kids_toys,لعب أطفال,Kids' Toys,generic,بدون علامة,Generic,EG,simple,عربية أطفال كهربائية,Generic Kids' Electric Ride-on Car,عربية كهربائية,pcs,قطعة,Piece,count,,,,EG,egypt,0,research,عربية كهربائية لعب اطفال toys,approved,329
BIM-RT-TOYS-011,hobbies_general,هوايات ومتنوعات,Hobbies & General,kids_toys,لعب أطفال,Kids' Toys,generic,بدون علامة,Generic,EG,simple,كرة قدم مقاس ٥,Generic Football Size 5,كرة قدم,pcs,قطعة,Piece,count,,,,EG,egypt,0,research,كرة قدم لعب اطفال toys,approved,330
BIM-RT-STAT-001,hobbies_general,هوايات ومتنوعات,Hobbies & General,stationery,أدوات مكتبية,Stationery,bic,بيك,Bic,FR,simple,بيك قلم جاف أزرق علبة ٥٠,Bic Ballpoint Pen Blue 50pcs,قلم جاف,pcs,قطعة,Piece,count,,,,EG,egypt,0,research,قلم جاف ادوات مكتبية stationery,approved,331
BIM-RT-STAT-002,hobbies_general,هوايات ومتنوعات,Hobbies & General,stationery,أدوات مكتبية,Stationery,bic,بيك,Bic,FR,simple,بيك قلم رصاص علبة ١٢,Bic Pencil 12pcs,قلم رصاص,pcs,قطعة,Piece,count,,,,EG,egypt,0,research,قلم رصاص ادوات مكتبية stationery,approved,332
BIM-RT-STAT-003,hobbies_general,هوايات ومتنوعات,Hobbies & General,stationery,أدوات مكتبية,Stationery,faber_castell,فابر كاستل,Faber-Castell,DE,simple,فابر كاستل ألوان خشبية ٢٤ لون,Faber-Castell Colored Pencils 24,ألوان خشبية,pcs,قطعة,Piece,count,,,,EG,egypt,0,research,ألوان خشبية ادوات مكتبية stationery,approved,333
BIM-RT-STAT-004,hobbies_general,هوايات ومتنوعات,Hobbies & General,stationery,أدوات مكتبية,Stationery,faber_castell,فابر كاستل,Faber-Castell,DE,simple,فابر كاستل أستيكة بيضاء,Faber-Castell White Eraser,أستيكة,pcs,قطعة,Piece,count,,,,EG,egypt,0,research,أستيكة ادوات مكتبية stationery,approved,334
BIM-RT-STAT-005,hobbies_general,هوايات ومتنوعات,Hobbies & General,stationery,أدوات مكتبية,Stationery,pilot_pen,بايلوت,Pilot,JP,simple,بايلوت قلم سائل أسود,Pilot Liquid Ink Pen Black,قلم سائل,pcs,قطعة,Piece,count,,,,EG,egypt,0,research,قلم سائل ادوات مكتبية stationery,approved,335
BIM-RT-STAT-006,hobbies_general,هوايات ومتنوعات,Hobbies & General,stationery,أدوات مكتبية,Stationery,roco,روكو,Roco,EG,simple,روكو كشكول ١٠٠ ورقة,Roco Notebook 100 Sheets,كشكول,pcs,قطعة,Piece,count,,,,EG,egypt,0,research,كشكول ادوات مكتبية stationery,approved,336
BIM-RT-STAT-007,hobbies_general,هوايات ومتنوعات,Hobbies & General,stationery,أدوات مكتبية,Stationery,roco,روكو,Roco,EG,simple,روكو دوسيه بلاستيك A٤,Roco A4 Plastic File,دوسيه,pcs,قطعة,Piece,count,,,,EG,egypt,0,research,دوسيه ادوات مكتبية stationery,approved,337
BIM-RT-STAT-008,hobbies_general,هوايات ومتنوعات,Hobbies & General,stationery,أدوات مكتبية,Stationery,doms,دومز,Doms,IN,simple,دومز ألوان فلوماستر ١٢ لون,Doms Felt Markers 12,فلوماستر,pcs,قطعة,Piece,count,,,,EG,egypt,0,research,فلوماستر ادوات مكتبية stationery,approved,338
BIM-RT-STAT-009,hobbies_general,هوايات ومتنوعات,Hobbies & General,stationery,أدوات مكتبية,Stationery,deli,ديلي,Deli,CN,simple,ديلي دباسة مكتبية,Deli Office Stapler,دباسة,pcs,قطعة,Piece,count,,,,EG,egypt,0,research,دباسة ادوات مكتبية stationery,approved,339
BIM-RT-STAT-010,hobbies_general,هوايات ومتنوعات,Hobbies & General,stationery,أدوات مكتبية,Stationery,deli,ديلي,Deli,CN,simple,ديلي مقص مكتبي,Deli Office Scissors,مقص,pcs,قطعة,Piece,count,,,,EG,egypt,0,research,مقص ادوات مكتبية stationery,approved,340
BIM-RT-STAT-011,hobbies_general,هوايات ومتنوعات,Hobbies & General,stationery,أدوات مكتبية,Stationery,generic,بدون علامة,Generic,EG,simple,ورق طباعة A٤ رزمة ٥٠٠ ورقة,Generic A4 Printing Paper 500 Sheets,ورق طباعة,pcs,قطعة,Piece,count,,,,EG,egypt,0,research,ورق طباعة ادوات مكتبية stationery,approved,341
BIM-RT-STAT-012,hobbies_general,هوايات ومتنوعات,Hobbies & General,stationery,أدوات مكتبية,Stationery,generic,بدون علامة,Generic,EG,simple,حقيبة مدرسية,Generic School Backpack,حقيبة مدرسية,pcs,قطعة,Piece,count,,,,EG,egypt,0,research,حقيبة مدرسية ادوات مكتبية stationery,approved,342
BIM-RT-TOBA-001,hobbies_general,هوايات ومتنوعات,Hobbies & General,tobacco_products,مشتقات تدخين,Tobacco Products,cleopatra,كليوباترا,Cleopatra,EG,simple,كليوباترا سجائر كليوباترا علبة,Cleopatra Cleopatra Cigarettes Pack,سجائر,pcs,قطعة,Piece,count,,,,EG,egypt,0,research,سجائر تدخين شيشة tobacco,approved,343
BIM-RT-TOBA-002,hobbies_general,هوايات ومتنوعات,Hobbies & General,tobacco_products,مشتقات تدخين,Tobacco Products,eastern_company,الشرقية للدخان,Eastern Company,EG,simple,الشرقية للدخان سجائر بولو علبة,Eastern Company Boluo Cigarettes Pack,سجائر,pcs,قطعة,Piece,count,,,,EG,egypt,0,research,سجائر تدخين شيشة tobacco,approved,344
BIM-RT-TOBA-003,hobbies_general,هوايات ومتنوعات,Hobbies & General,tobacco_products,مشتقات تدخين,Tobacco Products,generic,بدون علامة,Generic,EG,simple,معسل تفاحتين ٢٥٠ جم,Generic Double Apple Molasses 250g,معسل,pcs,قطعة,Piece,count,,,,EG,egypt,0,research,معسل تدخين شيشة tobacco,approved,345
BIM-RT-TOBA-004,hobbies_general,هوايات ومتنوعات,Hobbies & General,tobacco_products,مشتقات تدخين,Tobacco Products,generic,بدون علامة,Generic,EG,simple,معسل عنب ٢٥٠ جم,Generic Grape Molasses 250g,معسل,pcs,قطعة,Piece,count,,,,EG,egypt,0,research,معسل تدخين شيشة tobacco,approved,346
BIM-RT-TOBA-005,hobbies_general,هوايات ومتنوعات,Hobbies & General,tobacco_products,مشتقات تدخين,Tobacco Products,generic,بدون علامة,Generic,EG,simple,فحم شيشة طبيعي كيلو,Generic Natural Shisha Charcoal 1kg,فحم شيشة,pcs,قطعة,Piece,count,,,,EG,egypt,0,research,فحم شيشة تدخين شيشة tobacco,approved,347
BIM-RT-TOBA-006,hobbies_general,هوايات ومتنوعات,Hobbies & General,tobacco_products,مشتقات تدخين,Tobacco Products,generic,بدون علامة,Generic,EG,simple,شيشة كاملة,Generic Complete Shisha,شيشة,pcs,قطعة,Piece,count,,,,EG,egypt,0,research,شيشة تدخين شيشة tobacco,approved,348
BIM-RT-TOBA-007,hobbies_general,هوايات ومتنوعات,Hobbies & General,tobacco_products,مشتقات تدخين,Tobacco Products,generic,بدون علامة,Generic,EG,simple,خرطوم شيشة سيليكون,Generic Silicone Shisha Hose,خرطوم شيشة,pcs,قطعة,Piece,count,,,,EG,egypt,0,research,خرطوم شيشة تدخين شيشة tobacco,approved,349
BIM-RT-TOBA-008,hobbies_general,هوايات ومتنوعات,Hobbies & General,tobacco_products,مشتقات تدخين,Tobacco Products,generic,بدون علامة,Generic,EG,simple,ولاعة غاز,Generic Gas Lighter,ولاعة,pcs,قطعة,Piece,count,,,,EG,egypt,0,research,ولاعة تدخين شيشة tobacco,approved,350
BIM-RT-HORE-001,hobbies_general,هوايات ومتنوعات,Hobbies & General,horeca_supplies,مستلزمات مطاعم وكافيهات,Restaurant & Cafe Supplies,generic,بدون علامة,Generic,EG,simple,ماكينة اسبريسو احترافية,Professional Espresso Machine,ماكينة اسبريسو,pcs,قطعة,Piece,count,,,,EG,egypt,0,research,ماكينة اسبريسو مطاعم كافيهات horeca,approved,351
BIM-RT-HORE-002,hobbies_general,هوايات ومتنوعات,Hobbies & General,horeca_supplies,مستلزمات مطاعم وكافيهات,Restaurant & Cafe Supplies,generic,بدون علامة,Generic,EG,simple,مطحنة بن كهربائية,Electric Coffee Grinder,مطحنة بن,pcs,قطعة,Piece,count,,,,EG,egypt,0,research,مطحنة بن مطاعم كافيهات horeca,approved,352
BIM-RT-HORE-003,hobbies_general,هوايات ومتنوعات,Hobbies & General,horeca_supplies,مستلزمات مطاعم وكافيهات,Restaurant & Cafe Supplies,generic,بدون علامة,Generic,EG,simple,ثلاجة عرض مشروبات,Beverage Display Cooler,ثلاجة عرض,pcs,قطعة,Piece,count,,,,EG,egypt,0,research,ثلاجة عرض مطاعم كافيهات horeca,approved,353
BIM-RT-HORE-004,hobbies_general,هوايات ومتنوعات,Hobbies & General,horeca_supplies,مستلزمات مطاعم وكافيهات,Restaurant & Cafe Supplies,generic,بدون علامة,Generic,EG,simple,فرن بيتزا كهربائي,Electric Pizza Oven,فرن بيتزا,pcs,قطعة,Piece,count,,,,EG,egypt,0,research,فرن بيتزا مطاعم كافيهات horeca,approved,354
BIM-RT-HORE-005,hobbies_general,هوايات ومتنوعات,Hobbies & General,horeca_supplies,مستلزمات مطاعم وكافيهات,Restaurant & Cafe Supplies,generic,بدون علامة,Generic,EG,simple,قلاية عميقة كهربائية,Electric Deep Fryer,قلاية عميقة,pcs,قطعة,Piece,count,,,,EG,egypt,0,research,قلاية عميقة مطاعم كافيهات horeca,approved,355
BIM-RT-HORE-006,hobbies_general,هوايات ومتنوعات,Hobbies & General,horeca_supplies,مستلزمات مطاعم وكافيهات,Restaurant & Cafe Supplies,generic,بدون علامة,Generic,EG,simple,شواية فحم استانلس,Stainless Charcoal Grill,شواية,pcs,قطعة,Piece,count,,,,EG,egypt,0,research,شواية مطاعم كافيهات horeca,approved,356
BIM-RT-HORE-007,hobbies_general,هوايات ومتنوعات,Hobbies & General,horeca_supplies,مستلزمات مطاعم وكافيهات,Restaurant & Cafe Supplies,generic,بدون علامة,Generic,EG,simple,طاولة تحضير استانلس,Stainless Prep Table,طاولة تحضير,pcs,قطعة,Piece,count,,,,EG,egypt,0,research,طاولة تحضير مطاعم كافيهات horeca,approved,357
BIM-RT-HORE-008,hobbies_general,هوايات ومتنوعات,Hobbies & General,horeca_supplies,مستلزمات مطاعم وكافيهات,Restaurant & Cafe Supplies,generic,بدون علامة,Generic,EG,simple,أكواب ورقية للقهوة ٥٠ قطعة,Paper Coffee Cups 50pcs,أكواب ورقية,pcs,قطعة,Piece,count,,,,EG,egypt,0,research,أكواب ورقية مطاعم كافيهات horeca,approved,358
BIM-RT-FISH-001,hobbies_general,هوايات ومتنوعات,Hobbies & General,fishing_hunting,أدوات صيد,Fishing & Hunting Gear,generic,بدون علامة,Generic,EG,simple,سنارة صيد تليسكوبية ٣.٦ متر,Telescopic Fishing Rod 3.6m,سنارة صيد,pcs,قطعة,Piece,count,,,,EG,egypt,0,research,سنارة صيد صيد fishing,approved,359
BIM-RT-FISH-002,hobbies_general,هوايات ومتنوعات,Hobbies & General,fishing_hunting,أدوات صيد,Fishing & Hunting Gear,generic,بدون علامة,Generic,EG,simple,بكرة صيد دوارة,Spinning Fishing Reel,بكرة صيد,pcs,قطعة,Piece,count,,,,EG,egypt,0,research,بكرة صيد صيد fishing,approved,360
BIM-RT-FISH-003,hobbies_general,هوايات ومتنوعات,Hobbies & General,fishing_hunting,أدوات صيد,Fishing & Hunting Gear,generic,بدون علامة,Generic,EG,simple,خيط صيد نايلون بكرة,Nylon Fishing Line Spool,خيط صيد,pcs,قطعة,Piece,count,,,,EG,egypt,0,research,خيط صيد صيد fishing,approved,361
BIM-RT-FISH-004,hobbies_general,هوايات ومتنوعات,Hobbies & General,fishing_hunting,أدوات صيد,Fishing & Hunting Gear,generic,بدون علامة,Generic,EG,simple,طعم صناعي طقم,Artificial Lures Set,طعم صناعي,pcs,قطعة,Piece,count,,,,EG,egypt,0,research,طعم صناعي صيد fishing,approved,362
BIM-RT-FISH-005,hobbies_general,هوايات ومتنوعات,Hobbies & General,fishing_hunting,أدوات صيد,Fishing & Hunting Gear,generic,بدون علامة,Generic,EG,simple,شبكة صيد يدوية,Hand Fishing Net,شبكة صيد,pcs,قطعة,Piece,count,,,,EG,egypt,0,research,شبكة صيد صيد fishing,approved,363
BIM-RT-FISH-006,hobbies_general,هوايات ومتنوعات,Hobbies & General,fishing_hunting,أدوات صيد,Fishing & Hunting Gear,generic,بدون علامة,Generic,EG,simple,شنطة عدة صيد,Fishing Tackle Box,شنطة صيد,pcs,قطعة,Piece,count,,,,EG,egypt,0,research,شنطة صيد صيد fishing,approved,364
BIM-RT-PLNT-001,hobbies_general,هوايات ومتنوعات,Hobbies & General,plants_garden,نباتات زينة,Plants & Garden,generic,بدون علامة,Generic,EG,simple,نبات صبار زينة,Ornamental Cactus Plant,صبار زينة,pcs,قطعة,Piece,count,,,,EG,egypt,0,research,صبار زينة نباتات زينة plants,approved,365
BIM-RT-PLNT-002,hobbies_general,هوايات ومتنوعات,Hobbies & General,plants_garden,نباتات زينة,Plants & Garden,generic,بدون علامة,Generic,EG,simple,نبات بوتس,Pothos Plant,بوتس,pcs,قطعة,Piece,count,,,,EG,egypt,0,research,بوتس نباتات زينة plants,approved,366
BIM-RT-PLNT-003,hobbies_general,هوايات ومتنوعات,Hobbies & General,plants_garden,نباتات زينة,Plants & Garden,generic,بدون علامة,Generic,EG,simple,نبات صناعي زينة,Artificial Decorative Plant,نبات صناعي,pcs,قطعة,Piece,count,,,,EG,egypt,0,research,نبات صناعي نباتات زينة plants,approved,367
BIM-RT-PLNT-004,hobbies_general,هوايات ومتنوعات,Hobbies & General,plants_garden,نباتات زينة,Plants & Garden,generic,بدون علامة,Generic,EG,simple,أصيص فخار مقاس وسط,Medium Clay Pot,أصيص فخار,pcs,قطعة,Piece,count,,,,EG,egypt,0,research,أصيص فخار نباتات زينة plants,approved,368
BIM-RT-PLNT-005,hobbies_general,هوايات ومتنوعات,Hobbies & General,plants_garden,نباتات زينة,Plants & Garden,generic,بدون علامة,Generic,EG,simple,تربة زراعية ٥ كجم,Potting Soil 5kg,تربة زراعية,pcs,قطعة,Piece,count,,,,EG,egypt,0,research,تربة زراعية نباتات زينة plants,approved,369
BIM-RT-PLNT-006,hobbies_general,هوايات ومتنوعات,Hobbies & General,plants_garden,نباتات زينة,Plants & Garden,generic,بدون علامة,Generic,EG,simple,سماد نباتات منزلية,Houseplant Fertilizer,سماد نباتات,pcs,قطعة,Piece,count,,,,EG,egypt,0,research,سماد نباتات نباتات زينة plants,approved,370
BIM-RT-GOLD-001,jewelry,مجوهرات,Jewelry,gold_jewelry,ذهب,Gold,generic,بدون علامة,Generic,EG,simple,خاتم ذهب عيار ٢١,Gold Ring 21K,خاتم ذهب,g,جم,Gram,weight,,بالجرام,,EG,egypt,0,research,خاتم ذهب ذهب gold,approved,371
BIM-RT-GOLD-002,jewelry,مجوهرات,Jewelry,gold_jewelry,ذهب,Gold,generic,بدون علامة,Generic,EG,simple,خاتم ذهب عيار ١٨,Gold Ring 18K,خاتم ذهب,g,جم,Gram,weight,,بالجرام,,EG,egypt,0,research,خاتم ذهب ذهب gold,approved,372
BIM-RT-GOLD-003,jewelry,مجوهرات,Jewelry,gold_jewelry,ذهب,Gold,generic,بدون علامة,Generic,EG,simple,غويشة ذهب عيار ٢١,Gold Bangle 21K,غويشة ذهب,g,جم,Gram,weight,,بالجرام,,EG,egypt,0,research,غويشة ذهب ذهب gold,approved,373
BIM-RT-GOLD-004,jewelry,مجوهرات,Jewelry,gold_jewelry,ذهب,Gold,generic,بدون علامة,Generic,EG,simple,سلسلة ذهب عيار ١٨,Gold Chain 18K,سلسلة ذهب,g,جم,Gram,weight,,بالجرام,,EG,egypt,0,research,سلسلة ذهب ذهب gold,approved,374
BIM-RT-GOLD-005,jewelry,مجوهرات,Jewelry,gold_jewelry,ذهب,Gold,generic,بدون علامة,Generic,EG,simple,حلق ذهب عيار ٢١,Gold Earrings 21K,حلق ذهب,g,جم,Gram,weight,,بالجرام,,EG,egypt,0,research,حلق ذهب ذهب gold,approved,375
BIM-RT-GOLD-006,jewelry,مجوهرات,Jewelry,gold_jewelry,ذهب,Gold,generic,بدون علامة,Generic,EG,simple,سبيكة ذهب عيار ٢٤ وزن ١٠ جم,Gold Bullion 24K 10g,سبيكة ذهب,g,جم,Gram,weight,,بالجرام,,EG,egypt,0,research,سبيكة ذهب ذهب gold,approved,376
BIM-RT-GOLD-007,jewelry,مجوهرات,Jewelry,gold_jewelry,ذهب,Gold,generic,بدون علامة,Generic,EG,simple,دبلة ذهب عيار ٢١,Gold Wedding Band 21K,دبلة ذهب,g,جم,Gram,weight,,بالجرام,,EG,egypt,0,research,دبلة ذهب ذهب gold,approved,377
BIM-RT-SILV-001,jewelry,مجوهرات,Jewelry,silver_jewelry,فضة,Silver,generic,بدون علامة,Generic,EG,simple,خاتم فضة عيار ٩٢٥,Silver Ring 925,خاتم فضة,g,جم,Gram,weight,,بالجرام,,EG,egypt,0,research,خاتم فضة فضة silver,approved,378
BIM-RT-SILV-002,jewelry,مجوهرات,Jewelry,silver_jewelry,فضة,Silver,generic,بدون علامة,Generic,EG,simple,سلسلة فضة عيار ٩٢٥,Silver Chain 925,سلسلة فضة,g,جم,Gram,weight,,بالجرام,,EG,egypt,0,research,سلسلة فضة فضة silver,approved,379
BIM-RT-SILV-003,jewelry,مجوهرات,Jewelry,silver_jewelry,فضة,Silver,generic,بدون علامة,Generic,EG,simple,اسورة فضة عيار ٩٢٥,Silver Bracelet 925,اسورة فضة,g,جم,Gram,weight,,بالجرام,,EG,egypt,0,research,اسورة فضة فضة silver,approved,380
BIM-RT-SILV-004,jewelry,مجوهرات,Jewelry,silver_jewelry,فضة,Silver,generic,بدون علامة,Generic,EG,simple,حلق فضة عيار ٩٢٥,Silver Earrings 925,حلق فضة,g,جم,Gram,weight,,بالجرام,,EG,egypt,0,research,حلق فضة فضة silver,approved,381
BIM-RT-SILV-005,jewelry,مجوهرات,Jewelry,silver_jewelry,فضة,Silver,generic,بدون علامة,Generic,EG,simple,طقم فضة عيار ٩٢٥,Silver Set 925,طقم فضة,g,جم,Gram,weight,,بالجرام,,EG,egypt,0,research,طقم فضة فضة silver,approved,382
BIM-RT-EYEW-001,fashion_textiles,ملابس وأقمشة,Fashion & Textiles,eyewear,نظارات,Eyewear,ray_ban,راي بان,Ray-Ban,IT,simple,راي بان نظارة شمس افياتور,Ray-Ban Aviator Sunglasses,نظارة شمس,pcs,قطعة,Piece,count,,,,EG,egypt,0,research,نظارة شمس نظارات eyewear glasses,approved,383
BIM-RT-EYEW-002,fashion_textiles,ملابس وأقمشة,Fashion & Textiles,eyewear,نظارات,Eyewear,ray_ban,راي بان,Ray-Ban,IT,simple,راي بان نظارة شمس ويفارير,Ray-Ban Wayfarer Sunglasses,نظارة شمس,pcs,قطعة,Piece,count,,,,EG,egypt,0,research,نظارة شمس نظارات eyewear glasses,approved,384
BIM-RT-EYEW-003,fashion_textiles,ملابس وأقمشة,Fashion & Textiles,eyewear,نظارات,Eyewear,oakley,اوكلي,Oakley,US,simple,اوكلي نظارة شمس رياضية,Oakley Sport Sunglasses,نظارة شمس,pcs,قطعة,Piece,count,,,,EG,egypt,0,research,نظارة شمس نظارات eyewear glasses,approved,385
BIM-RT-EYEW-004,fashion_textiles,ملابس وأقمشة,Fashion & Textiles,eyewear,نظارات,Eyewear,generic,بدون علامة,Generic,EG,simple,نظارة طبية اطار معدن,Generic Metal Frame Eyeglasses,نظارة طبية,pcs,قطعة,Piece,count,,,,EG,egypt,0,research,نظارة طبية نظارات eyewear glasses,approved,386
BIM-RT-EYEW-005,fashion_textiles,ملابس وأقمشة,Fashion & Textiles,eyewear,نظارات,Eyewear,generic,بدون علامة,Generic,EG,simple,نظارة طبية اطار بلاستيك,Generic Plastic Frame Eyeglasses,نظارة طبية,pcs,قطعة,Piece,count,,,,EG,egypt,0,research,نظارة طبية نظارات eyewear glasses,approved,387
BIM-RT-EYEW-006,fashion_textiles,ملابس وأقمشة,Fashion & Textiles,eyewear,نظارات,Eyewear,generic,بدون علامة,Generic,EG,simple,عدسات لاصقة شهرية,Generic Monthly Contact Lenses,عدسات لاصقة,pcs,قطعة,Piece,count,,,,EG,egypt,0,research,عدسات لاصقة نظارات eyewear glasses,approved,388
BIM-RT-EYEW-007,fashion_textiles,ملابس وأقمشة,Fashion & Textiles,eyewear,نظارات,Eyewear,generic,بدون علامة,Generic,EG,simple,نظارة قراءة,Generic Reading Glasses,نظارة قراءة,pcs,قطعة,Piece,count,,,,EG,egypt,0,research,نظارة قراءة نظارات eyewear glasses,approved,389
BIM-RT-CLTH-001,fashion_textiles,ملابس وأقمشة,Fashion & Textiles,ready_made_clothes,ملابس جاهزة,Ready-made Clothes,defacto,ديفاكتو,DeFacto,TR,simple,ديفاكتو تيشيرت رجالي قطن,DeFacto Men's Cotton T-Shirt,تيشيرت رجالي,pcs,قطعة,Piece,count,,,,EG,egypt,0,research,تيشيرت رجالي ملابس clothes,approved,390
BIM-RT-CLTH-002,fashion_textiles,ملابس وأقمشة,Fashion & Textiles,ready_made_clothes,ملابس جاهزة,Ready-made Clothes,defacto,ديفاكتو,DeFacto,TR,simple,ديفاكتو بنطلون جينز رجالي,DeFacto Men's Jeans,بنطلون جينز,pcs,قطعة,Piece,count,,,,EG,egypt,0,research,بنطلون جينز ملابس clothes,approved,391
BIM-RT-CLTH-003,fashion_textiles,ملابس وأقمشة,Fashion & Textiles,ready_made_clothes,ملابس جاهزة,Ready-made Clothes,lc-waikiki,ال سي وايكيكي,LC Waikiki,TR,simple,ال سي وايكيكي قميص رجالي كلاسيك,LC Waikiki Men's Classic Shirt,قميص رجالي,pcs,قطعة,Piece,count,,,,EG,egypt,0,research,قميص رجالي ملابس clothes,approved,392
BIM-RT-CLTH-004,fashion_textiles,ملابس وأقمشة,Fashion & Textiles,ready_made_clothes,ملابس جاهزة,Ready-made Clothes,lc-waikiki,ال سي وايكيكي,LC Waikiki,TR,simple,ال سي وايكيكي بلوزة حريمي,LC Waikiki Women's Blouse,بلوزة حريمي,pcs,قطعة,Piece,count,,,,EG,egypt,0,research,بلوزة حريمي ملابس clothes,approved,393
BIM-RT-CLTH-005,fashion_textiles,ملابس وأقمشة,Fashion & Textiles,ready_made_clothes,ملابس جاهزة,Ready-made Clothes,generic,بدون علامة,Generic,EG,simple,بدلة رجالي كلاسيك,Generic Men's Classic Suit,بدلة رجالي,pcs,قطعة,Piece,count,,,,EG,egypt,0,research,بدلة رجالي ملابس clothes,approved,394
BIM-RT-CLTH-006,fashion_textiles,ملابس وأقمشة,Fashion & Textiles,ready_made_clothes,ملابس جاهزة,Ready-made Clothes,generic,بدون علامة,Generic,EG,simple,فستان سواريه,Generic Evening Dress,فستان سواريه,pcs,قطعة,Piece,count,,,,EG,egypt,0,research,فستان سواريه ملابس clothes,approved,395
BIM-RT-CLTH-007,fashion_textiles,ملابس وأقمشة,Fashion & Textiles,ready_made_clothes,ملابس جاهزة,Ready-made Clothes,generic,بدون علامة,Generic,EG,simple,طقم بيبي قطن,Generic Baby Cotton Set,طقم بيبي,pcs,قطعة,Piece,count,,,,EG,egypt,0,research,طقم بيبي ملابس clothes,approved,396
BIM-RT-CLTH-008,fashion_textiles,ملابس وأقمشة,Fashion & Textiles,ready_made_clothes,ملابس جاهزة,Ready-made Clothes,generic,بدون علامة,Generic,EG,simple,بيجامة قطن حريمي,Generic Women's Cotton Pyjamas,بيجامة,pcs,قطعة,Piece,count,,,,EG,egypt,0,research,بيجامة ملابس clothes,approved,397
BIM-RT-CLTH-009,fashion_textiles,ملابس وأقمشة,Fashion & Textiles,ready_made_clothes,ملابس جاهزة,Ready-made Clothes,generic,بدون علامة,Generic,EG,simple,جاكيت شتوي رجالي,Generic Men's Winter Jacket,جاكيت شتوي,pcs,قطعة,Piece,count,,,,EG,egypt,0,research,جاكيت شتوي ملابس clothes,approved,398
BIM-RT-CLTH-010,fashion_textiles,ملابس وأقمشة,Fashion & Textiles,ready_made_clothes,ملابس جاهزة,Ready-made Clothes,generic,بدون علامة,Generic,EG,simple,ترنج رياضي رجالي,Generic Men's Tracksuit,ترنج رياضي,pcs,قطعة,Piece,count,,,,EG,egypt,0,research,ترنج رياضي ملابس clothes,approved,399
BIM-RT-LTHR-001,fashion_textiles,ملابس وأقمشة,Fashion & Textiles,leather_bags_shoes,جلود وشنط وأحذية,"Leather, Bags & Shoes",bata,باتا,Bata,CZ,simple,باتا حذاء رجالي كلاسيك جلد,Bata Men's Leather Formal Shoes,حذاء رجالي,pcs,قطعة,Piece,count,,,,EG,egypt,0,research,حذاء رجالي احذية شنط shoes bags,approved,400
BIM-RT-LTHR-002,fashion_textiles,ملابس وأقمشة,Fashion & Textiles,leather_bags_shoes,جلود وشنط وأحذية,"Leather, Bags & Shoes",bata,باتا,Bata,CZ,simple,باتا حذاء حريمي كعب,Bata Women's Heeled Shoes,حذاء حريمي,pcs,قطعة,Piece,count,,,,EG,egypt,0,research,حذاء حريمي احذية شنط shoes bags,approved,401
BIM-RT-LTHR-003,fashion_textiles,ملابس وأقمشة,Fashion & Textiles,leather_bags_shoes,جلود وشنط وأحذية,"Leather, Bags & Shoes",generic,بدون علامة,Generic,EG,simple,كوتشي رياضي رجالي,Generic Men's Sneakers,كوتشي رياضي,pcs,قطعة,Piece,count,,,,EG,egypt,0,research,كوتشي رياضي احذية شنط shoes bags,approved,402
BIM-RT-LTHR-004,fashion_textiles,ملابس وأقمشة,Fashion & Textiles,leather_bags_shoes,جلود وشنط وأحذية,"Leather, Bags & Shoes",generic,بدون علامة,Generic,EG,simple,كوتشي رياضي حريمي,Generic Women's Sneakers,كوتشي رياضي,pcs,قطعة,Piece,count,,,,EG,egypt,0,research,كوتشي رياضي احذية شنط shoes bags,approved,403
BIM-RT-LTHR-005,fashion_textiles,ملابس وأقمشة,Fashion & Textiles,leather_bags_shoes,جلود وشنط وأحذية,"Leather, Bags & Shoes",generic,بدون علامة,Generic,EG,simple,شنطة يد حريمي جلد,Generic Women's Leather Handbag,شنطة يد,pcs,قطعة,Piece,count,,,,EG,egypt,0,research,شنطة يد احذية شنط shoes bags,approved,404
BIM-RT-LTHR-006,fashion_textiles,ملابس وأقمشة,Fashion & Textiles,leather_bags_shoes,جلود وشنط وأحذية,"Leather, Bags & Shoes",generic,بدون علامة,Generic,EG,simple,محفظة رجالي جلد طبيعي,Generic Men's Genuine Leather Wallet,محفظة رجالي,pcs,قطعة,Piece,count,,,,EG,egypt,0,research,محفظة رجالي احذية شنط shoes bags,approved,405
BIM-RT-LTHR-007,fashion_textiles,ملابس وأقمشة,Fashion & Textiles,leather_bags_shoes,جلود وشنط وأحذية,"Leather, Bags & Shoes",generic,بدون علامة,Generic,EG,simple,حزام جلد رجالي,Generic Men's Leather Belt,حزام جلد,pcs,قطعة,Piece,count,,,,EG,egypt,0,research,حزام جلد احذية شنط shoes bags,approved,406
BIM-RT-LTHR-008,fashion_textiles,ملابس وأقمشة,Fashion & Textiles,leather_bags_shoes,جلود وشنط وأحذية,"Leather, Bags & Shoes",generic,بدون علامة,Generic,EG,simple,شنطة سفر تروللي,Generic Trolley Travel Bag,شنطة سفر,pcs,قطعة,Piece,count,,,,EG,egypt,0,research,شنطة سفر احذية شنط shoes bags,approved,407
